plant_id,plant_name,state,generator_count,capacity_dc_mw,capacity_ac_mw,commissioning_year,tilt_deg,azimuth_deg,Latitude,Longitude,actual_annual_mwh,actual_capacity_factor_pct,Netgen January,Netgen February,Netgen March,Netgen April,Netgen May,Netgen June,Netgen July,Netgen August,Netgen September,Netgen October,Netgen November,Netgen December
56813,CSU Fresno Solar Project,CA,2,1.20000000,1.00000000,2007.00000000,16.00000000,180.00000000,36.80984100,-119.74166500,1438.00000000,16.41552511,52.00000000,75.00000000,143.00000000,196.00000000,224.00000000,170.00000000,160.00000000,150.00000000,106.00000000,70.00000000,53.00000000,39.00000000
56877,Hall's Warehouse Solar Project,NJ,1,1.80000000,1.60000000,2009.00000000,5.00000000,192.00000000,40.57370800,-74.39441400,1428.00000000,10.18835616,42.00000000,86.00000000,130.00000000,143.00000000,167.00000000,180.00000000,173.00000000,110.00000000,92.00000000,141.00000000,96.00000000,68.00000000
56883,Pennsauken Solar,NJ,10,5.60000000,3.90000000,2018.00000000,25.00000000,195.00000000,39.98940000,-75.04000000,5493.00000000,16.07832806,178.00000000,471.00000000,503.00000000,489.00000000,483.00000000,648.00000000,625.00000000,580.00000000,433.00000000,521.00000000,311.00000000,251.00000000
56900,Atlantic City Convention Center,NJ,4,2.40000000,2.00000000,2008.00000000,10.00000000,200.00000000,39.36390000,-74.44080000,2075.00000000,11.84360731,102.00000000,177.00000000,192.00000000,239.00000000,291.00000000,378.00000000,339.00000000,315.00000000,42.00000000,0.00000000,0.00000000,0.00000000
56930,Space Coast Next Gen Solar Energy,FL,1,11.50000000,10.00000000,2010.00000000,20.00000000,180.00000000,28.45860000,-80.68110000,8582.00000000,9.79680365,561.00000000,765.00000000,992.00000000,1058.00000000,826.00000000,658.00000000,683.00000000,620.00000000,600.00000000,643.00000000,620.00000000,556.00000000
56944,CM10,NV,1,12.40000000,10.00000000,2008.00000000,25.00000000,180.00000000,35.78810000,-114.99330000,17988.00000000,20.53424658,1121.00000000,1154.00000000,1508.00000000,1773.00000000,1851.00000000,1666.00000000,1611.00000000,1601.00000000,1617.00000000,1562.00000000,1341.00000000,1183.00000000
56993,MF Mesa Lane LLC,PA,1,3.10000000,3.00000000,2008.00000000,30.00000000,180.00000000,40.14830000,-74.77720000,3402.00000000,12.94520548,111.00000000,298.00000000,297.00000000,333.00000000,325.00000000,417.00000000,328.00000000,305.00000000,276.00000000,256.00000000,268.00000000,188.00000000
57008,SunEdison Procter & Gamble Oxnard,CA,1,1.10000000,1.00000000,2009.00000000,20.00000000,180.00000000,34.20890000,-119.13000000,1634.00000000,18.65296804,100.00000000,116.00000000,127.00000000,186.00000000,142.00000000,152.00000000,176.00000000,172.00000000,133.00000000,125.00000000,109.00000000,96.00000000
57011,Chuckawalla Valley State Prison,CA,1,1.20000000,1.00000000,2006.00000000,20.00000000,180.00000000,33.56532900,-114.90362900,1389.00000000,15.85616438,85.00000000,105.00000000,105.00000000,166.00000000,170.00000000,155.00000000,151.00000000,156.00000000,101.00000000,80.00000000,64.00000000,51.00000000
57041,Vaca Dixon Solar Station,CA,1,2.60000000,2.00000000,2009.00000000,30.00000000,180.00000000,38.41060000,-121.92640000,3242.00000000,18.50456621,132.00000000,215.00000000,177.00000000,264.00000000,421.00000000,382.00000000,316.00000000,398.00000000,360.00000000,271.00000000,148.00000000,158.00000000
57081,Calpine Vineland Solar LLC,NJ,2,4.30000000,4.10000000,2009.00000000,25.00000000,181.00000000,39.46360000,-75.06670000,5365.00000000,14.93763225,213.00000000,432.00000000,517.00000000,497.00000000,482.00000000,560.00000000,534.00000000,492.00000000,392.00000000,576.00000000,378.00000000,292.00000000
57197,Blue Wing Solar Energy Generation,TX,1,16.70000000,13.90000000,2010.00000000,20.00000000,205.00000000,29.30417700,-98.40033900,19079.00000000,15.66883480,1222.00000000,1415.00000000,1497.00000000,1601.00000000,1540.00000000,1953.00000000,1813.00000000,2006.00000000,1813.00000000,1744.00000000,1408.00000000,1067.00000000
57202,Jacksonville Solar,FL,1,15.00000000,12.60000000,2010.00000000,20.00000000,180.00000000,30.32074800,-81.95637700,11799.00000000,10.68982387,796.00000000,890.00000000,984.00000000,1162.00000000,1185.00000000,1133.00000000,1025.00000000,1048.00000000,605.00000000,1081.00000000,1010.00000000,880.00000000
57203,Wyandot Solar Farm,OH,1,12.00000000,10.00000000,2010.00000000,25.00000000,180.00000000,40.87950000,-83.31707200,11815.00000000,13.48744292,268.00000000,899.00000000,943.00000000,1160.00000000,1321.00000000,1380.00000000,1328.00000000,1329.00000000,1182.00000000,1173.00000000,481.00000000,351.00000000
57216,Crayola Solar Project,PA,3,3.10000000,2.80000000,2012.00000000,25.00000000,165.00000000,40.76054500,-75.23845200,2628.00000000,10.71428571,66.00000000,197.00000000,245.00000000,249.00000000,217.00000000,345.00000000,290.00000000,246.00000000,225.00000000,257.00000000,175.00000000,116.00000000
57256,PA Solar Park,PA,1,11.50000000,10.10000000,2012.00000000,25.00000000,180.00000000,40.86014200,-75.85220600,12307.00000000,13.90998689,539.00000000,851.00000000,1102.00000000,1040.00000000,1177.00000000,1362.00000000,1300.00000000,1110.00000000,1026.00000000,1194.00000000,1072.00000000,534.00000000
57265,Dorchester Solar Site,MA,1,1.30000000,1.00000000,2012.00000000,20.00000000,180.00000000,42.30080200,-71.04717100,1531.00000000,17.47716895,47.00000000,111.00000000,128.00000000,144.00000000,164.00000000,155.00000000,169.00000000,160.00000000,142.00000000,132.00000000,108.00000000,71.00000000
57269,Haverhill Solar Power Project,MA,1,1.00000000,1.00000000,2010.00000000,20.00000000,160.50000000,42.78105600,-71.09256200,1162.00000000,13.26484018,16.00000000,89.00000000,99.00000000,121.00000000,138.00000000,137.00000000,112.00000000,118.00000000,120.00000000,105.00000000,77.00000000,30.00000000
57270,NEDC Solar Site,MA,1,1.00000000,1.00000000,2010.00000000,2.40000000,180.00000000,42.10523700,-71.70297900,979.00000000,11.17579909,18.00000000,56.00000000,86.00000000,101.00000000,120.00000000,132.00000000,120.00000000,108.00000000,87.00000000,74.00000000,48.00000000,29.00000000
57306,Pine Tree Solar Project,CA,1,9.80000000,8.50000000,2013.00000000,30.00000000,180.00000000,35.22963500,-118.19570000,7152.00000000,9.60515713,357.00000000,457.00000000,650.00000000,799.00000000,862.00000000,794.00000000,714.00000000,749.00000000,560.00000000,528.00000000,388.00000000,294.00000000
57308,Maclay Solar Project,CA,1,2.20000000,2.00000000,2017.00000000,10.00000000,180.00000000,34.31972200,-118.43083300,1095.00000000,6.25000000,60.00000000,76.00000000,117.00000000,134.00000000,145.00000000,157.00000000,154.00000000,37.00000000,0.00000000,67.00000000,77.00000000,71.00000000
57311,Occidental College Solar Project,CA,1,1.10000000,1.00000000,2013.00000000,25.00000000,220.00000000,34.12830000,-118.20690300,1285.00000000,14.66894977,92.00000000,82.00000000,100.00000000,147.00000000,163.00000000,146.00000000,169.00000000,135.00000000,124.00000000,56.00000000,0.00000000,71.00000000
57314,Los Angeles Harbor College,CA,1,2.50000000,1.20000000,2010.00000000,2.00000000,180.00000000,33.78310200,-118.28493000,2500.00000000,23.78234399,150.00000000,148.00000000,241.00000000,288.00000000,272.00000000,291.00000000,320.00000000,271.00000000,184.00000000,144.00000000,102.00000000,89.00000000
57321,Mayberry Solar LLC,NC,1,1.40000000,1.20000000,2011.00000000,25.00000000,180.00000000,36.47666700,-80.60111100,1376.00000000,13.08980213,92.00000000,114.00000000,146.00000000,142.00000000,147.00000000,147.00000000,126.00000000,123.00000000,66.00000000,103.00000000,94.00000000,76.00000000
57330,Kent County Wastewater Treatment Solar,DE,1,1.20000000,1.20000000,2011.00000000,35.00000000,225.00000000,38.99305600,-75.43750000,1142.00000000,10.86377473,32.00000000,160.00000000,85.00000000,80.00000000,94.00000000,134.00000000,146.00000000,125.00000000,79.00000000,99.00000000,58.00000000,50.00000000
57334,DE Solar 10240 Old Dowd Rd,NC,1,2.20000000,1.90000000,2010.00000000,5.00000000,175.00000000,35.24580000,-80.99670000,1534.00000000,9.21653449,121.00000000,130.00000000,185.00000000,215.00000000,205.00000000,210.00000000,150.00000000,194.00000000,124.00000000,0.00000000,0.00000000,0.00000000
57336,DE Solar 1725 Drywall Dr,NC,1,1.20000000,1.00000000,2010.00000000,11.00000000,195.00000000,35.32610000,-80.99670000,902.00000000,10.29680365,62.00000000,0.00000000,89.00000000,111.00000000,25.00000000,77.00000000,116.00000000,116.00000000,86.00000000,101.00000000,62.00000000,57.00000000
57341,Silver Lake Solar Farm,NJ,1,2.00000000,1.70000000,2010.00000000,20.00000000,180.00000000,40.49480400,-74.39951100,2531.00000000,16.99570239,65.00000000,172.00000000,234.00000000,241.00000000,255.00000000,300.00000000,273.00000000,248.00000000,221.00000000,252.00000000,163.00000000,107.00000000
57352,Trenton Solar Farm,NJ,1,1.30000000,1.00000000,2010.00000000,20.00000000,180.00000000,40.23140000,-74.75390000,1575.00000000,17.97945205,41.00000000,111.00000000,131.00000000,141.00000000,149.00000000,191.00000000,173.00000000,163.00000000,137.00000000,159.00000000,106.00000000,73.00000000
57359,Avenal Park,CA,1,7.00000000,6.00000000,2011.00000000,25.00000000,180.00000000,35.98972200,-120.11000000,9493.00000000,18.06126332,444.00000000,676.00000000,1020.00000000,907.00000000,934.00000000,1247.00000000,1095.00000000,1069.00000000,534.00000000,521.00000000,698.00000000,348.00000000
57362,Morgantown Solar Park,PA,1,2.00000000,2.00000000,2011.00000000,28.40000000,165.00000000,40.15206900,-75.86591600,1860.00000000,10.61643836,44.00000000,158.00000000,174.00000000,1.00000000,224.00000000,292.00000000,144.00000000,220.00000000,194.00000000,194.00000000,141.00000000,74.00000000
57367,Pocono Solar Project,PA,1,3.00000000,2.70000000,2010.00000000,25.00000000,180.00000000,41.06102200,-75.51492400,3061.00000000,12.94182310,191.00000000,241.00000000,235.00000000,298.00000000,314.00000000,299.00000000,307.00000000,293.00000000,278.00000000,210.00000000,180.00000000,215.00000000
57381,Linden Solar Farm,NJ,1,3.20000000,2.70000000,2010.00000000,20.00000000,180.00000000,40.62000000,-74.21440000,4118.00000000,17.41078979,108.00000000,278.00000000,373.00000000,368.00000000,425.00000000,487.00000000,455.00000000,415.00000000,370.00000000,399.00000000,262.00000000,178.00000000
57382,Yardville Solar Farm,NJ,1,4.30000000,3.60000000,2010.00000000,15.00000000,192.00000000,40.16881100,-74.65671900,5551.00000000,17.60210553,151.00000000,409.00000000,498.00000000,524.00000000,541.00000000,673.00000000,608.00000000,565.00000000,470.00000000,532.00000000,344.00000000,236.00000000
57383,WEA Texas Bayonne,NJ,1,1.70000000,1.50000000,2010.00000000,13.00000000,209.00000000,40.67720000,-74.09190000,2015.00000000,15.33485540,57.00000000,124.00000000,180.00000000,197.00000000,218.00000000,243.00000000,244.00000000,204.00000000,180.00000000,172.00000000,112.00000000,84.00000000
57384,Matrix Buildings A&B (Perth Amboy) Solar,NJ,1,2.90000000,2.50000000,2011.00000000,5.00000000,165.00000000,40.53439300,-74.26999800,1789.00000000,8.16894977,54.00000000,135.00000000,196.00000000,201.00000000,207.00000000,238.00000000,205.00000000,161.00000000,132.00000000,124.00000000,80.00000000,56.00000000
57412,Knouse Solar Project 1,PA,1,3.20000000,3.00000000,2010.00000000,32.00000000,180.00000000,40.02640000,-77.23440000,4127.00000000,15.70395738,161.00000000,347.00000000,394.00000000,355.00000000,376.00000000,446.00000000,428.00000000,384.00000000,316.00000000,426.00000000,299.00000000,195.00000000
57438,"Solar Park Gainesville, LLC",FL,1,2.00000000,1.60000000,2011.00000000,15.00000000,180.00000000,29.70040700,-82.33782800,1475.00000000,10.52368721,107.00000000,130.00000000,137.00000000,173.00000000,165.00000000,140.00000000,92.00000000,148.00000000,115.00000000,105.00000000,87.00000000,76.00000000
57441,Solar Photovoltaic Project #42,CA,10,7.00000000,5.00000000,2012.00000000,25.00000000,180.00000000,36.02805600,-119.07472200,7575.00000000,17.29452055,412.00000000,222.00000000,684.00000000,903.00000000,1050.00000000,936.00000000,821.00000000,699.00000000,602.00000000,463.00000000,424.00000000,359.00000000
57448,Pilesgrove,NJ,1,20.00000000,18.00000000,2011.00000000,25.00000000,180.00000000,39.61302800,-75.30947700,24700.00000000,15.66463724,803.00000000,2065.00000000,1906.00000000,1976.00000000,2322.00000000,2917.00000000,2684.00000000,2479.00000000,1969.00000000,2518.00000000,1742.00000000,1319.00000000
57458,145 Talmadge Solar,NJ,1,4.30000000,3.80000000,2011.00000000,10.00000000,155.00000000,40.53578700,-74.39126800,4844.00000000,14.55179043,119.00000000,258.00000000,453.00000000,496.00000000,537.00000000,639.00000000,578.00000000,477.00000000,418.00000000,417.00000000,273.00000000,179.00000000
57461,"Martins Creek Solar NC, LLC",NC,1,1.00000000,0.90000000,2011.00000000,10.00000000,180.00000000,35.02041500,-84.01567600,1110.00000000,14.07914764,56.00000000,80.00000000,102.00000000,105.00000000,112.00000000,124.00000000,107.00000000,125.00000000,85.00000000,99.00000000,63.00000000,52.00000000
57465,Romark PA Solar,PA,1,2.00000000,1.80000000,2011.00000000,10.00000000,180.00000000,40.93611100,-76.03888800,1637.00000000,10.38178590,29.00000000,68.00000000,111.00000000,110.00000000,119.00000000,154.00000000,199.00000000,234.00000000,207.00000000,214.00000000,120.00000000,72.00000000
57473,Dartmouth Solar,MA,1,2.00000000,1.60000000,2011.00000000,25.00000000,180.00000000,41.71580400,-70.97444800,2031.00000000,14.49058219,69.00000000,122.00000000,133.00000000,152.00000000,172.00000000,275.00000000,205.00000000,234.00000000,215.00000000,258.00000000,141.00000000,55.00000000
57485,Flemington Solar,NJ,1,10.00000000,8.00000000,2011.00000000,25.00000000,180.00000000,40.48388800,-74.85666600,13589.00000000,19.39069635,349.00000000,853.00000000,1024.00000000,1041.00000000,1070.00000000,1263.00000000,1180.00000000,1034.00000000,1752.00000000,1959.00000000,1171.00000000,893.00000000
57486,Frenchtown I Solar,NJ,1,3.50000000,3.00000000,2012.00000000,25.00000000,180.00000000,40.52166700,-75.01222200,5325.00000000,20.26255708,109.00000000,289.00000000,354.00000000,367.00000000,386.00000000,452.00000000,414.00000000,372.00000000,812.00000000,1050.00000000,413.00000000,307.00000000
57487,Frenchtown II Solar,NJ,1,3.50000000,3.00000000,2011.00000000,25.00000000,180.00000000,40.51444400,-74.97694400,5167.00000000,19.66133942,77.00000000,246.00000000,348.00000000,362.00000000,379.00000000,438.00000000,415.00000000,368.00000000,731.00000000,1175.00000000,371.00000000,257.00000000
57488,Lebanon Solar,NJ,1,2.50000000,2.00000000,2011.00000000,25.00000000,180.00000000,40.67583300,-74.91222200,2537.00000000,14.48059361,69.00000000,182.00000000,228.00000000,232.00000000,237.00000000,275.00000000,268.00000000,228.00000000,194.00000000,216.00000000,164.00000000,244.00000000
57494,Masser Farms Realty Solar,PA,1,1.20000000,1.00000000,2011.00000000,30.00000000,120.00000000,40.64055600,-76.60541700,1174.00000000,13.40182648,43.00000000,37.00000000,89.00000000,100.00000000,118.00000000,127.00000000,148.00000000,114.00000000,134.00000000,85.00000000,129.00000000,50.00000000
57498,Five Points Solar Station,CA,1,17.60000000,15.00000000,2011.00000000,25.00000000,180.00000000,36.40027800,-120.10333300,15412.00000000,11.72907154,348.00000000,908.00000000,1528.00000000,1334.00000000,1439.00000000,1743.00000000,1910.00000000,1743.00000000,1459.00000000,1376.00000000,986.00000000,638.00000000
57499,Westside Solar Station,CA,1,18.50000000,15.00000000,2011.00000000,25.00000000,180.00000000,36.37872600,-120.12489800,13870.00000000,10.55555556,866.00000000,224.00000000,681.00000000,569.00000000,868.00000000,1141.00000000,2084.00000000,2294.00000000,1432.00000000,1400.00000000,1231.00000000,1080.00000000
57506,FRV SI Transport Solar LP,CA,1,1.20000000,1.00000000,2010.00000000,5.00000000,180.00000000,38.48690000,-121.39110000,1371.00000000,15.65068493,50.00000000,183.00000000,97.00000000,137.00000000,173.00000000,165.00000000,131.00000000,126.00000000,116.00000000,83.00000000,63.00000000,47.00000000
57507,RV CSU Power II LLC,CO,1,3.30000000,3.00000000,2010.00000000,25.00000000,180.00000000,40.59284100,-105.14709700,2746.00000000,10.44901065,156.00000000,194.00000000,230.00000000,258.00000000,257.00000000,227.00000000,241.00000000,203.00000000,267.00000000,258.00000000,260.00000000,195.00000000
57509,Carson Solar I,CO,1,2.00000000,2.00000000,2007.00000000,25.00000000,180.00000000,38.72280000,-104.78170000,3149.00000000,17.97374429,209.00000000,232.00000000,312.00000000,323.00000000,213.00000000,238.00000000,316.00000000,295.00000000,319.00000000,301.00000000,169.00000000,222.00000000
57521,Giffen,CA,1,13.10000000,10.00000000,2012.00000000,25.00000000,180.00000000,36.53027800,-120.31611100,13554.00000000,15.47260274,913.00000000,766.00000000,583.00000000,622.00000000,1278.00000000,1723.00000000,1533.00000000,1397.00000000,1345.00000000,1254.00000000,1108.00000000,1032.00000000
57525,Kapaa Photovoltaic Project,HI,1,1.20000000,1.00000000,2010.00000000,20.00000000,180.00000000,22.08041600,-159.33159900,1497.00000000,17.08904110,113.00000000,113.00000000,134.00000000,123.00000000,119.00000000,134.00000000,133.00000000,140.00000000,128.00000000,130.00000000,115.00000000,115.00000000
57559,Sunset Reservoir North Basin,CA,1,5.00000000,4.50000000,2010.00000000,6.00000000,180.00000000,37.75089400,-122.48175800,6488.00000000,16.45865043,284.00000000,314.00000000,561.00000000,768.00000000,815.00000000,733.00000000,651.00000000,675.00000000,520.00000000,523.00000000,359.00000000,285.00000000
57567,Albuquerque Solar Energy Center,NM,1,2.40000000,2.00000000,2011.00000000,25.00000000,180.00000000,35.16895700,-106.60005000,4075.00000000,23.25913242,246.00000000,306.00000000,348.00000000,401.00000000,423.00000000,361.00000000,425.00000000,406.00000000,390.00000000,363.00000000,146.00000000,260.00000000
57571,Los Lunas Solar Energy Center,NM,2,8.90000000,7.00000000,2013.00000000,25.00000000,180.00000000,34.83313600,-106.77241300,13397.00000000,21.84768428,903.00000000,1148.00000000,621.00000000,1196.00000000,388.00000000,1297.00000000,1494.00000000,1487.00000000,1424.00000000,1367.00000000,1016.00000000,1056.00000000
57574,ETS Ewing Solar Facility,NJ,1,1.40000000,1.30000000,2010.00000000,5.00000000,153.00000000,40.28180100,-74.79363800,1011.00000000,8.87776607,19.00000000,53.00000000,84.00000000,95.00000000,100.00000000,125.00000000,112.00000000,101.00000000,80.00000000,119.00000000,80.00000000,43.00000000
57575,Deming Solar Energy Center,NM,2,11.20000000,9.00000000,2013.00000000,25.00000000,180.00000000,32.16583300,-107.75056000,19975.00000000,25.33612380,1393.00000000,1468.00000000,1693.00000000,1892.00000000,2072.00000000,1529.00000000,1819.00000000,1698.00000000,1811.00000000,1719.00000000,1481.00000000,1400.00000000
57576,Las Vegas Solar Energy Center,NM,1,6.40000000,5.00000000,2011.00000000,25.00000000,180.00000000,35.64333300,-105.20666700,9690.00000000,22.12328767,677.00000000,731.00000000,876.00000000,972.00000000,957.00000000,815.00000000,792.00000000,888.00000000,805.00000000,833.00000000,632.00000000,712.00000000
57577,Alamogordo Solar Energy Center,NM,1,6.40000000,5.00000000,2011.00000000,25.00000000,180.00000000,32.86571000,-105.99977500,11160.00000000,25.47945205,723.00000000,786.00000000,964.00000000,1070.00000000,1147.00000000,943.00000000,1059.00000000,994.00000000,1003.00000000,950.00000000,759.00000000,762.00000000
57588,Matrix Stults Road Solar Facility,NJ,1,3.00000000,2.60000000,2011.00000000,10.00000000,197.00000000,40.36220000,-74.47970000,3631.00000000,15.94221988,90.00000000,239.00000000,327.00000000,351.00000000,382.00000000,464.00000000,431.00000000,383.00000000,294.00000000,327.00000000,206.00000000,137.00000000
57640,500 Virginia Solar,PA,1,1.00000000,1.00000000,2011.00000000,10.00000000,220.00000000,40.13916700,-75.19166700,1132.00000000,12.92237443,38.00000000,67.00000000,92.00000000,121.00000000,142.00000000,122.00000000,150.00000000,134.00000000,95.00000000,87.00000000,46.00000000,38.00000000
57645,City & County of Denver at Denver Int'l,CO,1,4.50000000,3.40000000,2011.00000000,25.00000000,180.00000000,39.90413300,-104.65418300,3960.00000000,13.29572925,308.00000000,316.00000000,403.00000000,405.00000000,446.00000000,372.00000000,252.00000000,383.00000000,334.00000000,417.00000000,233.00000000,91.00000000
57646,McCormick & Co. Inc. at Belcamp,MD,1,1.80000000,1.40000000,2010.00000000,20.00000000,180.00000000,39.48360000,-76.22920000,2249.00000000,18.33822570,67.00000000,192.00000000,221.00000000,183.00000000,173.00000000,278.00000000,271.00000000,222.00000000,194.00000000,205.00000000,141.00000000,102.00000000
57647,"Toys R Us- DE, Inc. at Mt. Olive, NJ",NJ,1,5.40000000,4.10000000,2011.00000000,0.00000000,0.00000000,40.81888800,-74.71861100,4653.00000000,12.95522887,85.00000000,191.00000000,461.00000000,397.00000000,515.00000000,456.00000000,720.00000000,615.00000000,386.00000000,436.00000000,257.00000000,134.00000000
57652,Yamhill Solar LLC,OR,1,1.20000000,1.00000000,2011.00000000,28.00000000,175.00000000,45.10888900,-123.27861100,881.00000000,10.05707763,16.00000000,42.00000000,89.00000000,117.00000000,111.00000000,114.00000000,129.00000000,101.00000000,80.00000000,52.00000000,14.00000000,16.00000000
57656,"Temescal Canyon RV, LLC",CA,1,1.80000000,1.50000000,2011.00000000,2.00000000,225.00000000,33.82638900,-117.51166700,1866.00000000,14.20091324,105.00000000,106.00000000,163.00000000,203.00000000,170.00000000,210.00000000,216.00000000,212.00000000,161.00000000,135.00000000,105.00000000,80.00000000
57661,Manalapan Village Solar,NJ,1,3.60000000,3.50000000,2011.00000000,20.00000000,180.00000000,40.25666700,-74.34972200,3440.00000000,11.21983040,73.00000000,263.00000000,349.00000000,355.00000000,390.00000000,414.00000000,389.00000000,313.00000000,260.00000000,306.00000000,210.00000000,118.00000000
57662,McGraw Hill Solar,NJ,1,14.10000000,12.00000000,2011.00000000,25.00000000,180.00000000,40.27972200,-74.55638900,16949.00000000,16.12347793,434.00000000,1295.00000000,1578.00000000,1578.00000000,1630.00000000,1986.00000000,1801.00000000,1710.00000000,1442.00000000,1735.00000000,1091.00000000,669.00000000
57667,Seabrook Solar Plant,NJ,4,7.60000000,6.80000000,2014.00000000,20.00000000,180.00000000,39.48500000,-75.21500000,6618.00000000,11.10999194,322.00000000,600.00000000,178.00000000,14.00000000,323.00000000,1007.00000000,874.00000000,800.00000000,656.00000000,802.00000000,568.00000000,474.00000000
57670,SMUD at Van Conett,CA,1,3.70000000,2.90000000,2011.00000000,20.00000000,210.00000000,38.25305600,-121.27888800,4997.00000000,19.67013069,177.00000000,277.00000000,412.00000000,510.00000000,616.00000000,562.00000000,539.00000000,579.00000000,503.00000000,376.00000000,273.00000000,173.00000000
57671,SMUD at Fleshman,CA,1,3.70000000,2.90000000,2011.00000000,20.00000000,210.00000000,38.23777800,-121.33750000,4963.00000000,19.53629350,177.00000000,230.00000000,415.00000000,508.00000000,610.00000000,555.00000000,544.00000000,582.00000000,511.00000000,408.00000000,248.00000000,175.00000000
57673,Macys Goodyear,AZ,1,3.50000000,3.10000000,2010.00000000,7.00000000,180.00000000,33.40906300,-112.41459600,3097.00000000,11.40447783,118.00000000,156.00000000,203.00000000,242.00000000,262.00000000,323.00000000,354.00000000,339.00000000,348.00000000,327.00000000,223.00000000,202.00000000
57674,Indian Orchard PV Facility,MA,1,2.30000000,1.90000000,2011.00000000,20.00000000,180.00000000,42.15138900,-72.49888900,2511.00000000,15.08651766,58.00000000,199.00000000,221.00000000,227.00000000,274.00000000,284.00000000,282.00000000,245.00000000,227.00000000,228.00000000,152.00000000,114.00000000
57676,Silver Lake Solar Photovoltaic Facility,MA,1,1.80000000,1.50000000,2010.00000000,20.00000000,180.00000000,42.45250000,-73.24030000,805.00000000,6.12633181,11.00000000,41.00000000,46.00000000,155.00000000,79.00000000,52.00000000,130.00000000,98.00000000,165.00000000,2.00000000,25.00000000,1.00000000
57677,"Murphy Farm Power, LLC",NC,1,1.00000000,0.90000000,2011.00000000,30.00000000,180.00000000,34.99916700,-84.15725400,1191.00000000,15.10654490,72.00000000,94.00000000,115.00000000,106.00000000,107.00000000,117.00000000,101.00000000,127.00000000,87.00000000,117.00000000,79.00000000,69.00000000
57681,City of Boulder WWTP,CO,1,1.00000000,1.00000000,2010.00000000,30.00000000,180.00000000,40.04802500,-105.18032700,1178.00000000,13.44748858,55.00000000,60.00000000,93.00000000,128.00000000,136.00000000,106.00000000,110.00000000,118.00000000,117.00000000,105.00000000,98.00000000,52.00000000
57683,"Staples La Mirada, CA",CA,1,1.10000000,1.10000000,2009.00000000,20.00000000,180.00000000,33.88166700,-118.01750000,871.00000000,9.03902034,99.00000000,91.00000000,84.00000000,77.00000000,72.00000000,76.00000000,83.00000000,83.00000000,61.00000000,57.00000000,51.00000000,37.00000000
57687,"CS Murphy Point, LLC",NC,1,1.00000000,0.90000000,2011.00000000,30.00000000,180.00000000,34.98953900,-84.16619700,1261.00000000,15.99441908,73.00000000,99.00000000,120.00000000,113.00000000,114.00000000,125.00000000,108.00000000,136.00000000,96.00000000,124.00000000,81.00000000,72.00000000
57724,NJMC Landfill,NJ,1,3.00000000,2.50000000,2011.00000000,20.00000000,175.00000000,40.75083300,-74.11000000,3982.00000000,18.18264840,126.00000000,293.00000000,348.00000000,360.00000000,401.00000000,454.00000000,442.00000000,383.00000000,353.00000000,380.00000000,256.00000000,186.00000000
57726,Summit Associates,NJ,1,2.20000000,1.90000000,2011.00000000,12.50000000,142.00000000,40.50030000,-74.35360000,1570.00000000,9.43282865,41.00000000,88.00000000,150.00000000,160.00000000,166.00000000,193.00000000,155.00000000,180.00000000,151.00000000,140.00000000,88.00000000,58.00000000
57727,BlackRock-Matrix,NJ,1,3.00000000,2.50000000,2012.00000000,10.00000000,208.00000000,40.36220000,-74.47970000,3329.00000000,15.20091324,84.00000000,214.00000000,298.00000000,324.00000000,353.00000000,427.00000000,387.00000000,342.00000000,295.00000000,288.00000000,180.00000000,137.00000000
57728,Mill Creek Solar,NJ,1,3.80000000,3.50000000,2011.00000000,22.00000000,191.00000000,40.03138800,-74.82472200,5139.00000000,16.76125245,180.00000000,421.00000000,442.00000000,414.00000000,487.00000000,610.00000000,560.00000000,444.00000000,439.00000000,532.00000000,358.00000000,252.00000000
57733,Benjamin Moore & Co. Solar,NJ,1,1.80000000,1.40000000,2010.00000000,35.00000000,180.00000000,40.82555600,-74.71472200,1940.00000000,15.81865623,31.00000000,148.00000000,169.00000000,180.00000000,195.00000000,224.00000000,209.00000000,185.00000000,171.00000000,212.00000000,134.00000000,82.00000000
57734,Cherry Hill,NJ,1,1.30000000,1.10000000,2010.00000000,0.00000000,180.00000000,39.87611100,-75.00861100,1334.00000000,13.84391864,35.00000000,92.00000000,123.00000000,122.00000000,144.00000000,182.00000000,167.00000000,151.00000000,117.00000000,110.00000000,61.00000000,30.00000000
57742,Vineland Headquarters,NJ,1,1.30000000,1.10000000,2011.00000000,5.00000000,180.00000000,39.49027100,-75.03739100,1194.00000000,12.39103362,34.00000000,78.00000000,110.00000000,118.00000000,121.00000000,169.00000000,149.00000000,131.00000000,85.00000000,88.00000000,62.00000000,49.00000000
57745,The City of Vineland at West Vineland,NJ,1,4.80000000,3.70000000,2011.00000000,25.00000000,180.00000000,39.46237600,-75.07003900,3317.00000000,10.23386400,121.00000000,269.00000000,329.00000000,249.00000000,259.00000000,401.00000000,354.00000000,347.00000000,271.00000000,324.00000000,224.00000000,169.00000000
57746,The City of Vineland at North Vineland,NJ,1,3.00000000,2.30000000,2011.00000000,25.00000000,180.00000000,39.50503400,-74.99770300,4085.00000000,20.27496526,211.00000000,437.00000000,518.00000000,504.00000000,452.00000000,596.00000000,548.00000000,152.00000000,0.00000000,11.00000000,366.00000000,290.00000000
57750,Maple Solar,NJ,2,3.00000000,2.40000000,2011.00000000,27.00000000,180.00000000,39.48750000,-74.98083300,4009.00000000,19.06868341,155.00000000,323.00000000,381.00000000,362.00000000,344.00000000,457.00000000,400.00000000,392.00000000,308.00000000,398.00000000,271.00000000,218.00000000
57753,SMUD at Lawrence,CA,1,1.20000000,1.00000000,2011.00000000,20.00000000,210.00000000,38.33886800,-121.43134200,1557.00000000,17.77397260,56.00000000,74.00000000,137.00000000,143.00000000,177.00000000,174.00000000,176.00000000,182.00000000,162.00000000,134.00000000,85.00000000,57.00000000
57758,Mount Saint Mary's,MD,1,16.10000000,13.70000000,2012.00000000,25.00000000,157.00000000,39.67500000,-77.34500000,17870.00000000,14.89017765,704.00000000,1397.00000000,1688.00000000,1641.00000000,1685.00000000,1984.00000000,1901.00000000,1791.00000000,1387.00000000,1747.00000000,1174.00000000,771.00000000
57768,Longwood Gardens,PA,1,1.60000000,1.30000000,2010.00000000,30.00000000,180.00000000,39.86666700,-75.66777700,1755.00000000,15.41095890,59.00000000,65.00000000,156.00000000,143.00000000,175.00000000,219.00000000,190.00000000,162.00000000,142.00000000,207.00000000,141.00000000,96.00000000
57772,Perdue Bridgeville Photovoltaic,DE,1,1.60000000,1.30000000,2011.00000000,25.00000000,180.00000000,38.75768900,-75.60203100,1984.00000000,17.42184756,95.00000000,148.00000000,181.00000000,182.00000000,172.00000000,246.00000000,188.00000000,201.00000000,172.00000000,165.00000000,126.00000000,108.00000000
57773,Palo Verde College,CA,1,1.20000000,1.20000000,2009.00000000,30.00000000,0.00000000,33.66166700,-114.65166700,2019.00000000,19.20662100,145.00000000,157.00000000,175.00000000,196.00000000,188.00000000,163.00000000,168.00000000,173.00000000,174.00000000,166.00000000,164.00000000,150.00000000
57776,FedEx Woodbridge,NJ,1,2.40000000,2.00000000,2009.00000000,2.00000000,137.00000000,40.50635800,-74.32351900,2090.00000000,11.92922374,53.00000000,121.00000000,202.00000000,233.00000000,258.00000000,288.00000000,276.00000000,199.00000000,153.00000000,145.00000000,93.00000000,69.00000000
57796,Golden Springs Building C-1,CA,1,1.30000000,1.20000000,2012.00000000,10.00000000,180.00000000,33.91416700,-118.05361100,1334.00000000,12.69025875,68.00000000,78.00000000,126.00000000,145.00000000,126.00000000,146.00000000,156.00000000,146.00000000,111.00000000,94.00000000,92.00000000,46.00000000
57797,Golden Springs Building D,CA,1,1.40000000,1.30000000,2012.00000000,10.00000000,180.00000000,33.91194400,-118.05222200,651.00000000,5.71654373,78.00000000,62.00000000,104.00000000,68.00000000,1.00000000,22.00000000,0.00000000,13.00000000,77.00000000,100.00000000,72.00000000,54.00000000
57799,"ISH Solar Central, LLC",NJ,1,1.50000000,1.40000000,2011.00000000,35.00000000,180.00000000,40.26750000,-74.27861100,1587.00000000,12.94031311,57.00000000,133.00000000,159.00000000,141.00000000,149.00000000,176.00000000,166.00000000,163.00000000,134.00000000,159.00000000,93.00000000,57.00000000
57805,William Paterson University,NJ,1,2.70000000,2.30000000,2010.00000000,15.00000000,180.00000000,40.95208400,-74.19550200,1730.00000000,8.58646019,36.00000000,98.00000000,184.00000000,182.00000000,202.00000000,210.00000000,232.00000000,208.00000000,151.00000000,123.00000000,53.00000000,51.00000000
57831,Heliocentric,CA,1,1.70000000,1.50000000,2012.00000000,30.00000000,180.00000000,34.65434000,-117.97100400,2016.00000000,15.34246575,130.00000000,143.00000000,166.00000000,206.00000000,183.00000000,144.00000000,159.00000000,236.00000000,214.00000000,165.00000000,141.00000000,129.00000000
57836,L-8 Solar Project,CA,1,1.70000000,1.50000000,2012.00000000,30.00000000,180.00000000,34.65434700,-117.97310300,2373.00000000,18.05936073,130.00000000,133.00000000,130.00000000,189.00000000,170.00000000,175.00000000,201.00000000,288.00000000,271.00000000,257.00000000,221.00000000,208.00000000
57838,Dartmouth II Solar,MA,1,2.50000000,2.00000000,2012.00000000,25.00000000,180.00000000,41.68055600,-71.03083300,3361.00000000,19.18378995,125.00000000,238.00000000,284.00000000,302.00000000,345.00000000,389.00000000,328.00000000,355.00000000,292.00000000,318.00000000,234.00000000,151.00000000
57840,ISH Solar Hospital SDMC,CA,1,1.10000000,1.10000000,2011.00000000,5.00000000,0.00000000,32.79166700,-117.09527700,1213.00000000,12.58821088,79.00000000,84.00000000,133.00000000,152.00000000,159.00000000,155.00000000,121.00000000,72.00000000,80.00000000,81.00000000,52.00000000,45.00000000
57841,ISH Solar Hospital Downey,CA,1,1.10000000,1.10000000,2011.00000000,10.00000000,0.00000000,33.92166700,-118.12444400,1350.00000000,14.00996264,87.00000000,80.00000000,134.00000000,148.00000000,138.00000000,154.00000000,161.00000000,142.00000000,99.00000000,83.00000000,72.00000000,52.00000000
57848,WC Landfill Energy LLC,NJ,1,1.20000000,1.00000000,2013.00000000,25.00000000,180.00000000,40.83101200,-75.01577500,1359.00000000,15.51369863,47.00000000,133.00000000,35.00000000,110.00000000,159.00000000,182.00000000,180.00000000,146.00000000,127.00000000,147.00000000,24.00000000,69.00000000
57856,Univ of California San Diego Solar,CA,1,1.20000000,1.00000000,2008.00000000,20.00000000,180.00000000,32.87437900,-117.23892700,2053.00000000,23.43607306,132.00000000,124.00000000,204.00000000,219.00000000,202.00000000,213.00000000,216.00000000,230.00000000,156.00000000,143.00000000,121.00000000,93.00000000
57860,Industry MetroLink PV 1,CA,1,2.00000000,1.50000000,2012.00000000,5.00000000,223.00000000,34.00866100,-117.84560300,1136.00000000,8.64535769,86.00000000,79.00000000,71.00000000,83.00000000,83.00000000,138.00000000,173.00000000,108.00000000,112.00000000,85.00000000,65.00000000,53.00000000
57864,Stockton Athletic Center,NJ,3,1.16000000,1.30000000,2009.00000000,5.00000000,212.11517891,39.48844300,-74.53526300,1179.00000000,10.35300316,35.00000000,65.00000000,104.00000000,127.00000000,133.00000000,160.00000000,123.00000000,101.00000000,108.00000000,107.00000000,66.00000000,50.00000000
57868,L'Oreal Piscataway,NJ,4,2.32000000,1.80000000,2016.00000000,4.37500000,180.00000000,40.55434100,-74.46801400,1570.00000000,9.95687468,37.00000000,56.00000000,149.00000000,160.00000000,186.00000000,225.00000000,210.00000000,180.00000000,142.00000000,128.00000000,57.00000000,40.00000000
57869,Heller Industrial Parks,NJ,5,4.70000000,4.60000000,2013.00000000,15.00000000,190.00000000,40.37389800,-74.48923600,7683.00000000,19.06640858,207.00000000,479.00000000,686.00000000,738.00000000,796.00000000,931.00000000,859.00000000,769.00000000,660.00000000,715.00000000,514.00000000,329.00000000
57870,Castle Rock Vineyards,CA,1,1.10000000,1.00000000,2010.00000000,20.00000000,180.00000000,35.80111100,-119.11055600,1670.00000000,19.06392694,90.00000000,117.00000000,155.00000000,175.00000000,199.00000000,175.00000000,164.00000000,155.00000000,139.00000000,125.00000000,94.00000000,82.00000000
57879,Perdue Salisbury Photovoltaic,MD,1,1.20000000,1.00000000,2011.00000000,30.00000000,180.00000000,38.37361100,-75.53527800,1446.00000000,16.50684932,82.00000000,106.00000000,135.00000000,134.00000000,95.00000000,158.00000000,142.00000000,144.00000000,130.00000000,130.00000000,100.00000000,90.00000000
57882,Baldock Solar Highway,OR,1,1.80000000,1.40000000,2012.00000000,21.00000000,180.00000000,45.26944400,-122.77166700,1279.00000000,10.42889759,30.00000000,63.00000000,108.00000000,112.00000000,195.00000000,192.00000000,186.00000000,154.00000000,125.00000000,72.00000000,26.00000000,16.00000000
57904,San Antonio West Solar Rooftop,CA,1,1.90000000,1.50000000,2012.00000000,20.00000000,180.00000000,33.96561700,-117.65905900,1706.00000000,12.98325723,161.00000000,0.00000000,144.00000000,39.00000000,189.00000000,156.00000000,214.00000000,171.00000000,137.00000000,189.00000000,167.00000000,139.00000000
57931,Holyoke Solar Cooperative at Mueller,MA,1,3.50000000,2.70000000,2011.00000000,15.00000000,177.00000000,42.19090900,-72.68242100,3837.00000000,16.22272958,60.00000000,284.00000000,367.00000000,380.00000000,458.00000000,453.00000000,430.00000000,417.00000000,389.00000000,342.00000000,155.00000000,102.00000000
57934,Douglas Solar,MA,1,2.50000000,2.00000000,2012.00000000,25.00000000,180.00000000,42.06000000,-71.73000000,2500.00000000,14.26940639,0.00000000,679.00000000,292.00000000,116.00000000,0.00000000,53.00000000,293.00000000,336.00000000,274.00000000,270.00000000,42.00000000,145.00000000
57941,Town of Uxbridge MA at Commerce Dr,MA,1,2.30000000,1.80000000,2012.00000000,20.00000000,180.00000000,42.04388900,-71.61750000,2679.00000000,16.99010654,59.00000000,212.00000000,247.00000000,259.00000000,289.00000000,320.00000000,295.00000000,283.00000000,219.00000000,238.00000000,169.00000000,89.00000000
57942,Town of Norfolk MA at Medway Branch,MA,1,1.60000000,1.20000000,2012.00000000,20.00000000,180.00000000,42.12777800,-71.34027800,1868.00000000,17.77016743,52.00000000,149.00000000,145.00000000,132.00000000,207.00000000,232.00000000,207.00000000,196.00000000,175.00000000,165.00000000,130.00000000,78.00000000
57948,NJ Oak Solar Plant,NJ,1,12.50000000,10.00000000,2011.00000000,25.00000000,182.00000000,39.38056500,-75.18831200,17200.00000000,19.63470320,508.00000000,1273.00000000,1500.00000000,1799.00000000,1490.00000000,1891.00000000,1789.00000000,1714.00000000,1395.00000000,1739.00000000,1179.00000000,923.00000000
57951,Shore Point Solar,NJ,1,1.20000000,1.00000000,2011.00000000,45.00000000,180.00000000,40.24500000,-74.24333300,1210.00000000,13.81278539,44.00000000,83.00000000,106.00000000,120.00000000,105.00000000,139.00000000,148.00000000,131.00000000,105.00000000,109.00000000,70.00000000,50.00000000
57970,Butte College Main Campus Solar,CA,1,5.00000000,3.50000000,2011.00000000,18.00000000,195.00000000,39.64805600,-121.64416700,6292.00000000,20.52185258,233.00000000,320.00000000,456.00000000,680.00000000,839.00000000,765.00000000,698.00000000,710.00000000,601.00000000,518.00000000,262.00000000,210.00000000
57982,Meridian Vineyards,CA,2,1.30000000,1.10000000,2010.00000000,30.00000000,180.00000000,35.67027800,-120.56694400,1046.00000000,10.85512661,55.00000000,67.00000000,111.00000000,138.00000000,167.00000000,167.00000000,118.00000000,99.00000000,59.00000000,28.00000000,20.00000000,17.00000000
57986,SunE EPE1 LLC,NM,1,11.20000000,10.00000000,2012.00000000,38.00000000,180.00000000,32.03438300,-106.34098600,27017.00000000,30.84132420,1911.00000000,1864.00000000,2270.00000000,2561.00000000,3000.00000000,2386.00000000,2494.00000000,2350.00000000,2262.00000000,2230.00000000,1875.00000000,1814.00000000
57989,Groveland Solar,MA,1,3.50000000,3.20000000,2012.00000000,25.00000000,180.00000000,42.75111100,-71.03722200,4465.00000000,15.92822489,110.00000000,361.00000000,381.00000000,415.00000000,472.00000000,590.00000000,517.00000000,401.00000000,408.00000000,388.00000000,279.00000000,143.00000000
57990,Shrewsbury Solar,MA,1,3.50000000,2.50000000,2012.00000000,25.00000000,180.00000000,42.26611100,-71.69583300,3992.00000000,18.22831050,91.00000000,334.00000000,377.00000000,380.00000000,436.00000000,471.00000000,463.00000000,290.00000000,353.00000000,369.00000000,275.00000000,153.00000000
57992,Boston Scientific Solar,MA,1,1.30000000,1.10000000,2012.00000000,10.00000000,170.00000000,42.29333300,-71.03388900,1512.00000000,15.69115816,43.00000000,105.00000000,127.00000000,155.00000000,180.00000000,199.00000000,184.00000000,173.00000000,130.00000000,110.00000000,81.00000000,25.00000000
58006,Salt Palace Solar Gen Plant,UT,2,1.60000000,1.30000000,2012.00000000,10.00000000,180.00000000,40.76722200,-111.89500000,1210.00000000,10.62521953,34.00000000,53.00000000,72.00000000,100.00000000,114.00000000,133.00000000,139.00000000,111.00000000,155.00000000,141.00000000,89.00000000,69.00000000
58011,IKEA Savannah 490,GA,2,3.00000000,2.20000000,2021.00000000,12.00000000,180.00000000,32.17753500,-81.17377500,1806.00000000,9.37110834,91.00000000,97.00000000,158.00000000,196.00000000,188.00000000,202.00000000,189.00000000,178.00000000,117.00000000,153.00000000,114.00000000,123.00000000
58012,IKEA Tampa 042,FL,1,1.20000000,1.00000000,2012.00000000,12.00000000,180.00000000,27.95388900,-82.43250000,1106.00000000,12.62557078,90.00000000,128.00000000,147.00000000,170.00000000,170.00000000,101.00000000,140.00000000,132.00000000,28.00000000,0.00000000,0.00000000,0.00000000
58013,IKEA Round Rock 027,TX,1,1.60000000,1.40000000,2012.00000000,12.00000000,180.00000000,30.55704400,-97.69028600,848.00000000,6.91454664,127.00000000,148.00000000,171.00000000,165.00000000,160.00000000,77.00000000,0.00000000,0.00000000,0.00000000,0.00000000,0.00000000,0.00000000
58014,IKEA Perryville 460,MD,1,2.60000000,2.10000000,2013.00000000,12.00000000,180.00000000,39.56083300,-76.05527800,3233.00000000,17.57447271,139.00000000,329.00000000,479.00000000,421.00000000,404.00000000,336.00000000,250.00000000,245.00000000,184.00000000,147.00000000,181.00000000,118.00000000
58015,IKEA College Park 411,MD,2,2.40000000,2.00000000,2021.00000000,12.00000000,180.00000000,39.02100000,-76.92600000,2285.00000000,13.04223744,87.00000000,126.00000000,210.00000000,219.00000000,211.00000000,265.00000000,305.00000000,278.00000000,190.00000000,172.00000000,131.00000000,91.00000000
58028,IKEA Tejon 345,CA,1,1.80000000,1.50000000,2011.00000000,12.00000000,180.00000000,34.97527800,-118.94694400,818.00000000,6.22526636,50.00000000,58.00000000,82.00000000,97.00000000,118.00000000,109.00000000,102.00000000,95.00000000,76.00000000,31.00000000,0.00000000,0.00000000
58029,Constellation New Energy Inc,NJ,1,5.00000000,3.90000000,2011.00000000,20.00000000,180.00000000,39.92888900,-74.81805600,5409.00000000,15.83245522,172.00000000,440.00000000,509.00000000,513.00000000,515.00000000,643.00000000,524.00000000,521.00000000,433.00000000,549.00000000,352.00000000,238.00000000
58030,Reeves Station Rd East,NJ,1,6.70000000,5.50000000,2012.00000000,25.00000000,180.00000000,39.92833300,-74.81444400,8902.00000000,18.47654628,263.00000000,702.00000000,822.00000000,810.00000000,813.00000000,1032.00000000,949.00000000,895.00000000,719.00000000,932.00000000,600.00000000,365.00000000
58032,Padelford Solar,MA,1,2.90000000,2.20000000,2012.00000000,25.00000000,180.00000000,41.85333300,-71.06500000,3355.00000000,17.40867580,116.00000000,227.00000000,286.00000000,316.00000000,350.00000000,384.00000000,302.00000000,334.00000000,302.00000000,318.00000000,247.00000000,173.00000000
58034,Nickel 1 Solar Facility,CA,1,1.80000000,1.50000000,2012.00000000,25.00000000,180.00000000,35.64729500,-119.71651200,2297.00000000,17.48097412,144.00000000,202.00000000,217.00000000,249.00000000,286.00000000,233.00000000,239.00000000,220.00000000,168.00000000,130.00000000,107.00000000,102.00000000
58036,Riverside Renewable Energy LLC,NJ,1,9.00000000,7.50000000,2011.00000000,5.00000000,180.00000000,39.90305600,-75.12583300,9800.00000000,14.91628615,210.00000000,578.00000000,802.00000000,914.00000000,1008.00000000,1314.00000000,1214.00000000,1010.00000000,979.00000000,848.00000000,551.00000000,372.00000000
58037,Buckeye Union HS District 201,AZ,1,4.30000000,3.30000000,2011.00000000,8.00000000,180.00000000,33.41916700,-112.57611100,6849.00000000,23.69240349,385.00000000,439.00000000,609.00000000,745.00000000,760.00000000,652.00000000,679.00000000,656.00000000,599.00000000,523.00000000,427.00000000,375.00000000
58040,United Stationers Supply Solar Electric,NJ,2,3.30000000,2.80000000,2011.00000000,11.80000000,188.00000000,40.32055600,-74.50166700,2922.00000000,11.91291585,97.00000000,248.00000000,226.00000000,286.00000000,305.00000000,313.00000000,315.00000000,266.00000000,246.00000000,266.00000000,214.00000000,140.00000000
58049,Jordache Enterprises Solar,NJ,1,1.60000000,1.30000000,2011.00000000,10.00000000,190.00000000,40.55569000,-74.40836000,1440.00000000,12.64488936,83.00000000,112.00000000,135.00000000,138.00000000,147.00000000,162.00000000,170.00000000,157.00000000,132.00000000,107.00000000,93.00000000,4.00000000
58070,Mercer Mall,NJ,1,1.50000000,1.10000000,2012.00000000,15.00000000,155.00000000,40.29055600,-74.68194400,1184.00000000,12.28725612,27.00000000,74.00000000,108.00000000,49.00000000,112.00000000,125.00000000,150.00000000,134.00000000,126.00000000,104.00000000,89.00000000,86.00000000
58082,AMP Napoleon Solar Facility,OH,1,4.20000000,3.50000000,2012.00000000,30.00000000,180.00000000,41.40666700,-84.11083300,4619.00000000,15.06523157,104.00000000,312.00000000,405.00000000,435.00000000,545.00000000,467.00000000,512.00000000,534.00000000,453.00000000,488.00000000,200.00000000,164.00000000
58090,Middlesex Apple Orchard Solar,NJ,2,5.70000000,4.70000000,2013.00000000,20.00000000,149.00000000,40.42638900,-74.49222200,6149.00000000,14.93490722,148.00000000,447.00000000,607.00000000,611.00000000,616.00000000,739.00000000,689.00000000,625.00000000,504.00000000,595.00000000,361.00000000,207.00000000
58091,Keystone Solar,PA,1,6.00000000,5.00000000,2012.00000000,25.00000000,182.00000000,39.86111100,-76.22111100,7368.00000000,16.82191781,223.00000000,592.00000000,659.00000000,664.00000000,717.00000000,565.00000000,833.00000000,769.00000000,621.00000000,788.00000000,577.00000000,360.00000000
58094,Christmas Tree Shops DC Burlington NJ,NJ,1,2.50000000,2.10000000,2011.00000000,10.00000000,180.00000000,40.10416700,-74.81277800,2208.00000000,12.00260926,62.00000000,150.00000000,224.00000000,244.00000000,259.00000000,256.00000000,200.00000000,179.00000000,181.00000000,197.00000000,153.00000000,103.00000000
58095,Harmon DC Totowa NJ,NJ,1,1.70000000,1.50000000,2012.00000000,10.00000000,180.00000000,40.90388900,-74.24777800,1132.00000000,8.61491629,38.00000000,21.00000000,65.00000000,99.00000000,132.00000000,154.00000000,155.00000000,124.00000000,94.00000000,88.00000000,112.00000000,50.00000000
58096,Bed Bath & Beyond DC Port Reading NJ,NJ,1,2.10000000,1.80000000,2011.00000000,5.00000000,180.00000000,40.56833300,-74.24250000,2221.00000000,14.08548960,47.00000000,84.00000000,190.00000000,232.00000000,235.00000000,268.00000000,234.00000000,283.00000000,204.00000000,219.00000000,133.00000000,92.00000000
58097,Green Meadows,MA,1,4.30000000,3.50000000,2014.00000000,25.00000000,180.00000000,41.66944400,-70.53194400,5077.00000000,16.55903457,94.00000000,253.00000000,438.00000000,464.00000000,546.00000000,591.00000000,550.00000000,576.00000000,453.00000000,502.00000000,363.00000000,247.00000000
58123,Wakefern Food Corp,NJ,1,2.40000000,2.00000000,2012.00000000,14.00000000,187.00000000,40.51000000,-74.32833300,2614.00000000,14.92009132,69.00000000,154.00000000,247.00000000,262.00000000,282.00000000,330.00000000,306.00000000,262.00000000,220.00000000,233.00000000,147.00000000,102.00000000
58135,Washington White Post Solar LLC,NC,1,15.00000000,12.40000000,2012.00000000,25.00000000,180.00000000,35.50520000,-76.84840000,18596.00000000,17.11960524,1367.00000000,1607.00000000,1562.00000000,1808.00000000,1806.00000000,1985.00000000,1653.00000000,1594.00000000,1317.00000000,1763.00000000,1254.00000000,880.00000000
58145,Williamstown Solar,VT,1,2.50000000,2.00000000,2012.00000000,30.00000000,180.00000000,44.11305600,-72.60583300,2400.00000000,13.69863014,33.00000000,162.00000000,190.00000000,196.00000000,277.00000000,279.00000000,336.00000000,270.00000000,292.00000000,242.00000000,92.00000000,31.00000000
58164,Slayton Solar,MN,1,2.00000000,1.70000000,2013.00000000,35.00000000,180.00000000,43.98027800,-95.76722200,1969.00000000,13.22186409,69.00000000,20.00000000,175.00000000,201.00000000,150.00000000,166.00000000,204.00000000,246.00000000,261.00000000,241.00000000,144.00000000,92.00000000
58171,Prairie Fire,AZ,1,5.00000000,4.50000000,2012.00000000,25.00000000,180.00000000,32.11638900,-110.82000000,7841.00000000,19.89091832,533.00000000,378.00000000,704.00000000,821.00000000,758.00000000,663.00000000,600.00000000,642.00000000,754.00000000,738.00000000,641.00000000,609.00000000
58174,Wilson Solar (MA),MA,1,2.50000000,2.00000000,2013.00000000,25.00000000,180.00000000,42.26416700,-71.98000000,1558.00000000,8.89269406,67.00000000,209.00000000,131.00000000,130.00000000,156.00000000,164.00000000,159.00000000,141.00000000,121.00000000,126.00000000,97.00000000,57.00000000
58187,180 Raritan Solar,NJ,1,2.30000000,1.90000000,2012.00000000,10.00000000,188.00000000,40.51611100,-74.34000000,2574.00000000,15.46503244,67.00000000,145.00000000,230.00000000,260.00000000,284.00000000,327.00000000,289.00000000,257.00000000,222.00000000,235.00000000,151.00000000,107.00000000
58206,West Gates Solar Station,CA,1,12.90000000,10.00000000,2013.00000000,25.00000000,180.00000000,36.14222200,-120.13250000,19249.00000000,21.97374429,1012.00000000,1328.00000000,1430.00000000,1778.00000000,2152.00000000,2181.00000000,2060.00000000,2008.00000000,1700.00000000,1423.00000000,1017.00000000,1160.00000000
58210,NFM Solar Power LLC,MA,1,2.00000000,1.90000000,2012.00000000,20.00000000,180.00000000,42.61083300,-72.47416700,1931.00000000,11.60177842,44.00000000,109.00000000,150.00000000,141.00000000,241.00000000,241.00000000,248.00000000,203.00000000,203.00000000,173.00000000,89.00000000,89.00000000
58214,West Greenwich Solar,RI,1,2.00000000,1.90000000,2013.00000000,25.00000000,180.00000000,41.64944400,-71.71000000,2539.00000000,15.25474646,72.00000000,196.00000000,247.00000000,249.00000000,282.00000000,238.00000000,231.00000000,248.00000000,240.00000000,254.00000000,179.00000000,103.00000000
58228,Milford Solar Farm,DE,1,15.00000000,11.80000000,2012.00000000,20.00000000,180.00000000,38.92305600,-75.45333300,14664.00000000,14.18620850,763.00000000,1430.00000000,1768.00000000,1081.00000000,1408.00000000,272.00000000,1597.00000000,1807.00000000,1418.00000000,943.00000000,1225.00000000,952.00000000
58231,Lincoln Financial Field,PA,1,3.20000000,2.90000000,2013.00000000,20.00000000,100.00000000,39.90083300,-75.16750000,2730.00000000,10.74633916,101.00000000,224.00000000,275.00000000,216.00000000,117.00000000,407.00000000,310.00000000,283.00000000,230.00000000,262.00000000,167.00000000,138.00000000
58239,Kent County-Kennedyville,MD,1,1.10000000,1.00000000,2012.00000000,25.00000000,180.00000000,39.29722200,-75.98222200,1544.00000000,17.62557078,45.00000000,125.00000000,141.00000000,146.00000000,137.00000000,193.00000000,158.00000000,165.00000000,128.00000000,114.00000000,109.00000000,83.00000000
58241,Rock Hall,MD,1,1.30000000,1.00000000,2012.00000000,25.00000000,180.00000000,39.14436900,-76.23164400,1588.00000000,18.12785388,46.00000000,125.00000000,139.00000000,146.00000000,142.00000000,199.00000000,158.00000000,166.00000000,149.00000000,136.00000000,0.00000000,182.00000000
58243,Kent County - Worton Complex,MD,1,1.30000000,1.00000000,2012.00000000,25.00000000,180.00000000,39.28083300,-76.09083300,1369.00000000,15.62785388,44.00000000,108.00000000,112.00000000,136.00000000,120.00000000,179.00000000,138.00000000,128.00000000,93.00000000,137.00000000,101.00000000,73.00000000
58248,Pierce College,CA,1,2.30000000,1.90000000,2013.00000000,2.00000000,180.00000000,34.18361100,-118.57472200,2376.00000000,14.27541456,153.00000000,157.00000000,261.00000000,288.00000000,269.00000000,245.00000000,177.00000000,117.00000000,201.00000000,203.00000000,164.00000000,141.00000000
58249,VA Sepulveda Ambulatory Care Center,CA,1,4.80000000,4.40000000,2014.00000000,10.00000000,180.00000000,34.24888900,-118.48333300,3941.00000000,10.22467829,185.00000000,191.00000000,272.00000000,325.00000000,325.00000000,332.00000000,524.00000000,512.00000000,422.00000000,327.00000000,261.00000000,265.00000000
58261,FAA NorCal TRACON,CA,1,1.20000000,1.00000000,2012.00000000,0.00000000,90.00000000,38.55953300,-121.25755600,1586.00000000,18.10502283,133.00000000,133.00000000,132.00000000,132.00000000,132.00000000,132.00000000,132.00000000,132.00000000,132.00000000,132.00000000,132.00000000,132.00000000
58270,Acushnet AD Makepeace,MA,1,4.70000000,3.50000000,2012.00000000,30.00000000,180.00000000,41.79888900,-70.74361100,5961.00000000,19.44227006,291.00000000,425.00000000,471.00000000,509.00000000,583.00000000,608.00000000,521.00000000,615.00000000,525.00000000,572.00000000,467.00000000,374.00000000
58271,Acushnet Hawes Reed Road,MA,1,1.30000000,1.00000000,2012.00000000,25.00000000,172.00000000,41.66222200,-71.04250000,1517.00000000,17.31735160,72.00000000,124.00000000,145.00000000,155.00000000,63.00000000,106.00000000,129.00000000,186.00000000,156.00000000,168.00000000,125.00000000,88.00000000
58272,Easthampton Landfill-City of Easthampton,MA,1,2.30000000,1.90000000,2012.00000000,30.00000000,180.00000000,42.28694400,-72.70138900,2855.00000000,17.15332853,80.00000000,234.00000000,251.00000000,248.00000000,288.00000000,293.00000000,302.00000000,265.00000000,266.00000000,274.00000000,202.00000000,152.00000000
58273,South Robeson Farm,NC,1,6.40000000,5.00000000,2012.00000000,25.00000000,180.00000000,34.56114600,-79.28097000,6959.00000000,15.88812785,521.00000000,570.00000000,615.00000000,467.00000000,675.00000000,757.00000000,682.00000000,634.00000000,507.00000000,655.00000000,455.00000000,421.00000000
58274,Raeford Farm,NC,1,6.30000000,5.00000000,2012.00000000,25.00000000,180.00000000,34.96888900,-79.21194400,8106.00000000,18.50684932,589.00000000,672.00000000,759.00000000,790.00000000,781.00000000,820.00000000,741.00000000,633.00000000,522.00000000,745.00000000,519.00000000,535.00000000
58275,Mass Midstate Solar 3,MA,1,5.20000000,4.00000000,2014.00000000,25.00000000,180.00000000,42.21972200,-71.87861100,6288.00000000,17.94520548,187.00000000,413.00000000,512.00000000,634.00000000,744.00000000,725.00000000,638.00000000,689.00000000,514.00000000,561.00000000,406.00000000,265.00000000
58276,Mass Midstate Solar 2,MA,1,6.00000000,5.00000000,2014.00000000,25.00000000,180.00000000,42.17041700,-72.20014500,7260.00000000,16.57534247,187.00000000,515.00000000,658.00000000,720.00000000,860.00000000,852.00000000,744.00000000,816.00000000,598.00000000,644.00000000,406.00000000,260.00000000
58279,Mass Midstate Solar 1,MA,1,6.00000000,5.00000000,2014.00000000,25.00000000,180.00000000,42.21972200,-71.87833300,7248.00000000,16.54794521,222.00000000,500.00000000,597.00000000,626.00000000,841.00000000,853.00000000,744.00000000,819.00000000,602.00000000,665.00000000,470.00000000,309.00000000
58280,Millbury Solar,MA,1,3.90000000,3.00000000,2014.00000000,25.00000000,180.00000000,42.16472200,-71.79500000,4248.00000000,16.16438356,173.00000000,236.00000000,365.00000000,377.00000000,375.00000000,429.00000000,436.00000000,402.00000000,448.00000000,386.00000000,391.00000000,230.00000000
58282,Leicester One MA Solar LLC,MA,1,6.00000000,4.80000000,2015.00000000,10.00000000,180.00000000,42.22277800,-71.87861100,5590.00000000,13.29433029,111.00000000,347.00000000,421.00000000,698.00000000,590.00000000,728.00000000,766.00000000,501.00000000,464.00000000,500.00000000,305.00000000,159.00000000
58283,Freetown Solar,MA,1,5.80000000,4.50000000,2015.00000000,25.00000000,180.00000000,41.76638900,-70.98083300,5900.00000000,14.96702182,259.00000000,458.00000000,136.00000000,617.00000000,697.00000000,793.00000000,678.00000000,719.00000000,603.00000000,485.00000000,424.00000000,31.00000000
58289,Venable Solar 1,CA,1,1.80000000,1.50000000,2015.00000000,20.00000000,198.00000000,33.59888900,-114.57166700,3429.00000000,26.09589041,216.00000000,242.00000000,299.00000000,333.00000000,358.00000000,325.00000000,312.00000000,315.00000000,300.00000000,277.00000000,240.00000000,212.00000000
58290,Venable Solar 2,CA,1,1.80000000,1.50000000,2015.00000000,20.00000000,198.00000000,33.59722200,-114.57166700,3429.00000000,26.09589041,216.00000000,242.00000000,299.00000000,333.00000000,358.00000000,325.00000000,312.00000000,315.00000000,300.00000000,277.00000000,240.00000000,212.00000000
58292,Jewish Community Center PV,AZ,1,1.30000000,1.10000000,2012.00000000,5.00000000,180.00000000,33.60305600,-111.92472200,1792.00000000,18.59692819,94.00000000,116.00000000,160.00000000,199.00000000,226.00000000,174.00000000,164.00000000,150.00000000,141.00000000,127.00000000,132.00000000,109.00000000
58293,Paradise Valley H.S. PV,AZ,1,1.60000000,1.30000000,2013.00000000,5.00000000,180.00000000,33.64160000,-111.99970000,2059.00000000,18.08043555,109.00000000,128.00000000,171.00000000,217.00000000,237.00000000,181.00000000,200.00000000,205.00000000,207.00000000,169.00000000,123.00000000,112.00000000
58304,Kingsburg Solar,CA,3,4.20000000,3.70000000,2013.00000000,20.00000000,180.00000000,36.50527800,-119.54027800,6037.00000000,18.62581760,273.00000000,203.00000000,549.00000000,580.00000000,718.00000000,726.00000000,651.00000000,660.00000000,559.00000000,468.00000000,390.00000000,260.00000000
58305,PCIP Solar,NC,1,1.30000000,1.00000000,2011.00000000,26.00000000,180.00000000,36.31250000,-78.96750000,1639.00000000,18.71004566,100.00000000,121.00000000,151.00000000,151.00000000,157.00000000,170.00000000,156.00000000,161.00000000,121.00000000,153.00000000,103.00000000,95.00000000
58306,Exeter Solar,CA,3,4.20000000,3.50000000,2014.00000000,20.00000000,180.00000000,36.26750000,-119.12858100,4578.00000000,14.93150685,222.00000000,232.00000000,387.00000000,431.00000000,502.00000000,356.00000000,511.00000000,506.00000000,361.00000000,416.00000000,380.00000000,274.00000000
58307,Ivanhoe Solar,CA,3,4.20000000,3.50000000,2014.00000000,20.00000000,180.00000000,36.38750000,-119.25500000,5553.00000000,18.11154599,287.00000000,361.00000000,515.00000000,535.00000000,644.00000000,582.00000000,598.00000000,619.00000000,504.00000000,333.00000000,333.00000000,242.00000000
58308,Lindsay Solar,CA,3,4.80000000,4.00000000,2014.00000000,20.00000000,180.00000000,36.21194400,-119.13388900,6228.00000000,17.77397260,340.00000000,415.00000000,622.00000000,638.00000000,778.00000000,665.00000000,603.00000000,581.00000000,528.00000000,373.00000000,397.00000000,288.00000000
58309,Porterville Solar,CA,3,4.20000000,3.50000000,2014.00000000,20.00000000,180.00000000,36.10277800,-119.03972200,5730.00000000,18.68884540,405.00000000,323.00000000,522.00000000,563.00000000,578.00000000,599.00000000,695.00000000,544.00000000,418.00000000,448.00000000,353.00000000,282.00000000
58311,Chadbourn Farm,NC,1,7.00000000,5.00000000,2012.00000000,25.00000000,180.00000000,34.32465600,-78.76490100,8401.00000000,19.18036530,629.00000000,670.00000000,780.00000000,802.00000000,775.00000000,816.00000000,713.00000000,693.00000000,617.00000000,764.00000000,578.00000000,564.00000000
58312,Warrenton Farm,NC,1,5.60000000,4.00000000,2012.00000000,20.00000000,180.00000000,36.41500000,-78.17111100,6402.00000000,18.27054795,442.00000000,553.00000000,637.00000000,667.00000000,584.00000000,602.00000000,514.00000000,514.00000000,407.00000000,569.00000000,254.00000000,659.00000000
58313,Mocksville Farm,NC,1,6.40000000,5.00000000,2012.00000000,25.00000000,180.00000000,35.87861100,-80.54194400,8989.00000000,20.52283105,621.00000000,701.00000000,805.00000000,841.00000000,838.00000000,861.00000000,815.00000000,887.00000000,631.00000000,878.00000000,584.00000000,527.00000000
58314,Belwood Farm,NC,1,5.20000000,4.00000000,2012.00000000,25.00000000,180.00000000,35.47000000,-81.50833300,6004.00000000,17.13470320,456.00000000,521.00000000,584.00000000,249.00000000,535.00000000,615.00000000,613.00000000,659.00000000,443.00000000,557.00000000,366.00000000,406.00000000
58315,Arndt Farm,NC,1,6.50000000,5.00000000,2012.00000000,25.00000000,180.00000000,35.77916700,-81.17555600,8728.00000000,19.92694064,635.00000000,691.00000000,787.00000000,787.00000000,812.00000000,837.00000000,782.00000000,856.00000000,641.00000000,833.00000000,555.00000000,512.00000000
58316,Railroad Farm,NC,1,6.40000000,5.00000000,2012.00000000,25.00000000,180.00000000,34.82000000,-78.97083300,5764.00000000,13.15981735,447.00000000,478.00000000,554.00000000,532.00000000,532.00000000,568.00000000,487.00000000,510.00000000,423.00000000,525.00000000,348.00000000,360.00000000
58317,Watts Farm,NC,1,6.40000000,5.00000000,2012.00000000,25.00000000,180.00000000,34.72694400,-79.33527800,7120.00000000,16.25570776,439.00000000,538.00000000,721.00000000,769.00000000,733.00000000,802.00000000,664.00000000,578.00000000,450.00000000,595.00000000,430.00000000,401.00000000
58318,Farrington Farm,NC,1,1.10000000,1.00000000,2012.00000000,25.00000000,180.00000000,35.83277800,-79.02500000,1386.00000000,15.82191781,91.00000000,112.00000000,130.00000000,127.00000000,129.00000000,144.00000000,126.00000000,128.00000000,99.00000000,128.00000000,91.00000000,81.00000000
58323,Shannon Farm,NC,1,6.50000000,5.00000000,2012.00000000,25.00000000,180.00000000,34.84750000,-79.12888900,6991.00000000,15.96118721,505.00000000,574.00000000,661.00000000,687.00000000,655.00000000,680.00000000,614.00000000,604.00000000,520.00000000,633.00000000,425.00000000,433.00000000
58329,UMMS at Pocomoke,MD,1,3.70000000,2.80000000,2013.00000000,20.00000000,180.00000000,38.09805600,-75.61111100,5174.00000000,21.09425962,265.00000000,366.00000000,431.00000000,468.00000000,473.00000000,572.00000000,496.00000000,492.00000000,485.00000000,485.00000000,334.00000000,307.00000000
58331,Fuquay Farm,NC,1,6.40000000,5.00000000,2013.00000000,20.00000000,180.00000000,35.56435400,-78.71026100,8282.00000000,18.90867580,545.00000000,644.00000000,750.00000000,789.00000000,784.00000000,859.00000000,765.00000000,785.00000000,643.00000000,740.00000000,506.00000000,472.00000000
58332,Haynes Farm,NC,1,6.00000000,5.00000000,2013.00000000,20.00000000,180.00000000,35.52583300,-81.23527800,7206.00000000,16.45205479,487.00000000,344.00000000,612.00000000,720.00000000,711.00000000,744.00000000,706.00000000,756.00000000,553.00000000,698.00000000,445.00000000,430.00000000
58333,Lenoir Farm,NC,1,6.00000000,5.00000000,2013.00000000,25.00000000,190.00000000,35.33166700,-77.66638900,8269.00000000,18.87899543,585.00000000,659.00000000,708.00000000,774.00000000,775.00000000,822.00000000,724.00000000,706.00000000,614.00000000,785.00000000,561.00000000,556.00000000
58334,Lenoir Farm 2,NC,1,6.00000000,5.00000000,2013.00000000,25.00000000,188.00000000,35.35008100,-77.47510600,7888.00000000,18.00913242,561.00000000,643.00000000,699.00000000,764.00000000,760.00000000,794.00000000,680.00000000,678.00000000,588.00000000,695.00000000,510.00000000,516.00000000
58335,Marshville Farm,NC,1,6.00000000,5.00000000,2013.00000000,25.00000000,180.00000000,34.98888900,-80.38361100,7184.00000000,16.40182648,525.00000000,574.00000000,605.00000000,711.00000000,655.00000000,654.00000000,657.00000000,686.00000000,506.00000000,689.00000000,474.00000000,448.00000000
58336,Mile Farm,NC,1,6.40000000,5.00000000,2014.00000000,20.00000000,180.00000000,36.23056100,-78.94958600,7278.00000000,16.61643836,462.00000000,626.00000000,747.00000000,538.00000000,772.00000000,848.00000000,748.00000000,755.00000000,535.00000000,540.00000000,382.00000000,325.00000000
58337,Moore Solar Farm,NC,1,6.00000000,5.00000000,2013.00000000,20.00000000,180.00000000,36.27319200,-79.75920300,7465.00000000,17.04337900,490.00000000,581.00000000,698.00000000,717.00000000,738.00000000,782.00000000,736.00000000,616.00000000,553.00000000,664.00000000,470.00000000,420.00000000
58338,Moorings Farm,NC,1,6.00000000,5.00000000,2013.00000000,25.00000000,182.00000000,35.30583300,-77.82916700,7836.00000000,17.89041096,533.00000000,628.00000000,685.00000000,750.00000000,754.00000000,776.00000000,704.00000000,695.00000000,596.00000000,737.00000000,516.00000000,462.00000000
58339,New Bern Farm,NC,1,6.50000000,5.00000000,2014.00000000,20.00000000,200.00000000,35.20956400,-77.05672500,8416.00000000,19.21461187,578.00000000,659.00000000,747.00000000,821.00000000,833.00000000,865.00000000,759.00000000,697.00000000,592.00000000,760.00000000,533.00000000,572.00000000
58340,Roxboro Farm,NC,1,6.40000000,5.00000000,2014.00000000,25.00000000,180.00000000,36.47970000,-78.91736400,8692.00000000,19.84474886,535.00000000,673.00000000,790.00000000,815.00000000,832.00000000,893.00000000,823.00000000,836.00000000,628.00000000,803.00000000,565.00000000,499.00000000
58341,White Cross Farm,NC,1,6.00000000,5.00000000,2013.00000000,25.00000000,180.00000000,35.90714400,-79.18829700,8149.00000000,18.60502283,760.00000000,629.00000000,712.00000000,755.00000000,748.00000000,799.00000000,712.00000000,719.00000000,568.00000000,760.00000000,515.00000000,472.00000000
58342,Wilson Farm 1,NC,1,6.10000000,5.00000000,2013.00000000,25.00000000,180.00000000,35.80361100,-77.87361100,8112.00000000,18.52054795,743.00000000,637.00000000,699.00000000,744.00000000,753.00000000,807.00000000,710.00000000,708.00000000,561.00000000,744.00000000,517.00000000,489.00000000
58343,Yanceyville Farm,NC,1,6.20000000,5.00000000,2013.00000000,20.00000000,180.00000000,36.43944400,-79.27888900,8329.00000000,19.01598174,424.00000000,643.00000000,775.00000000,757.00000000,819.00000000,865.00000000,812.00000000,820.00000000,619.00000000,783.00000000,527.00000000,485.00000000
58344,AM Best Farm,NC,1,6.70000000,5.00000000,2013.00000000,20.00000000,190.00000000,35.41888900,-77.98555600,8739.00000000,19.95205479,813.00000000,682.00000000,752.00000000,833.00000000,851.00000000,851.00000000,647.00000000,779.00000000,677.00000000,813.00000000,538.00000000,503.00000000
58345,Mt Olive Farm 2,NC,1,6.70000000,5.00000000,2013.00000000,25.00000000,180.00000000,35.21805600,-78.06972200,8870.00000000,20.25114155,779.00000000,702.00000000,756.00000000,858.00000000,850.00000000,647.00000000,792.00000000,812.00000000,665.00000000,780.00000000,613.00000000,616.00000000
58346,Dibrell Farm,NC,1,6.50000000,5.00000000,2013.00000000,20.00000000,190.00000000,36.47166700,-79.52805600,9235.00000000,21.08447489,827.00000000,673.00000000,814.00000000,847.00000000,808.00000000,929.00000000,876.00000000,895.00000000,657.00000000,827.00000000,573.00000000,509.00000000
58347,Rock Farm,NC,1,6.70000000,5.00000000,2013.00000000,25.00000000,195.00000000,34.96555600,-79.60972200,8343.00000000,19.04794521,718.00000000,672.00000000,734.00000000,757.00000000,798.00000000,830.00000000,734.00000000,739.00000000,587.00000000,718.00000000,538.00000000,518.00000000
58348,Two Lines Farm,NC,1,6.40000000,5.00000000,2013.00000000,20.00000000,195.00000000,35.62916700,-81.32666700,8721.00000000,19.91095890,767.00000000,650.00000000,755.00000000,820.00000000,816.00000000,849.00000000,805.00000000,870.00000000,589.00000000,767.00000000,515.00000000,518.00000000
58349,Bolton Farm,NC,1,6.50000000,5.00000000,2013.00000000,20.00000000,176.00000000,36.42161700,-78.13231100,9137.00000000,20.86073059,833.00000000,686.00000000,791.00000000,841.00000000,866.00000000,898.00000000,801.00000000,842.00000000,635.00000000,833.00000000,573.00000000,538.00000000
58350,McCallum Farm,NC,1,6.50000000,5.00000000,2013.00000000,20.00000000,180.00000000,34.54388900,-79.30219000,8648.00000000,19.74429224,764.00000000,678.00000000,792.00000000,574.00000000,802.00000000,888.00000000,801.00000000,822.00000000,657.00000000,766.00000000,557.00000000,547.00000000
58354,Radiance Solar 4,CA,1,1.80000000,1.50000000,2013.00000000,25.00000000,200.00000000,34.66555600,-118.28805600,3253.00000000,24.75646880,204.00000000,205.00000000,274.00000000,326.00000000,350.00000000,315.00000000,309.00000000,307.00000000,285.00000000,262.00000000,219.00000000,197.00000000
58355,Radiance Solar 5,CA,1,1.80000000,1.50000000,2013.00000000,25.00000000,200.00000000,34.66555600,-118.28694400,2784.00000000,21.18721461,0.00000000,0.00000000,255.00000000,291.00000000,340.00000000,315.00000000,317.00000000,310.00000000,283.00000000,259.00000000,218.00000000,196.00000000
58357,Amazon,NJ,1,4.90000000,4.20000000,2011.00000000,16.00000000,154.00000000,40.56638900,-74.22138900,3906.00000000,10.61643836,65.00000000,262.00000000,257.00000000,291.00000000,382.00000000,473.00000000,484.00000000,436.00000000,388.00000000,422.00000000,265.00000000,181.00000000
58358,North Jersey Media Group Solar Facility,NJ,1,4.90000000,4.10000000,2013.00000000,20.00000000,217.00000000,40.92416700,-74.49472200,4143.00000000,11.53524891,100.00000000,493.00000000,360.00000000,356.00000000,426.00000000,461.00000000,442.00000000,381.00000000,335.00000000,385.00000000,247.00000000,157.00000000
58359,Corning Pharmaceutical Glass,NJ,1,2.80000000,2.30000000,2012.00000000,9.70000000,183.00000000,39.49666700,-75.01861100,2726.00000000,13.52987890,85.00000000,197.00000000,260.00000000,267.00000000,269.00000000,369.00000000,305.00000000,293.00000000,224.00000000,214.00000000,133.00000000,110.00000000
58361,Williams-Sonoma Solar Facility,NJ,1,3.60000000,3.00000000,2011.00000000,15.00000000,180.00000000,40.38777800,-74.45527800,4118.00000000,15.66971081,101.00000000,254.00000000,360.00000000,361.00000000,389.00000000,483.00000000,394.00000000,626.00000000,355.00000000,345.00000000,259.00000000,191.00000000
58362,Quittacas Pond Solar,MA,1,4.20000000,3.50000000,2013.00000000,30.00000000,180.00000000,41.78194400,-70.91333300,5084.00000000,16.58186562,250.00000000,412.00000000,239.00000000,480.00000000,547.00000000,586.00000000,535.00000000,565.00000000,257.00000000,522.00000000,370.00000000,321.00000000
58364,Tissington Solar,NJ,1,3.60000000,3.00000000,2019.00000000,25.00000000,180.00000000,41.20027800,-74.49194400,3706.00000000,14.10197869,74.00000000,257.00000000,329.00000000,341.00000000,390.00000000,324.00000000,407.00000000,419.00000000,364.00000000,413.00000000,258.00000000,130.00000000
58376,Oakley Solar Project,CA,1,1.70000000,1.50000000,2013.00000000,5.00000000,180.00000000,38.00166700,-121.74777800,1888.00000000,14.36834094,86.00000000,100.00000000,176.00000000,238.00000000,303.00000000,66.00000000,177.00000000,249.00000000,144.00000000,153.00000000,115.00000000,81.00000000
58381,Bryan Solar Field,OH,1,2.10000000,2.10000000,2012.00000000,25.00000000,180.00000000,41.47638900,-84.58611100,2495.00000000,13.56273103,26.00000000,190.00000000,210.00000000,266.00000000,291.00000000,314.00000000,239.00000000,262.00000000,263.00000000,252.00000000,97.00000000,85.00000000
58385,Northbridge Solar,MA,1,2.50000000,1.90000000,2013.00000000,25.00000000,180.00000000,42.16638900,-71.64555600,3396.00000000,20.40374910,91.00000000,267.00000000,295.00000000,308.00000000,352.00000000,387.00000000,356.00000000,322.00000000,297.00000000,312.00000000,248.00000000,161.00000000
58386,CU Solar Plant,OH,1,2.20000000,1.80000000,2013.00000000,25.00000000,180.00000000,39.74194400,-83.81694400,2159.00000000,13.69228818,69.00000000,129.00000000,149.00000000,151.00000000,212.00000000,246.00000000,270.00000000,260.00000000,219.00000000,181.00000000,161.00000000,112.00000000
58387,CES Sterling LLC,MA,1,2.40000000,2.00000000,2013.00000000,0.00000000,180.00000000,42.44194400,-71.72222200,3163.00000000,18.05365297,81.00000000,252.00000000,270.00000000,284.00000000,323.00000000,348.00000000,341.00000000,309.00000000,286.00000000,280.00000000,231.00000000,158.00000000
58391,IND Community Solar Farm 1st Phase,IN,1,12.50000000,10.00000000,2013.00000000,30.00000000,180.00000000,39.69520900,-86.31552500,13713.00000000,15.65410959,522.00000000,1077.00000000,1297.00000000,1274.00000000,1427.00000000,1456.00000000,1357.00000000,1443.00000000,1171.00000000,1359.00000000,703.00000000,627.00000000
58401,Volkswagen Solar System,TN,1,9.60000000,7.60000000,2012.00000000,25.00000000,180.00000000,35.09750000,-85.12694400,11710.00000000,17.58892093,636.00000000,885.00000000,1038.00000000,1051.00000000,1096.00000000,1158.00000000,961.00000000,1288.00000000,867.00000000,1224.00000000,780.00000000,726.00000000
58403,Bellingham PV,MA,1,3.80000000,3.00000000,2013.00000000,25.00000000,180.00000000,42.07500000,-71.70305600,4334.00000000,16.49162861,110.00000000,355.00000000,417.00000000,357.00000000,570.00000000,552.00000000,480.00000000,427.00000000,272.00000000,386.00000000,337.00000000,71.00000000
58410,Marshfield PV,MA,1,4.00000000,3.00000000,2013.00000000,22.00000000,177.00000000,42.11166700,-70.70944400,5225.00000000,19.88203957,180.00000000,393.00000000,504.00000000,523.00000000,660.00000000,584.00000000,537.00000000,481.00000000,566.00000000,272.00000000,367.00000000,158.00000000
58411,Orange PV,MA,1,2.40000000,2.00000000,2013.00000000,30.00000000,180.00000000,42.58500000,-72.29388900,2582.00000000,14.73744292,72.00000000,190.00000000,173.00000000,235.00000000,244.00000000,285.00000000,254.00000000,304.00000000,280.00000000,215.00000000,193.00000000,137.00000000
58412,Maynard PV,MA,1,1.20000000,1.00000000,2014.00000000,30.00000000,180.00000000,42.42833300,-71.43555600,1215.00000000,13.86986301,34.00000000,102.00000000,139.00000000,134.00000000,153.00000000,177.00000000,86.00000000,98.00000000,97.00000000,86.00000000,73.00000000,36.00000000
58418,Victor Dry Farm Ranch A,CA,1,6.00000000,5.00000000,2015.00000000,15.00000000,193.00000000,34.50111100,-117.46666700,9718.00000000,22.18721461,556.00000000,584.00000000,872.00000000,1050.00000000,1123.00000000,958.00000000,962.00000000,986.00000000,831.00000000,790.00000000,572.00000000,434.00000000
58419,Victor Dry Farm Ranch B,CA,1,5.60000000,5.00000000,2015.00000000,15.00000000,193.00000000,34.49777800,-117.47111100,9543.00000000,21.78767123,552.00000000,605.00000000,852.00000000,784.00000000,1126.00000000,1050.00000000,969.00000000,992.00000000,830.00000000,788.00000000,572.00000000,423.00000000
58423,Southbridge PV,MA,1,3.40000000,3.00000000,2014.00000000,30.00000000,180.00000000,42.04736100,-71.99286800,4381.00000000,16.67047184,102.00000000,251.00000000,297.00000000,366.00000000,868.00000000,451.00000000,504.00000000,426.00000000,362.00000000,314.00000000,306.00000000,134.00000000
58431,West Tennessee Solar Farm,TN,1,5.00000000,4.20000000,2012.00000000,24.00000000,180.00000000,35.40861100,-89.38750000,2392.00000000,6.50141335,71.00000000,141.00000000,179.00000000,183.00000000,181.00000000,197.00000000,234.00000000,289.00000000,208.00000000,347.00000000,202.00000000,160.00000000
58443,Martin Limestone Solar Array,PA,1,1.10000000,1.00000000,2012.00000000,31.00000000,180.00000000,40.10596000,-76.05934000,1553.00000000,17.72831050,46.00000000,128.00000000,139.00000000,143.00000000,135.00000000,176.00000000,157.00000000,146.00000000,132.00000000,159.00000000,109.00000000,83.00000000
58453,Dixon Dairy Road Solar,NC,1,5.00000000,4.00000000,2011.00000000,20.00000000,185.00000000,35.19916700,-81.41083300,6320.00000000,18.03652968,437.00000000,484.00000000,523.00000000,561.00000000,543.00000000,623.00000000,591.00000000,626.00000000,487.00000000,629.00000000,416.00000000,400.00000000
58463,Herbert Farm Solar,MD,1,7.00000000,5.50000000,2012.00000000,20.00000000,90.00000000,38.54555600,-76.79944400,7320.00000000,15.19302615,275.00000000,521.00000000,638.00000000,688.00000000,734.00000000,918.00000000,726.00000000,773.00000000,588.00000000,679.00000000,439.00000000,341.00000000
58473,Bruce A Henry Solar Farm,DE,1,5.20000000,4.00000000,2013.00000000,20.00000000,180.00000000,38.66399200,-75.40054200,6772.00000000,19.32648402,316.00000000,499.00000000,597.00000000,606.00000000,610.00000000,804.00000000,695.00000000,619.00000000,553.00000000,637.00000000,461.00000000,375.00000000
58479,SEV NM Phase 2,NM,1,2.50000000,2.00000000,2013.00000000,25.00000000,180.00000000,33.35111100,-104.50694400,4213.00000000,24.04680365,302.00000000,304.00000000,354.00000000,391.00000000,419.00000000,360.00000000,390.00000000,376.00000000,356.00000000,366.00000000,305.00000000,290.00000000
58481,CSU Pueblo,CO,1,1.20000000,1.00000000,2008.00000000,20.00000000,180.00000000,38.30611100,-104.58000000,1783.00000000,20.35388128,94.00000000,122.00000000,162.00000000,182.00000000,198.00000000,178.00000000,179.00000000,153.00000000,162.00000000,148.00000000,103.00000000,102.00000000
58482,"Azalea Solar, LLC",GA,1,9.70000000,7.70000000,2013.00000000,20.00000000,180.00000000,32.98083300,-82.59166700,12124.00000000,17.97426318,856.00000000,857.00000000,1105.00000000,1389.00000000,1239.00000000,1355.00000000,1079.00000000,1267.00000000,651.00000000,903.00000000,675.00000000,748.00000000
58485,Upson Rocky Creek Solar Plant,GA,1,1.00000000,0.80000000,2012.00000000,30.00000000,180.00000000,32.92083300,-84.34305600,1167.00000000,16.65239726,85.00000000,91.00000000,105.00000000,127.00000000,110.00000000,109.00000000,97.00000000,112.00000000,80.00000000,116.00000000,68.00000000,67.00000000
58491,"Sandy Cross Solar, LLC",NC,1,1.50000000,1.20000000,2012.00000000,25.00000000,180.00000000,35.86833300,-77.95416700,1301.00000000,12.37633181,132.00000000,115.00000000,174.00000000,170.00000000,168.00000000,176.00000000,105.00000000,111.00000000,45.00000000,40.00000000,27.00000000,38.00000000
58492,"Ararat Rock Solar, LLC",NC,1,4.50000000,3.50000000,2012.00000000,25.00000000,180.00000000,36.46111100,-80.60055600,5248.00000000,17.11676451,374.00000000,444.00000000,335.00000000,419.00000000,481.00000000,525.00000000,525.00000000,578.00000000,385.00000000,479.00000000,386.00000000,317.00000000
58493,"Progress Solar 1, LLC",NC,1,4.50000000,4.00000000,2012.00000000,25.00000000,180.00000000,35.94805600,-78.25083300,3666.00000000,10.46232877,340.00000000,409.00000000,461.00000000,286.00000000,410.00000000,399.00000000,285.00000000,257.00000000,133.00000000,264.00000000,221.00000000,201.00000000
58494,"Progress Solar II, LLC",NC,1,4.50000000,3.50000000,2012.00000000,20.00000000,180.00000000,34.47611100,-79.09750000,5163.00000000,16.83953033,382.00000000,437.00000000,489.00000000,526.00000000,490.00000000,511.00000000,448.00000000,447.00000000,341.00000000,487.00000000,324.00000000,281.00000000
58495,"Progress Solar III, LLC",NC,1,4.50000000,3.50000000,2012.00000000,20.00000000,180.00000000,34.71416700,-79.35388900,5760.00000000,18.78669276,412.00000000,468.00000000,534.00000000,567.00000000,562.00000000,604.00000000,500.00000000,484.00000000,411.00000000,480.00000000,364.00000000,374.00000000
58510,Kettleman Solar Project,CA,1,1.40000000,1.00000000,2014.00000000,20.00000000,180.00000000,38.12139000,-121.14122000,2647.00000000,30.21689498,87.00000000,144.00000000,213.00000000,268.00000000,346.00000000,322.00000000,287.00000000,282.00000000,255.00000000,218.00000000,135.00000000,90.00000000
58515,Chattanooga Metropolitan Airport Solar,TN,3,2.70000000,2.50000000,2019.00000000,15.00000000,180.00000000,35.02458300,-85.20861700,2583.00000000,11.79452055,124.00000000,164.00000000,193.00000000,206.00000000,284.00000000,310.00000000,269.00000000,287.00000000,179.00000000,268.00000000,159.00000000,140.00000000
58516,Union HS at Casa Grande,AZ,1,2.10000000,1.60000000,2012.00000000,12.00000000,180.00000000,32.93694400,-111.73861100,2859.00000000,20.39811644,174.00000000,204.00000000,205.00000000,285.00000000,253.00000000,256.00000000,300.00000000,298.00000000,280.00000000,238.00000000,192.00000000,174.00000000
58517,Vista Grande HS at Casa Grande,AZ,1,1.80000000,1.40000000,2012.00000000,2.00000000,270.00000000,32.89138900,-111.71305600,2767.00000000,22.56196999,135.00000000,180.00000000,238.00000000,291.00000000,308.00000000,271.00000000,279.00000000,263.00000000,251.00000000,214.00000000,178.00000000,159.00000000
58519,Alethea I,NJ,1,3.00000000,2.80000000,2011.00000000,25.00000000,180.00000000,40.00055600,-74.73500000,3630.00000000,14.79941292,111.00000000,297.00000000,320.00000000,339.00000000,311.00000000,417.00000000,389.00000000,374.00000000,297.00000000,384.00000000,237.00000000,154.00000000
58520,Otero Solar,NM,1,9.60000000,8.00000000,2013.00000000,25.00000000,180.00000000,32.97638900,-105.97111100,17116.00000000,24.42351598,1083.00000000,1239.00000000,1527.00000000,1707.00000000,1870.00000000,1578.00000000,1666.00000000,1183.00000000,1599.00000000,1205.00000000,1222.00000000,1237.00000000
58521,Manzano Solar,NM,1,10.10000000,8.40000000,2013.00000000,25.00000000,180.00000000,34.74666700,-106.65444400,18310.00000000,24.88312677,1049.00000000,1343.00000000,1522.00000000,1746.00000000,1853.00000000,1588.00000000,1847.00000000,1778.00000000,1650.00000000,1562.00000000,1147.00000000,1225.00000000
58524,Neuse River Solar Farm,NC,1,1.30000000,1.10000000,2011.00000000,25.00000000,180.00000000,35.71444400,-78.49888900,1506.00000000,15.62889166,99.00000000,127.00000000,151.00000000,163.00000000,121.00000000,147.00000000,153.00000000,152.00000000,106.00000000,125.00000000,84.00000000,78.00000000
58527,Crown Cooling Facility,CA,1,1.20000000,1.00000000,2011.00000000,30.00000000,180.00000000,32.96722200,-115.53250000,982.00000000,11.21004566,45.00000000,55.00000000,60.00000000,68.00000000,85.00000000,100.00000000,116.00000000,113.00000000,108.00000000,93.00000000,79.00000000,60.00000000
58529,Progress Manis I,NC,1,2.40000000,2.00000000,2012.00000000,24.00000000,180.00000000,34.75638900,-79.44722200,1996.00000000,11.39269406,168.00000000,135.00000000,193.00000000,216.00000000,208.00000000,206.00000000,161.00000000,137.00000000,129.00000000,198.00000000,118.00000000,127.00000000
58531,North Carolina Solar Bethea I,NC,1,2.40000000,2.00000000,2013.00000000,24.00000000,180.00000000,34.70472200,-79.52583300,3089.00000000,17.63127854,193.00000000,257.00000000,253.00000000,301.00000000,304.00000000,308.00000000,289.00000000,285.00000000,240.00000000,303.00000000,180.00000000,176.00000000
58534,Westford Solar Park,MA,1,4.50000000,4.00000000,2012.00000000,20.00000000,180.00000000,42.63638900,-71.41944400,4641.00000000,13.24486301,90.00000000,334.00000000,392.00000000,455.00000000,501.00000000,558.00000000,518.00000000,484.00000000,439.00000000,389.00000000,285.00000000,196.00000000
58538,PCSP3 Airport,NC,1,3.00000000,2.50000000,2011.00000000,25.00000000,180.00000000,36.28805600,-78.98611100,3812.00000000,17.40639269,248.00000000,264.00000000,289.00000000,347.00000000,354.00000000,394.00000000,392.00000000,336.00000000,392.00000000,230.00000000,318.00000000,248.00000000
58540,Silver City WWTP PV Project,NM,1,1.10000000,1.00000000,2013.00000000,30.00000000,180.00000000,32.71388900,-108.24805600,1974.00000000,22.53424658,148.00000000,161.00000000,177.00000000,197.00000000,203.00000000,165.00000000,167.00000000,141.00000000,144.00000000,177.00000000,152.00000000,142.00000000
58541,SunGen Sharon 1 LLC,VT,1,2.50000000,1.80000000,2012.00000000,25.00000000,185.00000000,43.79111700,-72.49761700,2528.00000000,16.03247083,35.00000000,0.00000000,210.00000000,278.00000000,316.00000000,336.00000000,361.00000000,290.00000000,297.00000000,239.00000000,133.00000000,33.00000000
58547,SMPA Solar 1 Community Solar,CO,1,1.10000000,1.00000000,2012.00000000,35.00000000,180.00000000,38.27250000,-108.78555600,1733.00000000,19.78310502,114.00000000,134.00000000,149.00000000,181.00000000,177.00000000,139.00000000,142.00000000,153.00000000,162.00000000,141.00000000,124.00000000,117.00000000
58549,Port Allen Solar,HI,1,7.20000000,6.00000000,2012.00000000,10.00000000,180.00000000,21.90194400,-159.58166700,8485.00000000,16.14345510,421.00000000,615.00000000,698.00000000,702.00000000,561.00000000,802.00000000,860.00000000,882.00000000,756.00000000,655.00000000,799.00000000,734.00000000
58550,Owens Corning at Bethlehem,NY,1,2.30000000,2.00000000,2013.00000000,25.00000000,180.00000000,42.58694400,-73.86500000,2705.00000000,15.43949772,79.00000000,163.00000000,261.00000000,295.00000000,381.00000000,182.00000000,363.00000000,119.00000000,343.00000000,261.00000000,170.00000000,88.00000000
58552,"Indy Solar I, LLC",IN,1,13.90000000,10.00000000,2013.00000000,20.00000000,180.00000000,39.66277800,-85.98555600,15129.00000000,17.27054795,572.00000000,1147.00000000,1418.00000000,1435.00000000,1648.00000000,1556.00000000,1555.00000000,1600.00000000,1406.00000000,1467.00000000,681.00000000,644.00000000
58553,"Indy Solar III, LLC",IN,1,11.90000000,8.60000000,2013.00000000,20.00000000,180.00000000,39.65944400,-86.25972200,13522.00000000,17.94892216,434.00000000,987.00000000,1236.00000000,1229.00000000,1424.00000000,1256.00000000,1637.00000000,1756.00000000,1183.00000000,1215.00000000,626.00000000,539.00000000
58556,"Indy Solar II, LLC",IN,1,13.90000000,10.10000000,2013.00000000,20.00000000,180.00000000,39.66277800,-85.98555600,14705.00000000,16.62032642,552.00000000,1180.00000000,1275.00000000,1516.00000000,1659.00000000,1654.00000000,1265.00000000,1384.00000000,1314.00000000,1581.00000000,669.00000000,656.00000000
58561,Merrimac Solar,MA,1,2.00000000,1.50000000,2013.00000000,25.00000000,180.00000000,42.83305600,-70.99194400,2294.00000000,17.45814307,55.00000000,176.00000000,189.00000000,216.00000000,248.00000000,259.00000000,264.00000000,233.00000000,220.00000000,196.00000000,145.00000000,93.00000000
58564,Frenchtown III Solar,NJ,1,11.50000000,7.90000000,2013.00000000,25.00000000,180.00000000,40.48250000,-75.01805600,12242.00000000,17.68972892,325.00000000,863.00000000,1127.00000000,1161.00000000,1194.00000000,1429.00000000,1340.00000000,1230.00000000,1062.00000000,1275.00000000,775.00000000,461.00000000
58568,Cottage Street Solar Facility,MA,1,3.90000000,3.20000000,2014.00000000,20.00000000,180.00000000,42.14527800,-72.53833300,2791.00000000,9.95647831,187.00000000,294.00000000,346.00000000,256.00000000,282.00000000,116.00000000,0.00000000,410.00000000,250.00000000,277.00000000,198.00000000,175.00000000
58569,Paradise Solar Energy Center,NJ,1,5.50000000,5.00000000,2011.00000000,25.00000000,180.00000000,39.83583300,-75.22250000,6317.00000000,14.42237443,224.00000000,585.00000000,617.00000000,597.00000000,573.00000000,588.00000000,493.00000000,535.00000000,654.00000000,572.00000000,497.00000000,382.00000000
58572,Lakeland Solar Energy LLC,GA,2,2.00000000,1.80000000,2013.00000000,25.00000000,180.00000000,31.02694400,-83.05500000,3425.00000000,21.72120751,272.00000000,323.00000000,230.00000000,361.00000000,353.00000000,357.00000000,334.00000000,332.00000000,234.00000000,203.00000000,157.00000000,269.00000000
58576,GSE NM1,NM,1,2.90000000,2.30000000,2011.00000000,25.00000000,180.00000000,33.30000000,-104.40000000,4732.00000000,23.48620210,315.00000000,330.00000000,395.00000000,446.00000000,499.00000000,432.00000000,479.00000000,463.00000000,418.00000000,396.00000000,295.00000000,264.00000000
58581,Oltmans SCE at Champagne,CA,1,1.40000000,1.00000000,2013.00000000,10.00000000,180.00000000,34.04388900,-117.53111100,1519.00000000,17.34018265,108.00000000,98.00000000,145.00000000,172.00000000,166.00000000,133.00000000,180.00000000,160.00000000,130.00000000,137.00000000,51.00000000,39.00000000
58582,Oltmans SCE at Jurupa,CA,1,2.00000000,1.50000000,2013.00000000,10.00000000,180.00000000,34.05000000,-117.59611100,2361.00000000,17.96803653,116.00000000,153.00000000,220.00000000,260.00000000,161.00000000,271.00000000,268.00000000,244.00000000,190.00000000,168.00000000,166.00000000,144.00000000
58583,Forbes Street Solar,RI,1,3.70000000,3.00000000,2013.00000000,20.00000000,180.00000000,41.77305600,-71.33888900,3576.00000000,13.60730594,97.00000000,230.00000000,264.00000000,370.00000000,446.00000000,439.00000000,395.00000000,360.00000000,297.00000000,345.00000000,184.00000000,149.00000000
58588,Sue Cleveland High School,NM,1,1.20000000,1.00000000,2013.00000000,20.00000000,180.00000000,35.31333300,-106.65777800,2304.00000000,26.30136986,119.00000000,160.00000000,195.00000000,236.00000000,254.00000000,212.00000000,238.00000000,222.00000000,201.00000000,186.00000000,140.00000000,141.00000000
58589,Rio Rancho High School,NM,1,1.20000000,1.00000000,2013.00000000,20.00000000,180.00000000,35.26444400,-106.66777800,2155.00000000,24.60045662,137.00000000,159.00000000,191.00000000,237.00000000,234.00000000,188.00000000,108.00000000,227.00000000,219.00000000,159.00000000,142.00000000,154.00000000
58598,Beryl Solar Plant,UT,1,3.40000000,3.00000000,2015.00000000,30.00000000,180.00000000,37.63916700,-113.64583300,6340.00000000,24.12480974,362.00000000,397.00000000,495.00000000,614.00000000,660.00000000,626.00000000,591.00000000,615.00000000,589.00000000,535.00000000,435.00000000,421.00000000
58599,Cedar Valley Solar Plant,UT,1,3.40000000,3.00000000,2015.00000000,30.00000000,180.00000000,37.80777800,-113.09000000,6021.00000000,22.91095890,334.00000000,383.00000000,493.00000000,601.00000000,649.00000000,553.00000000,597.00000000,568.00000000,544.00000000,462.00000000,424.00000000,413.00000000
58600,Buckhorn Solar Plant,UT,1,3.40000000,3.00000000,2015.00000000,30.00000000,180.00000000,38.02333300,-112.73166700,5869.00000000,22.33257230,331.00000000,395.00000000,463.00000000,583.00000000,626.00000000,590.00000000,554.00000000,500.00000000,520.00000000,474.00000000,431.00000000,402.00000000
58601,Milford Flat Solar Plant,UT,1,3.40000000,3.00000000,2015.00000000,30.00000000,180.00000000,38.29138900,-113.00833300,6198.00000000,23.58447489,339.00000000,389.00000000,480.00000000,609.00000000,655.00000000,617.00000000,580.00000000,591.00000000,579.00000000,530.00000000,421.00000000,408.00000000
58602,Laho Solar Plant,UT,1,3.40000000,3.00000000,2015.00000000,30.00000000,180.00000000,38.29138900,-113.03555600,6245.00000000,23.76331811,347.00000000,398.00000000,462.00000000,613.00000000,656.00000000,620.00000000,593.00000000,585.00000000,586.00000000,537.00000000,436.00000000,412.00000000
58603,Greenville Solar Plant,UT,1,2.50000000,2.20000000,2015.00000000,30.00000000,180.00000000,38.25611100,-112.73583300,4396.00000000,22.81029473,226.00000000,284.00000000,313.00000000,431.00000000,460.00000000,452.00000000,437.00000000,404.00000000,410.00000000,375.00000000,314.00000000,290.00000000
58604,Granite Peak Solar Plant,UT,1,3.40000000,3.00000000,2015.00000000,30.00000000,180.00000000,38.40277800,-112.98888900,6205.00000000,23.61111111,324.00000000,397.00000000,481.00000000,592.00000000,644.00000000,610.00000000,609.00000000,602.00000000,585.00000000,533.00000000,435.00000000,393.00000000
58605,Blueberry One,NC,1,6.80000000,5.00000000,2016.00000000,20.00000000,180.00000000,35.31388900,-78.15416700,9107.00000000,20.79223744,616.00000000,693.00000000,750.00000000,852.00000000,837.00000000,948.00000000,876.00000000,902.00000000,707.00000000,724.00000000,594.00000000,608.00000000
58612,Otoe Solar Power Generation Station 1 LL,CA,1,1.90000000,1.50000000,2013.00000000,20.00000000,198.00000000,34.54500000,-117.19194400,3421.00000000,26.03500761,199.00000000,218.00000000,290.00000000,346.00000000,365.00000000,340.00000000,323.00000000,343.00000000,292.00000000,282.00000000,229.00000000,194.00000000
58615,Indianapolis Motor Speedway Solar PV,IN,1,11.20000000,9.00000000,2014.00000000,26.00000000,270.00000000,39.79000000,-86.23361100,12722.00000000,16.13647894,399.00000000,909.00000000,1101.00000000,1164.00000000,1319.00000000,1315.00000000,1299.00000000,1378.00000000,1243.00000000,1348.00000000,645.00000000,602.00000000
58618,Butler Plaza,FL,1,1.60000000,1.20000000,2010.00000000,5.00000000,147.00000000,29.62305600,-82.38000000,1875.00000000,17.83675799,108.00000000,134.00000000,157.00000000,198.00000000,194.00000000,189.00000000,180.00000000,178.00000000,143.00000000,151.00000000,133.00000000,110.00000000
58624,Berkshire 1,MA,1,2.00000000,1.80000000,2011.00000000,30.00000000,178.00000000,42.11444400,-73.40527800,2387.00000000,15.13825469,67.00000000,166.00000000,206.00000000,206.00000000,254.00000000,260.00000000,266.00000000,228.00000000,228.00000000,230.00000000,161.00000000,115.00000000
58640,KRS II Koloa Solar,HI,1,14.20000000,12.00000000,2014.00000000,20.00000000,180.00000000,21.90083300,-159.45000000,19812.00000000,18.84703196,1488.00000000,1692.00000000,1764.00000000,1656.00000000,1500.00000000,1668.00000000,1644.00000000,1776.00000000,1740.00000000,1716.00000000,1572.00000000,1596.00000000
58642,Tulare 1 and 2,CA,2,3.60000000,3.00000000,2014.00000000,20.00000000,180.00000000,36.20000000,-119.42000000,5322.00000000,20.25114155,201.00000000,339.00000000,522.00000000,520.00000000,607.00000000,564.00000000,562.00000000,520.00000000,502.00000000,424.00000000,332.00000000,229.00000000
58643,Rockford Solar Farm,IL,1,3.10000000,2.60000000,2012.00000000,30.00000000,180.00000000,42.17527800,-89.08833300,3539.00000000,15.53828591,105.00000000,265.00000000,258.00000000,334.00000000,386.00000000,449.00000000,402.00000000,384.00000000,372.00000000,252.00000000,178.00000000,154.00000000
58647,Port Richmond WWT Solar,NY,1,1.90000000,1.00000000,2015.00000000,20.00000000,180.00000000,40.63805600,-74.12611100,1418.00000000,16.18721461,45.00000000,102.00000000,129.00000000,134.00000000,145.00000000,168.00000000,163.00000000,142.00000000,119.00000000,121.00000000,92.00000000,58.00000000
58650,North Brookfield,MA,1,3.60000000,3.00000000,2014.00000000,25.00000000,180.00000000,42.27805600,-72.05305600,4194.00000000,15.95890411,100.00000000,340.00000000,384.00000000,388.00000000,461.00000000,444.00000000,436.00000000,407.00000000,371.00000000,392.00000000,288.00000000,183.00000000
58651,Kalaeloa Renewable Energy Park,HI,1,6.10000000,5.00000000,2014.00000000,10.00000000,180.00000000,21.32805600,-158.04000000,4338.00000000,9.90410959,390.00000000,412.00000000,105.00000000,443.00000000,397.00000000,480.00000000,438.00000000,438.00000000,351.00000000,350.00000000,276.00000000,258.00000000
58653,Jersey Gardens Phase 1,NJ,1,2.00000000,1.70000000,2011.00000000,5.00000000,26.70000000,40.66083300,-74.17333300,2260.00000000,15.17593339,89.00000000,115.00000000,158.00000000,182.00000000,273.00000000,305.00000000,293.00000000,237.00000000,209.00000000,194.00000000,120.00000000,85.00000000
58654,Jersey Gardens Phase 2,NJ,1,2.80000000,2.30000000,2012.00000000,5.00000000,180.00000000,40.66083300,-74.17333300,2966.00000000,14.72106413,61.00000000,147.00000000,256.00000000,248.00000000,326.00000000,414.00000000,394.00000000,329.00000000,283.00000000,236.00000000,156.00000000,116.00000000
58655,Waihonu North Solar,HI,10,5.00000000,5.00000000,2016.00000000,10.00000000,180.00000000,21.47055600,-158.01333300,4457.00000000,10.17579909,426.00000000,335.00000000,285.00000000,386.00000000,358.00000000,443.00000000,333.00000000,493.00000000,399.00000000,393.00000000,319.00000000,287.00000000
58656,Waihonu South Solar,HI,3,1.50000000,1.50000000,2016.00000000,10.00000000,180.00000000,21.46888900,-158.01638900,1282.00000000,9.75646880,94.00000000,78.00000000,101.00000000,96.00000000,106.00000000,76.00000000,105.00000000,135.00000000,119.00000000,140.00000000,113.00000000,119.00000000
58659,Aloha Solar Energy Fund 1 PK1,HI,1,6.20000000,5.00000000,2017.00000000,15.00000000,180.00000000,21.40694400,-158.15138900,6591.00000000,15.04794521,493.00000000,521.00000000,640.00000000,535.00000000,505.00000000,757.00000000,676.00000000,531.00000000,483.00000000,548.00000000,405.00000000,497.00000000
58662,Mauka FIT One,HI,1,6.00000000,3.50000000,2020.00000000,15.00000000,180.00000000,21.67972200,-157.98444400,3132.00000000,10.21526419,367.00000000,159.00000000,0.00000000,138.00000000,271.00000000,402.00000000,303.00000000,229.00000000,547.00000000,456.00000000,124.00000000,136.00000000
58665,"Celina Solar Project #1, LLC",OH,1,5.00000000,4.00000000,2012.00000000,25.00000000,180.00000000,40.54055600,-84.59055600,6454.00000000,18.41894977,190.00000000,479.00000000,400.00000000,636.00000000,737.00000000,718.00000000,760.00000000,733.00000000,608.00000000,670.00000000,295.00000000,228.00000000
58667,Biscoe Solar LLC,NC,1,6.60000000,5.00000000,2014.00000000,20.00000000,180.00000000,35.38388900,-79.77027800,8360.00000000,19.08675799,468.00000000,674.00000000,766.00000000,825.00000000,779.00000000,892.00000000,785.00000000,866.00000000,357.00000000,847.00000000,574.00000000,527.00000000
58668,Rockwell Solar LLC,NC,1,4.20000000,3.50000000,2014.00000000,20.00000000,180.00000000,35.54166700,-80.47472200,4460.00000000,14.54664057,332.00000000,371.00000000,442.00000000,455.00000000,401.00000000,466.00000000,397.00000000,365.00000000,312.00000000,412.00000000,264.00000000,243.00000000
58669,Selma Solar LLC,NC,1,6.50000000,5.00000000,2014.00000000,20.00000000,180.00000000,35.57638900,-78.18333300,7752.00000000,17.69863014,442.00000000,537.00000000,584.00000000,696.00000000,689.00000000,826.00000000,747.00000000,591.00000000,389.00000000,923.00000000,679.00000000,649.00000000
58670,Turkey Branch Solar LLC,NC,1,6.50000000,5.00000000,2014.00000000,20.00000000,180.00000000,34.52444400,-79.10444400,7149.00000000,16.32191781,540.00000000,613.00000000,735.00000000,745.00000000,711.00000000,725.00000000,726.00000000,619.00000000,276.00000000,558.00000000,451.00000000,450.00000000
58674,Cirrus Solar LLC,NC,1,6.50000000,5.00000000,2014.00000000,20.00000000,180.00000000,35.96944400,-78.26500000,6356.00000000,14.51141553,572.00000000,673.00000000,695.00000000,795.00000000,751.00000000,850.00000000,547.00000000,711.00000000,207.00000000,268.00000000,103.00000000,184.00000000
58675,Chocowinity Solar LLC,NC,1,6.50000000,5.00000000,2014.00000000,20.00000000,180.00000000,35.51500000,-77.09000000,6640.00000000,15.15981735,518.00000000,710.00000000,701.00000000,837.00000000,821.00000000,869.00000000,588.00000000,469.00000000,373.00000000,398.00000000,186.00000000,170.00000000
58676,Pearl City Peninsula Solar Park,HI,1,1.20000000,1.00000000,2012.00000000,15.00000000,180.00000000,21.37555600,-157.96805600,1233.00000000,14.07534247,94.00000000,104.00000000,114.00000000,108.00000000,99.00000000,107.00000000,101.00000000,97.00000000,108.00000000,112.00000000,88.00000000,101.00000000
58680,Braley Road 2,MA,1,3.50000000,2.60000000,2015.00000000,25.00000000,180.00000000,41.75166700,-70.96694400,1567.00000000,6.88004917,0.00000000,0.00000000,0.00000000,0.00000000,0.00000000,9.00000000,277.00000000,344.00000000,325.00000000,237.00000000,217.00000000,158.00000000
58682,Dartmouth,MA,1,7.50000000,6.30000000,2014.00000000,25.00000000,180.00000000,41.67611100,-70.99694400,7855.00000000,14.23316663,339.00000000,587.00000000,777.00000000,829.00000000,798.00000000,781.00000000,582.00000000,709.00000000,662.00000000,782.00000000,583.00000000,426.00000000
58684,Kapolei Solar Energy Park,HI,1,1.20000000,1.00000000,2012.00000000,15.00000000,180.00000000,21.32111100,-158.11750000,1380.00000000,15.75342466,100.00000000,107.00000000,123.00000000,121.00000000,121.00000000,131.00000000,130.00000000,127.00000000,115.00000000,115.00000000,88.00000000,102.00000000
58698,Mira Loma,CA,3,3.40000000,3.00000000,2011.00000000,9.00000000,180.00000000,34.01305600,-117.53750000,1913.00000000,7.27929985,159.00000000,93.00000000,155.00000000,167.00000000,244.00000000,195.00000000,198.00000000,200.00000000,141.00000000,137.00000000,115.00000000,109.00000000
58700,Colleton Solar Farm,SC,1,3.00000000,2.50000000,2013.00000000,25.00000000,180.00000000,32.91333300,-80.69250000,3385.00000000,15.45662100,228.00000000,256.00000000,304.00000000,373.00000000,337.00000000,332.00000000,336.00000000,300.00000000,221.00000000,320.00000000,205.00000000,173.00000000
58702,Axio Green LLC,MA,1,2.00000000,1.80000000,2012.00000000,20.00000000,180.00000000,42.57611100,-72.61000000,2510.00000000,15.91831558,58.00000000,203.00000000,224.00000000,225.00000000,270.00000000,279.00000000,284.00000000,245.00000000,229.00000000,223.00000000,160.00000000,110.00000000
58703,Lenape II,IN,1,5.00000000,4.00000000,2015.00000000,10.00000000,180.00000000,39.77666700,-86.04277800,5066.00000000,14.45776256,29.00000000,187.00000000,414.00000000,467.00000000,540.00000000,621.00000000,671.00000000,677.00000000,530.00000000,503.00000000,240.00000000,187.00000000
58708,Phoenix Airport East Economy Lot,AZ,1,5.40000000,1.10000000,2012.00000000,5.00000000,90.00000000,33.43450000,-111.98420000,1277.00000000,13.25238688,70.00000000,86.00000000,100.00000000,122.00000000,148.00000000,141.00000000,149.00000000,140.00000000,131.00000000,102.00000000,61.00000000,27.00000000
58709,Phoenix Airport Rental Car Center,AZ,1,5.40000000,1.60000000,2012.00000000,5.00000000,90.00000000,33.43042000,-112.04484000,4405.00000000,31.42836758,187.00000000,234.00000000,322.00000000,311.00000000,430.00000000,371.00000000,570.00000000,522.00000000,484.00000000,404.00000000,319.00000000,251.00000000
58722,Charlotte Solar,NC,1,6.60000000,5.00000000,2015.00000000,20.00000000,180.00000000,35.26194400,-81.82166700,8798.00000000,20.08675799,651.00000000,647.00000000,814.00000000,846.00000000,866.00000000,889.00000000,827.00000000,869.00000000,566.00000000,781.00000000,532.00000000,510.00000000
58725,Elliana Solar,NC,1,7.00000000,5.00000000,2015.00000000,20.00000000,180.00000000,36.13111100,-79.33250000,8285.00000000,18.91552511,450.00000000,670.00000000,822.00000000,860.00000000,852.00000000,858.00000000,809.00000000,866.00000000,546.00000000,737.00000000,470.00000000,345.00000000
58726,Flash Solar,NC,1,6.40000000,5.00000000,2015.00000000,20.00000000,180.00000000,35.75805600,-81.22944400,7746.00000000,17.68493151,582.00000000,661.00000000,678.00000000,805.00000000,575.00000000,730.00000000,656.00000000,702.00000000,554.00000000,797.00000000,533.00000000,473.00000000
58730,Amethyst Solar,NC,1,4.30000000,3.00000000,2016.00000000,25.00000000,180.00000000,35.31694400,-81.92638900,5419.00000000,20.62024353,423.00000000,271.00000000,481.00000000,527.00000000,565.00000000,529.00000000,544.00000000,575.00000000,312.00000000,499.00000000,331.00000000,362.00000000
58731,Angel Solar,NC,1,6.40000000,5.00000000,2015.00000000,20.00000000,180.00000000,35.65111100,-81.20861100,7549.00000000,17.23515982,417.00000000,625.00000000,744.00000000,783.00000000,792.00000000,854.00000000,783.00000000,881.00000000,607.00000000,543.00000000,353.00000000,167.00000000
58732,Audrey Solar,NC,1,3.70000000,3.00000000,2016.00000000,25.00000000,180.00000000,35.32805600,-81.62194400,4446.00000000,16.91780822,309.00000000,36.00000000,438.00000000,451.00000000,472.00000000,487.00000000,441.00000000,512.00000000,376.00000000,437.00000000,285.00000000,202.00000000
58735,Buddy Solar,NC,1,4.70000000,4.00000000,2015.00000000,20.00000000,180.00000000,35.54194400,-80.36333300,5497.00000000,15.68778539,344.00000000,407.00000000,491.00000000,525.00000000,551.00000000,611.00000000,538.00000000,595.00000000,401.00000000,364.00000000,355.00000000,315.00000000
58739,Milo Solar,NC,1,4.30000000,3.00000000,2016.00000000,25.00000000,180.00000000,36.14888900,-79.34888900,5425.00000000,20.64307458,361.00000000,432.00000000,500.00000000,515.00000000,534.00000000,561.00000000,527.00000000,532.00000000,373.00000000,428.00000000,349.00000000,313.00000000
58740,Minnie Solar,NC,1,4.10000000,3.00000000,2016.00000000,25.00000000,180.00000000,35.94805600,-79.36194400,5254.00000000,19.99238965,338.00000000,415.00000000,482.00000000,495.00000000,475.00000000,546.00000000,480.00000000,527.00000000,394.00000000,507.00000000,299.00000000,296.00000000
58741,Nick Solar,NC,1,6.50000000,5.00000000,2014.00000000,20.00000000,180.00000000,35.99111100,-79.54805600,8858.00000000,20.22374429,490.00000000,626.00000000,688.00000000,847.00000000,698.00000000,851.00000000,794.00000000,886.00000000,477.00000000,993.00000000,776.00000000,732.00000000
58742,Owen Solar,NC,1,7.00000000,5.00000000,2016.00000000,25.00000000,180.00000000,35.58611100,-81.31527800,7964.00000000,18.18264840,629.00000000,732.00000000,840.00000000,880.00000000,877.00000000,887.00000000,861.00000000,301.00000000,143.00000000,789.00000000,540.00000000,485.00000000
58745,Sophie Solar,NC,1,5.90000000,4.50000000,2016.00000000,25.00000000,180.00000000,35.30500000,-81.69694400,7534.00000000,19.11212582,529.00000000,603.00000000,679.00000000,746.00000000,702.00000000,789.00000000,742.00000000,820.00000000,516.00000000,696.00000000,415.00000000,297.00000000
58746,Star Solar,NC,1,7.00000000,5.00000000,2016.00000000,25.00000000,180.00000000,36.08000000,-78.82388900,8828.00000000,20.15525114,565.00000000,718.00000000,815.00000000,859.00000000,883.00000000,991.00000000,757.00000000,881.00000000,608.00000000,760.00000000,506.00000000,485.00000000
58749,Tihonet Solar,MA,1,1.40000000,1.00000000,2014.00000000,30.00000000,180.00000000,41.78750000,-70.72333300,1825.00000000,20.83333333,89.00000000,129.00000000,146.00000000,161.00000000,177.00000000,196.00000000,178.00000000,177.00000000,152.00000000,174.00000000,139.00000000,107.00000000
58751,Rodeo Solar C2,CA,1,2.10000000,1.50000000,2014.00000000,25.00000000,193.00000000,34.71333300,-118.28944400,2911.00000000,22.15372907,251.00000000,233.00000000,294.00000000,340.00000000,307.00000000,237.00000000,229.00000000,168.00000000,193.00000000,198.00000000,217.00000000,244.00000000
58752,Rodeo Solar D2,CA,1,2.10000000,1.50000000,2014.00000000,25.00000000,193.00000000,34.71333300,-118.28944400,2633.00000000,20.03805175,205.00000000,203.00000000,200.00000000,232.00000000,256.00000000,244.00000000,236.00000000,178.00000000,188.00000000,208.00000000,235.00000000,248.00000000
58753,Summer Solar A2,CA,1,2.10000000,1.50000000,2014.00000000,25.00000000,193.00000000,34.72305600,-118.28972200,3240.00000000,24.65753425,243.00000000,223.00000000,267.00000000,280.00000000,369.00000000,301.00000000,257.00000000,285.00000000,302.00000000,273.00000000,203.00000000,237.00000000
58754,Summer Solar B2,CA,1,2.10000000,1.50000000,2014.00000000,25.00000000,193.00000000,34.72305600,-118.28972200,3035.00000000,23.09741248,231.00000000,204.00000000,249.00000000,297.00000000,336.00000000,288.00000000,320.00000000,304.00000000,226.00000000,153.00000000,205.00000000,222.00000000
58755,Summer Solar C2,CA,1,2.10000000,1.50000000,2014.00000000,25.00000000,193.00000000,34.72305600,-118.28972200,2509.00000000,19.09436834,202.00000000,200.00000000,172.00000000,143.00000000,182.00000000,116.00000000,288.00000000,326.00000000,285.00000000,261.00000000,173.00000000,161.00000000
58756,Summer Solar D2,CA,1,1.20000000,1.00000000,2014.00000000,25.00000000,193.00000000,34.72305600,-118.28972200,1822.00000000,20.79908676,149.00000000,106.00000000,168.00000000,192.00000000,231.00000000,189.00000000,207.00000000,206.00000000,95.00000000,116.00000000,101.00000000,62.00000000
58757,Summer North Solar,CA,4,9.10000000,6.50000000,2014.00000000,25.00000000,193.00000000,34.72305600,-118.28972200,10026.00000000,17.60800843,994.00000000,934.00000000,1125.00000000,1081.00000000,782.00000000,876.00000000,880.00000000,0.00000000,920.00000000,861.00000000,781.00000000,792.00000000
58761,Expressway Solar A,CA,1,2.70000000,2.00000000,2014.00000000,25.00000000,193.00000000,34.58222200,-117.34166700,4528.00000000,25.84474886,319.00000000,297.00000000,418.00000000,471.00000000,496.00000000,409.00000000,360.00000000,460.00000000,295.00000000,403.00000000,336.00000000,264.00000000
58762,Expressway Solar B,CA,1,2.40000000,2.00000000,2014.00000000,25.00000000,193.00000000,34.58333300,-117.34027800,4019.00000000,22.93949772,259.00000000,238.00000000,341.00000000,421.00000000,437.00000000,389.00000000,381.00000000,396.00000000,341.00000000,326.00000000,271.00000000,219.00000000
58763,Expressway Solar C2,CA,1,2.10000000,1.50000000,2014.00000000,25.00000000,193.00000000,34.58444400,-117.34138900,3341.00000000,25.42617960,235.00000000,200.00000000,271.00000000,341.00000000,363.00000000,327.00000000,302.00000000,333.00000000,263.00000000,289.00000000,229.00000000,188.00000000
58770,Maywood Photovoltaic Project,IN,1,10.50000000,8.00000000,2014.00000000,20.00000000,180.00000000,39.74388900,-86.21805600,11450.00000000,16.33847032,376.00000000,881.00000000,1135.00000000,1150.00000000,1207.00000000,1272.00000000,1080.00000000,1100.00000000,1079.00000000,1127.00000000,539.00000000,504.00000000
58782,Sonne One,NC,1,7.00000000,5.00000000,2016.00000000,20.00000000,180.00000000,35.43722200,-77.83361100,8516.00000000,19.44292237,687.00000000,776.00000000,836.00000000,928.00000000,947.00000000,1016.00000000,584.00000000,882.00000000,620.00000000,31.00000000,595.00000000,614.00000000
58785,Brentwood Solar,NY,1,1.00000000,1.00000000,2011.00000000,6.00000000,164.00000000,40.78138900,-73.24388900,687.00000000,7.84246575,16.00000000,32.00000000,68.00000000,76.00000000,67.00000000,54.00000000,78.00000000,66.00000000,70.00000000,75.00000000,48.00000000,37.00000000
58786,Deer Park,NY,1,3.00000000,2.50000000,2012.00000000,6.00000000,252.00000000,40.76083300,-73.19388900,2784.00000000,12.71232877,76.00000000,133.00000000,239.00000000,278.00000000,315.00000000,355.00000000,330.00000000,290.00000000,233.00000000,224.00000000,176.00000000,135.00000000
58787,Dennison,NY,1,2.20000000,2.00000000,2011.00000000,6.00000000,90.00000000,40.76305600,-73.32361100,1920.00000000,10.95890411,41.00000000,70.00000000,128.00000000,158.00000000,234.00000000,280.00000000,229.00000000,195.00000000,197.00000000,186.00000000,117.00000000,85.00000000
58788,North County,NY,1,1.10000000,1.00000000,2011.00000000,10.00000000,100.00000000,40.76305600,-73.32361100,1080.00000000,12.32876712,26.00000000,56.00000000,90.00000000,109.00000000,116.00000000,146.00000000,126.00000000,109.00000000,99.00000000,95.00000000,62.00000000,46.00000000
58789,Riverhead,NY,1,1.60000000,1.50000000,2011.00000000,10.00000000,127.00000000,40.82611100,-73.23222200,1383.00000000,10.52511416,54.00000000,96.00000000,168.00000000,87.00000000,0.00000000,101.00000000,191.00000000,200.00000000,157.00000000,154.00000000,102.00000000,73.00000000
58790,Cohalan,NY,2,4.40000000,4.00000000,2012.00000000,6.00000000,195.58143727,40.76246500,-73.19444100,5018.00000000,14.32077626,149.00000000,279.00000000,458.00000000,504.00000000,558.00000000,652.00000000,570.00000000,538.00000000,430.00000000,429.00000000,271.00000000,180.00000000
58791,Kirkwall Holdings,NC,1,7.00000000,5.00000000,2016.00000000,20.00000000,180.00000000,34.98888900,-78.13750000,7346.00000000,16.77168950,468.00000000,685.00000000,818.00000000,875.00000000,894.00000000,891.00000000,771.00000000,783.00000000,519.00000000,274.00000000,184.00000000,184.00000000
58793,JMB Mcguire-Dix-Lakehurst Solar Project,NJ,1,12.30000000,11.40000000,2013.00000000,27.00000000,200.00000000,39.99281800,-74.63693300,9954.00000000,9.96755588,303.00000000,731.00000000,963.00000000,896.00000000,884.00000000,1090.00000000,1108.00000000,1042.00000000,798.00000000,828.00000000,798.00000000,513.00000000
58794,Storrie Lake Solar Project,NM,1,1.90000000,1.50000000,2014.00000000,25.00000000,180.00000000,35.65694400,-105.18388900,3027.00000000,23.03652968,229.00000000,243.00000000,284.00000000,326.00000000,319.00000000,280.00000000,286.00000000,287.00000000,264.00000000,271.00000000,105.00000000,133.00000000
58796,"Waterloo Solar, LLC",IN,1,1.30000000,1.00000000,2012.00000000,30.00000000,180.00000000,41.43388900,-85.04388900,592.00000000,6.75799087,11.00000000,60.00000000,96.00000000,82.00000000,58.00000000,54.00000000,55.00000000,53.00000000,46.00000000,46.00000000,18.00000000,13.00000000
58797,"Valparaiso Solar, LLC",IN,1,1.30000000,1.00000000,2012.00000000,39.00000000,180.00000000,41.50222200,-87.16111100,857.00000000,9.78310502,27.00000000,128.00000000,75.00000000,59.00000000,152.00000000,161.00000000,106.00000000,138.00000000,11.00000000,0.00000000,0.00000000,0.00000000
58799,Pamlico Partners Solar,NC,1,7.00000000,5.00000000,2013.00000000,25.00000000,180.00000000,35.50111100,-76.87000000,8469.00000000,19.33561644,623.00000000,315.00000000,680.00000000,867.00000000,853.00000000,920.00000000,760.00000000,739.00000000,621.00000000,855.00000000,648.00000000,588.00000000
58803,"Kenansville Solar 2, LLC",NC,1,2.60000000,2.00000000,2016.00000000,20.00000000,180.00000000,34.95777800,-77.98166700,3040.00000000,17.35159817,182.00000000,215.00000000,247.00000000,299.00000000,298.00000000,311.00000000,278.00000000,272.00000000,249.00000000,280.00000000,203.00000000,206.00000000
58805,"Samarcand Solar Farm, LLC",NC,10,6.00000000,5.00000000,2014.00000000,20.00000000,180.00000000,35.31166700,-79.69500000,7581.00000000,17.30821918,591.00000000,646.00000000,594.00000000,776.00000000,806.00000000,808.00000000,702.00000000,651.00000000,484.00000000,649.00000000,497.00000000,377.00000000
58806,Albemarle Solar Center LLC,NC,1,6.60000000,5.00000000,2014.00000000,25.00000000,180.00000000,35.29305600,-77.55694400,8884.00000000,20.28310502,658.00000000,726.00000000,774.00000000,855.00000000,859.00000000,841.00000000,726.00000000,791.00000000,680.00000000,863.00000000,567.00000000,544.00000000
58807,Boseman Solar Center LLC,NC,1,6.40000000,5.00000000,2014.00000000,20.00000000,180.00000000,36.00805600,-77.81000000,8426.00000000,19.23744292,556.00000000,694.00000000,771.00000000,812.00000000,785.00000000,696.00000000,641.00000000,717.00000000,654.00000000,878.00000000,623.00000000,599.00000000
58808,Flemming Solar Center LLC,NC,1,6.40000000,5.00000000,2014.00000000,20.00000000,180.00000000,35.66888900,-77.38388900,8024.00000000,18.31963470,480.00000000,565.00000000,679.00000000,783.00000000,843.00000000,898.00000000,768.00000000,727.00000000,622.00000000,648.00000000,485.00000000,526.00000000
58809,Littlefield Solar Center LLC,NC,1,6.40000000,5.00000000,2015.00000000,25.00000000,180.00000000,35.43388900,-77.43805600,8717.00000000,19.90182648,638.00000000,755.00000000,811.00000000,682.00000000,739.00000000,880.00000000,790.00000000,803.00000000,679.00000000,845.00000000,588.00000000,507.00000000
58810,Rams Horn Solar Center LLC,NC,1,6.40000000,5.00000000,2014.00000000,20.00000000,180.00000000,35.64295000,-77.31654000,8160.00000000,18.63013699,522.00000000,607.00000000,771.00000000,835.00000000,769.00000000,799.00000000,690.00000000,638.00000000,609.00000000,778.00000000,577.00000000,565.00000000
58812,Upchurch Solar Center LLC,NC,1,6.40000000,5.00000000,2014.00000000,20.00000000,180.00000000,35.78194400,-77.88388900,8029.00000000,18.33105023,517.00000000,627.00000000,738.00000000,805.00000000,709.00000000,808.00000000,722.00000000,740.00000000,589.00000000,553.00000000,619.00000000,602.00000000
58822,Millville City Sewer Auth WTP,NJ,2,1.50000000,1.20000000,2013.00000000,20.00000000,180.00000000,39.37638900,-75.03305600,1239.00000000,11.78652968,58.00000000,129.00000000,62.00000000,115.00000000,129.00000000,170.00000000,159.00000000,73.00000000,55.00000000,116.00000000,94.00000000,79.00000000
58824,Sheldon Solar,VT,1,2.40000000,2.30000000,2013.00000000,30.00000000,180.00000000,44.91055600,-72.97944400,2723.00000000,13.51498908,107.00000000,177.00000000,279.00000000,297.00000000,341.00000000,331.00000000,294.00000000,279.00000000,248.00000000,229.00000000,107.00000000,34.00000000
58828,Apple One,NC,1,6.40000000,5.00000000,2015.00000000,20.00000000,180.00000000,35.62944400,-81.15694400,9133.00000000,20.85159817,609.00000000,606.00000000,819.00000000,831.00000000,891.00000000,893.00000000,893.00000000,938.00000000,682.00000000,866.00000000,564.00000000,541.00000000
58829,Sonne Two,NC,1,6.90000000,5.00000000,2016.00000000,20.00000000,180.00000000,35.65666700,-81.18361100,8979.00000000,20.50000000,667.00000000,736.00000000,855.00000000,897.00000000,891.00000000,896.00000000,837.00000000,843.00000000,608.00000000,761.00000000,507.00000000,481.00000000
58839,Sudbury Landfill,MA,3,1.60000000,1.30000000,2013.00000000,25.00000000,180.00000000,42.36388900,-71.38500000,1670.00000000,14.66455919,51.00000000,152.00000000,128.00000000,138.00000000,157.00000000,197.00000000,205.00000000,140.00000000,107.00000000,160.00000000,137.00000000,98.00000000
58840,"Kenansville Solar Farm, LLC",NC,9,5.40000000,4.50000000,2014.00000000,20.00000000,180.00000000,34.97000000,-77.97611100,3187.00000000,8.08472856,273.00000000,312.00000000,354.00000000,388.00000000,419.00000000,494.00000000,267.00000000,267.00000000,205.00000000,162.00000000,46.00000000,0.00000000
58842,"Gato Montes Solar, LLC",AZ,1,6.10000000,5.00000000,2012.00000000,20.00000000,180.00000000,32.10277800,-110.81972200,7429.00000000,16.96118721,436.00000000,584.00000000,713.00000000,770.00000000,749.00000000,595.00000000,566.00000000,562.00000000,653.00000000,644.00000000,585.00000000,572.00000000
58845,Washington Airport Solar LLC,NC,1,7.00000000,5.00000000,2014.00000000,25.00000000,180.00000000,35.56527800,-77.05361100,8844.00000000,20.19178082,643.00000000,713.00000000,804.00000000,836.00000000,881.00000000,913.00000000,749.00000000,748.00000000,626.00000000,872.00000000,621.00000000,438.00000000
58846,"Washington Millfield Solar, LLC",NC,1,7.00000000,5.00000000,2013.00000000,25.00000000,180.00000000,35.49944400,-76.83361100,8345.00000000,19.05251142,581.00000000,652.00000000,803.00000000,783.00000000,851.00000000,901.00000000,752.00000000,745.00000000,609.00000000,794.00000000,579.00000000,295.00000000
58849,Castalia Solar,NC,1,2.70000000,2.00000000,2014.00000000,20.00000000,180.00000000,36.09390000,-77.78333300,3567.00000000,20.35958904,231.00000000,279.00000000,317.00000000,346.00000000,332.00000000,373.00000000,331.00000000,340.00000000,256.00000000,313.00000000,229.00000000,220.00000000
58851,Oakboro Farm,NC,1,6.40000000,5.00000000,2014.00000000,25.00000000,180.00000000,34.79583300,-79.53833300,8400.00000000,19.17808219,564.00000000,620.00000000,739.00000000,770.00000000,773.00000000,862.00000000,777.00000000,757.00000000,621.00000000,808.00000000,560.00000000,549.00000000
58853,McKenzie Farm,NC,1,7.10000000,5.00000000,2013.00000000,20.00000000,180.00000000,34.32388900,-78.69194400,8909.00000000,20.34018265,802.00000000,685.00000000,796.00000000,796.00000000,841.00000000,880.00000000,788.00000000,756.00000000,564.00000000,802.00000000,590.00000000,609.00000000
58854,Nash 58 Farm,NC,1,6.50000000,5.00000000,2013.00000000,25.00000000,180.00000000,36.04722200,-78.03083300,9206.00000000,21.01826484,851.00000000,708.00000000,799.00000000,848.00000000,787.00000000,916.00000000,795.00000000,831.00000000,633.00000000,852.00000000,612.00000000,574.00000000
58855,Nash 64 Farm,NC,1,6.30000000,5.00000000,2014.00000000,20.00000000,180.00000000,35.94944400,-78.09250000,7477.00000000,17.07077626,653.00000000,558.00000000,651.00000000,705.00000000,712.00000000,781.00000000,678.00000000,697.00000000,530.00000000,653.00000000,446.00000000,413.00000000
58856,Pate Farm,NC,1,6.50000000,5.00000000,2013.00000000,25.00000000,180.00000000,34.81666700,-79.19944400,9185.00000000,20.97031963,831.00000000,701.00000000,813.00000000,837.00000000,829.00000000,916.00000000,829.00000000,827.00000000,661.00000000,831.00000000,561.00000000,549.00000000
58859,Erwin Farm,NC,1,5.10000000,5.00000000,2014.00000000,20.00000000,180.00000000,35.33333300,-78.66138900,7175.00000000,16.38127854,590.00000000,534.00000000,638.00000000,665.00000000,678.00000000,731.00000000,645.00000000,666.00000000,541.00000000,591.00000000,470.00000000,426.00000000
58861,Sigmon Catawba Farm,NC,1,6.40000000,5.00000000,2014.00000000,20.00000000,180.00000000,35.61222200,-81.24333300,3217.00000000,7.34474886,270.00000000,319.00000000,283.00000000,314.00000000,297.00000000,311.00000000,293.00000000,317.00000000,223.00000000,270.00000000,153.00000000,167.00000000
58862,Wagstaff Farm 1,NC,1,6.50000000,5.00000000,2013.00000000,25.00000000,180.00000000,36.45865800,-78.95673900,8481.00000000,19.36301370,811.00000000,625.00000000,513.00000000,790.00000000,799.00000000,841.00000000,789.00000000,811.00000000,608.00000000,812.00000000,554.00000000,528.00000000
58863,Waco Farm,NC,1,6.50000000,5.00000000,2013.00000000,20.00000000,180.00000000,35.35222200,-81.42611100,8769.00000000,20.02054795,803.00000000,652.00000000,754.00000000,812.00000000,799.00000000,851.00000000,817.00000000,871.00000000,561.00000000,803.00000000,529.00000000,517.00000000
58864,Sunfish Farm,NC,1,6.40000000,5.00000000,2015.00000000,20.00000000,180.00000000,35.55805600,-78.73583300,8768.00000000,20.01826484,560.00000000,657.00000000,798.00000000,858.00000000,759.00000000,875.00000000,761.00000000,877.00000000,688.00000000,810.00000000,593.00000000,532.00000000
58866,Garrell Solar Farm,NC,1,5.20000000,5.00000000,2013.00000000,25.00000000,180.00000000,34.32527800,-78.79305600,7006.00000000,15.99543379,664.00000000,462.00000000,636.00000000,656.00000000,619.00000000,668.00000000,604.00000000,582.00000000,512.00000000,665.00000000,478.00000000,460.00000000
58867,Angier Farm,NC,1,5.70000000,5.00000000,2013.00000000,20.00000000,180.00000000,35.51638900,-78.75000000,7545.00000000,17.22602740,685.00000000,549.00000000,597.00000000,691.00000000,714.00000000,754.00000000,661.00000000,696.00000000,569.00000000,686.00000000,477.00000000,466.00000000
58868,Bladenboro Farm,NC,1,6.50000000,5.00000000,2013.00000000,25.00000000,186.00000000,34.53500000,-78.81305600,8936.00000000,20.40182648,858.00000000,700.00000000,809.00000000,833.00000000,817.00000000,856.00000000,763.00000000,807.00000000,484.00000000,858.00000000,588.00000000,563.00000000
58871,Berkley East Solar LLC,MA,1,3.80000000,3.00000000,2013.00000000,0.00000000,0.00000000,41.82388900,-71.04138900,4698.00000000,17.87671233,177.00000000,318.00000000,387.00000000,370.00000000,492.00000000,539.00000000,469.00000000,505.00000000,418.00000000,427.00000000,354.00000000,242.00000000
58874,Dement Farm LLC,NC,1,6.50000000,5.00000000,2013.00000000,20.00000000,180.00000000,36.27000000,-78.34833300,8816.00000000,20.12785388,544.00000000,678.00000000,784.00000000,853.00000000,859.00000000,924.00000000,812.00000000,859.00000000,620.00000000,807.00000000,566.00000000,510.00000000
58877,Kinsley Landfill Solar,NJ,1,11.20000000,8.60000000,2015.00000000,10.00000000,180.00000000,39.79333300,-75.10638900,11744.00000000,15.58882871,295.00000000,812.00000000,1029.00000000,1012.00000000,952.00000000,1448.00000000,1385.00000000,1296.00000000,1077.00000000,1157.00000000,752.00000000,529.00000000
58879,Duplin Solar LLC,NC,1,6.50000000,5.00000000,2013.00000000,25.00000000,180.00000000,35.01194400,-78.07833300,8774.00000000,20.03196347,614.00000000,689.00000000,762.00000000,829.00000000,796.00000000,830.00000000,751.00000000,783.00000000,681.00000000,845.00000000,603.00000000,591.00000000
58880,North Carolina Solar III LLC,NC,1,6.40000000,4.90000000,2013.00000000,25.00000000,180.00000000,34.76666700,-79.55972200,8859.00000000,20.63880347,551.00000000,596.00000000,827.00000000,848.00000000,824.00000000,909.00000000,801.00000000,763.00000000,662.00000000,885.00000000,619.00000000,574.00000000
58881,County College of Morris,NJ,1,3.40000000,2.90000000,2013.00000000,10.00000000,185.00000000,40.85666700,-74.58138900,3689.00000000,14.52133522,75.00000000,180.00000000,333.00000000,357.00000000,413.00000000,479.00000000,464.00000000,402.00000000,355.00000000,304.00000000,197.00000000,130.00000000
58882,Mercer County Community College,NJ,1,8.30000000,7.50000000,2013.00000000,30.00000000,180.00000000,40.25583300,-74.64527800,9044.00000000,13.76560122,153.00000000,670.00000000,841.00000000,783.00000000,829.00000000,956.00000000,981.00000000,971.00000000,870.00000000,897.00000000,683.00000000,410.00000000
58889,ASTI,CA,1,1.50000000,1.20000000,2009.00000000,0.00000000,210.00000000,38.76138900,-122.97527800,1160.00000000,11.03500761,45.00000000,61.00000000,91.00000000,108.00000000,149.00000000,171.00000000,176.00000000,144.00000000,71.00000000,49.00000000,53.00000000,42.00000000
58890,Beringer,CA,1,1.50000000,1.40000000,2009.00000000,0.00000000,120.00000000,38.51083300,-122.47972200,1426.00000000,11.62752772,47.00000000,56.00000000,89.00000000,133.00000000,176.00000000,225.00000000,184.00000000,184.00000000,150.00000000,90.00000000,47.00000000,45.00000000
58893,Camp Solar Plant,GA,1,3.20000000,2.40000000,2013.00000000,30.00000000,180.00000000,32.96472200,-84.54388900,3909.00000000,18.59303653,208.00000000,294.00000000,321.00000000,383.00000000,364.00000000,383.00000000,321.00000000,412.00000000,282.00000000,420.00000000,244.00000000,277.00000000
58896,Patriots Stadium,NJ,1,1.10000000,1.00000000,2013.00000000,10.00000000,197.00000000,40.56055600,-74.55138900,1131.00000000,12.91095890,31.00000000,67.00000000,102.00000000,111.00000000,119.00000000,140.00000000,132.00000000,114.00000000,95.00000000,103.00000000,67.00000000,50.00000000
58912,Santa Fe Springs Rooftop Solar BLDG M,CA,1,2.30000000,1.80000000,2015.00000000,10.00000000,180.00000000,33.91083300,-118.04444400,2477.00000000,15.70903095,104.00000000,17.00000000,193.00000000,263.00000000,260.00000000,272.00000000,304.00000000,338.00000000,244.00000000,201.00000000,163.00000000,118.00000000
58934,"Integrys MA Solar, LLC - Ashburnham Site",MA,2,4.29000000,2.90000000,2013.00000000,10.00000000,180.00000000,42.59944400,-71.94194400,3465.00000000,13.63958432,72.00000000,240.00000000,309.00000000,363.00000000,424.00000000,456.00000000,398.00000000,353.00000000,308.00000000,219.00000000,187.00000000,136.00000000
58935,Open View Solar Farm,VT,1,2.50000000,2.00000000,2013.00000000,25.00000000,180.00000000,44.13944400,-73.20388900,2834.00000000,16.17579909,50.00000000,187.00000000,205.00000000,282.00000000,327.00000000,313.00000000,378.00000000,306.00000000,315.00000000,270.00000000,148.00000000,53.00000000
58936,Walpole Solar 2,MA,1,2.90000000,2.40000000,2014.00000000,25.00000000,180.00000000,42.11722200,-71.26583300,3499.00000000,16.64288432,109.00000000,268.00000000,242.00000000,306.00000000,379.00000000,413.00000000,387.00000000,302.00000000,314.00000000,339.00000000,273.00000000,167.00000000
58937,Gardner Solar 1,MA,1,2.50000000,2.00000000,2014.00000000,25.00000000,180.00000000,42.58638900,-72.03083300,3059.00000000,17.46004566,54.00000000,256.00000000,276.00000000,289.00000000,338.00000000,363.00000000,310.00000000,243.00000000,307.00000000,290.00000000,209.00000000,124.00000000
58942,Rockville Solar I LLC,IN,1,3.10000000,2.80000000,2014.00000000,25.00000000,180.00000000,39.76305600,-86.30111100,3389.00000000,13.81686236,122.00000000,261.00000000,313.00000000,346.00000000,363.00000000,394.00000000,346.00000000,361.00000000,272.00000000,307.00000000,170.00000000,134.00000000
58949,Cloverdale Solar I,CA,1,1.70000000,1.50000000,2014.00000000,25.00000000,180.00000000,38.77305600,-123.01777800,2202.00000000,16.75799087,105.00000000,130.00000000,185.00000000,238.00000000,272.00000000,259.00000000,241.00000000,239.00000000,215.00000000,173.00000000,78.00000000,67.00000000
58951,Delilah Road Landfill,NJ,1,10.70000000,8.50000000,2016.00000000,15.00000000,180.00000000,39.41611100,-74.54388900,13204.00000000,17.73301101,504.00000000,917.00000000,1215.00000000,1294.00000000,1114.00000000,1377.00000000,1322.00000000,1338.00000000,1130.00000000,1330.00000000,922.00000000,741.00000000
58952,Dessie Solar Center LLC,NC,1,6.50000000,4.80000000,2014.00000000,22.00000000,180.00000000,34.30277800,-78.83583300,8252.00000000,19.62519026,587.00000000,646.00000000,772.00000000,557.00000000,748.00000000,741.00000000,745.00000000,738.00000000,654.00000000,844.00000000,617.00000000,603.00000000
58955,BearPond Solar Center LLC,NC,1,6.50000000,4.80000000,2014.00000000,22.00000000,180.00000000,36.27611100,-78.37722200,8661.00000000,20.59788813,532.00000000,673.00000000,778.00000000,832.00000000,823.00000000,876.00000000,808.00000000,875.00000000,631.00000000,717.00000000,553.00000000,563.00000000
58956,Shankle Solar Center LLC,NC,1,6.60000000,4.80000000,2015.00000000,22.00000000,180.00000000,34.94388900,-79.19583300,8788.00000000,20.89992390,618.00000000,709.00000000,824.00000000,855.00000000,795.00000000,791.00000000,701.00000000,756.00000000,627.00000000,909.00000000,630.00000000,573.00000000
58957,Graham Solar Center LLC,NC,1,6.70000000,4.80000000,2014.00000000,22.00000000,180.00000000,34.30972200,-79.01444400,9156.00000000,21.77511416,609.00000000,689.00000000,814.00000000,829.00000000,808.00000000,866.00000000,795.00000000,852.00000000,715.00000000,925.00000000,652.00000000,602.00000000
58959,Butler Solar Power Project,MO,1,3.20000000,2.80000000,2014.00000000,32.00000000,180.00000000,38.27000000,-94.35000000,4504.00000000,18.36268754,203.00000000,388.00000000,436.00000000,396.00000000,427.00000000,442.00000000,434.00000000,422.00000000,413.00000000,468.00000000,270.00000000,205.00000000
58961,Oregon University System OIT Klamath Fal,OR,1,2.00000000,1.70000000,2014.00000000,35.00000000,220.00000000,42.25416700,-121.78500000,2517.00000000,16.90169218,27.00000000,47.00000000,195.00000000,275.00000000,289.00000000,275.00000000,342.00000000,340.00000000,297.00000000,232.00000000,107.00000000,91.00000000
58974,Fairview Farms Solar,MA,1,2.40000000,2.00000000,2014.00000000,25.00000000,180.00000000,42.45972200,-72.61027800,2876.00000000,16.41552511,46.00000000,262.00000000,239.00000000,268.00000000,336.00000000,329.00000000,319.00000000,283.00000000,245.00000000,247.00000000,197.00000000,105.00000000
59001,Parkland Landfill Solar,NJ,1,10.10000000,7.80000000,2015.00000000,15.00000000,180.00000000,40.12750000,-74.71083300,11815.00000000,17.29159349,350.00000000,803.00000000,1020.00000000,1129.00000000,1196.00000000,1426.00000000,1291.00000000,1173.00000000,1049.00000000,1147.00000000,791.00000000,440.00000000
59013,Scituate PV,MA,1,3.00000000,2.50000000,2013.00000000,25.00000000,180.00000000,42.17750000,-70.74055600,3285.00000000,15.00000000,117.00000000,275.00000000,314.00000000,292.00000000,257.00000000,301.00000000,278.00000000,338.00000000,308.00000000,345.00000000,261.00000000,199.00000000
59014,Bolton PV,MA,1,6.00000000,4.90000000,2013.00000000,25.00000000,180.00000000,42.44972200,-71.64305600,6996.00000000,16.29857422,186.00000000,586.00000000,553.00000000,587.00000000,735.00000000,835.00000000,779.00000000,672.00000000,667.00000000,641.00000000,438.00000000,317.00000000
59015,Stow PV,MA,1,2.50000000,2.00000000,2013.00000000,25.00000000,180.00000000,42.43694400,-71.50611100,2439.00000000,13.92123288,44.00000000,170.00000000,188.00000000,231.00000000,274.00000000,285.00000000,147.00000000,275.00000000,279.00000000,235.00000000,188.00000000,123.00000000
59017,Carol Jean Solar,NC,1,5.00000000,4.00000000,2016.00000000,20.00000000,180.00000000,36.31611100,-80.14444400,6067.00000000,17.31449772,388.00000000,538.00000000,649.00000000,701.00000000,703.00000000,644.00000000,675.00000000,481.00000000,197.00000000,302.00000000,407.00000000,382.00000000
59018,East Chicago,IN,1,2.30000000,2.00000000,2013.00000000,25.00000000,180.00000000,41.63222200,-87.46916700,3092.00000000,17.64840183,55.00000000,299.00000000,274.00000000,256.00000000,383.00000000,352.00000000,226.00000000,375.00000000,340.00000000,279.00000000,138.00000000,115.00000000
59019,Griffith,IN,1,2.30000000,2.00000000,2013.00000000,25.00000000,180.00000000,41.52138900,-87.43611100,3375.00000000,19.26369863,74.00000000,296.00000000,304.00000000,319.00000000,400.00000000,384.00000000,364.00000000,380.00000000,307.00000000,323.00000000,140.00000000,84.00000000
59028,Agawam Solar,MA,1,1.80000000,1.50000000,2012.00000000,32.00000000,180.00000000,42.08194400,-72.61444400,2068.00000000,15.73820396,50.00000000,171.00000000,181.00000000,185.00000000,210.00000000,222.00000000,225.00000000,202.00000000,193.00000000,208.00000000,139.00000000,82.00000000
59029,Rehoboth Solar,MA,1,2.60000000,2.00000000,2013.00000000,25.00000000,180.00000000,41.90166700,-71.24250000,3047.00000000,17.39155251,89.00000000,210.00000000,266.00000000,286.00000000,319.00000000,355.00000000,317.00000000,314.00000000,266.00000000,282.00000000,215.00000000,128.00000000
59030,Chicopee Solar,MA,1,3.90000000,3.00000000,2013.00000000,25.00000000,180.00000000,42.18555600,-72.58250000,4578.00000000,17.42009132,110.00000000,371.00000000,404.00000000,408.00000000,497.00000000,500.00000000,462.00000000,452.00000000,428.00000000,449.00000000,323.00000000,174.00000000
59031,Route 57 Solar,MA,1,1.80000000,1.50000000,2013.00000000,32.00000000,180.00000000,42.05888900,-72.66416700,2250.00000000,17.12328767,77.00000000,188.00000000,176.00000000,196.00000000,237.00000000,253.00000000,251.00000000,224.00000000,219.00000000,227.00000000,117.00000000,85.00000000
59032,EBZ Solar,MA,1,3.00000000,2.50000000,2013.00000000,32.00000000,180.00000000,42.57055600,-71.62500000,3709.00000000,16.93607306,120.00000000,338.00000000,346.00000000,360.00000000,383.00000000,419.00000000,423.00000000,373.00000000,293.00000000,289.00000000,215.00000000,150.00000000
59033,Whately Solar,MA,1,1.80000000,1.50000000,2013.00000000,32.00000000,180.00000000,42.44611100,-72.62361100,2322.00000000,17.67123288,92.00000000,212.00000000,222.00000000,168.00000000,197.00000000,251.00000000,264.00000000,230.00000000,215.00000000,188.00000000,167.00000000,116.00000000
59038,Battleground,NC,1,4.30000000,3.50000000,2013.00000000,20.00000000,180.00000000,35.22000000,-81.33000000,5200.00000000,16.96020874,343.00000000,362.00000000,484.00000000,539.00000000,365.00000000,418.00000000,453.00000000,466.00000000,275.00000000,547.00000000,482.00000000,466.00000000
59039,Beulaville,NC,1,2.50000000,2.00000000,2013.00000000,20.00000000,180.00000000,34.90000000,-77.78000000,3481.00000000,19.86872146,222.00000000,252.00000000,292.00000000,307.00000000,313.00000000,329.00000000,296.00000000,287.00000000,224.00000000,372.00000000,289.00000000,298.00000000
59042,Ellerbe,NC,1,2.30000000,2.00000000,2013.00000000,20.00000000,180.00000000,35.10000000,-79.73000000,3341.00000000,19.06963470,201.00000000,247.00000000,283.00000000,317.00000000,260.00000000,298.00000000,286.00000000,273.00000000,228.00000000,386.00000000,296.00000000,266.00000000
59043,West Davisville Solar,RI,1,2.40000000,2.00000000,2013.00000000,27.00000000,200.00000000,41.60361100,-71.47722200,2713.00000000,15.48515982,61.00000000,160.00000000,247.00000000,266.00000000,321.00000000,348.00000000,303.00000000,252.00000000,256.00000000,223.00000000,172.00000000,104.00000000
59046,651 Chase Solar NG,MA,1,3.40000000,2.50000000,2014.00000000,25.00000000,180.00000000,42.62666700,-71.74277800,4029.00000000,18.39726027,98.00000000,282.00000000,339.00000000,342.00000000,461.00000000,441.00000000,456.00000000,425.00000000,381.00000000,331.00000000,311.00000000,162.00000000
59049,Whitcomb Solar Farm,VT,1,3.60000000,2.20000000,2014.00000000,20.00000000,180.00000000,44.48555600,-73.13694400,3420.00000000,17.74595268,43.00000000,194.00000000,234.00000000,332.00000000,442.00000000,422.00000000,480.00000000,379.00000000,385.00000000,315.00000000,148.00000000,46.00000000
59050,Wallace,NC,1,2.50000000,2.00000000,2013.00000000,20.00000000,180.00000000,34.75813000,-77.97173000,3201.00000000,18.27054795,213.00000000,247.00000000,280.00000000,302.00000000,308.00000000,301.00000000,266.00000000,265.00000000,204.00000000,308.00000000,250.00000000,257.00000000
59051,Kenansville,NC,1,2.60000000,2.00000000,2013.00000000,20.00000000,180.00000000,34.96000000,-78.04000000,3769.00000000,21.51255708,232.00000000,246.00000000,270.00000000,333.00000000,332.00000000,327.00000000,304.00000000,299.00000000,422.00000000,446.00000000,272.00000000,286.00000000
59052,Fairmont-FLS 100,NC,1,5.10000000,4.00000000,2013.00000000,20.00000000,180.00000000,34.52000000,-79.13000000,6920.00000000,19.74885845,299.00000000,395.00000000,611.00000000,656.00000000,625.00000000,630.00000000,629.00000000,607.00000000,443.00000000,752.00000000,598.00000000,675.00000000
59059,Raritan ITS,NJ,1,2.10000000,2.00000000,2010.00000000,30.00000000,90.00000000,40.57444400,-74.65416700,1427.00000000,8.14497717,49.00000000,111.00000000,137.00000000,163.00000000,152.00000000,215.00000000,187.00000000,126.00000000,102.00000000,86.00000000,54.00000000,45.00000000
59077,Chatham Landfill,MA,1,1.80000000,1.50000000,2014.00000000,25.00000000,180.00000000,41.68611100,-70.00611100,2309.00000000,17.57229833,84.00000000,157.00000000,184.00000000,222.00000000,242.00000000,276.00000000,248.00000000,251.00000000,199.00000000,204.00000000,147.00000000,95.00000000
59078,Harwich Landfill,MA,1,4.50000000,4.00000000,2014.00000000,25.00000000,180.00000000,41.69611100,-70.09194400,5713.00000000,16.30422374,236.00000000,344.00000000,448.00000000,395.00000000,628.00000000,741.00000000,646.00000000,657.00000000,528.00000000,536.00000000,348.00000000,206.00000000
59079,Katama Farm,MA,1,1.30000000,1.00000000,2014.00000000,25.00000000,180.00000000,41.36111100,-70.51694400,1478.00000000,16.87214612,75.00000000,111.00000000,138.00000000,123.00000000,165.00000000,189.00000000,146.00000000,69.00000000,130.00000000,150.00000000,108.00000000,74.00000000
59080,Nunnepog,MA,1,1.40000000,1.00000000,2014.00000000,25.00000000,180.00000000,41.35888900,-70.50500000,1730.00000000,19.74885845,75.00000000,102.00000000,142.00000000,164.00000000,183.00000000,215.00000000,178.00000000,184.00000000,143.00000000,161.00000000,113.00000000,70.00000000
59081,Barnstable Landfill,MA,1,4.50000000,4.00000000,2014.00000000,25.00000000,180.00000000,41.65972200,-70.39555600,5305.00000000,15.13984018,208.00000000,333.00000000,441.00000000,531.00000000,550.00000000,613.00000000,539.00000000,586.00000000,478.00000000,479.00000000,354.00000000,193.00000000
59082,Dennis Landfill,MA,1,5.90000000,5.00000000,2014.00000000,25.00000000,180.00000000,41.69305600,-70.14500000,7873.00000000,17.97488584,316.00000000,552.00000000,620.00000000,755.00000000,814.00000000,925.00000000,812.00000000,837.00000000,678.00000000,721.00000000,515.00000000,328.00000000
59090,Rockland Solar CSG,MA,1,2.60000000,2.00000000,2013.00000000,10.00000000,180.00000000,42.08916700,-70.89777800,2300.00000000,13.12785388,87.00000000,175.00000000,125.00000000,146.00000000,247.00000000,349.00000000,222.00000000,225.00000000,197.00000000,225.00000000,171.00000000,131.00000000
59094,Division 1,CA,1,1.70000000,1.50000000,2014.00000000,15.00000000,180.00000000,34.70833300,-118.13055600,2735.00000000,20.81430746,156.00000000,138.00000000,183.00000000,292.00000000,351.00000000,328.00000000,275.00000000,311.00000000,261.00000000,144.00000000,150.00000000,146.00000000
59095,Division 2,CA,1,1.10000000,1.00000000,2014.00000000,5.00000000,180.00000000,34.70833300,-118.13055600,541.00000000,6.17579909,12.00000000,1.00000000,0.00000000,0.00000000,0.00000000,0.00000000,0.00000000,115.00000000,155.00000000,100.00000000,75.00000000,83.00000000
59096,Division 3,CA,1,1.10000000,1.00000000,2014.00000000,15.00000000,180.00000000,34.70833300,-118.13055600,458.00000000,5.22831050,38.00000000,58.00000000,11.00000000,24.00000000,6.00000000,17.00000000,20.00000000,38.00000000,56.00000000,57.00000000,67.00000000,66.00000000
59097,Berry Plastics Solar,NJ,1,13.10000000,9.80000000,2013.00000000,25.00000000,180.00000000,40.69833300,-75.15194400,14479.00000000,16.86585593,460.00000000,1084.00000000,1263.00000000,1417.00000000,1239.00000000,1671.00000000,1603.00000000,1365.00000000,1154.00000000,1523.00000000,1001.00000000,699.00000000
59098,Kettering Solar 1,CA,1,1.10000000,1.00000000,2014.00000000,5.00000000,180.00000000,34.70027800,-118.12361100,1620.00000000,18.49315068,126.00000000,127.00000000,173.00000000,204.00000000,225.00000000,209.00000000,177.00000000,100.00000000,87.00000000,77.00000000,60.00000000,55.00000000
59099,Kettering Solar 2,CA,1,1.10000000,1.00000000,2014.00000000,15.00000000,180.00000000,34.70027800,-118.12361100,1894.00000000,21.62100457,124.00000000,125.00000000,116.00000000,195.00000000,224.00000000,209.00000000,201.00000000,198.00000000,129.00000000,152.00000000,119.00000000,102.00000000
59100,Chauncey Farm LLC,NC,1,6.40000000,4.90000000,2014.00000000,25.00000000,180.00000000,34.33750000,-78.52194400,9276.00000000,21.61028795,854.00000000,706.00000000,825.00000000,842.00000000,847.00000000,902.00000000,793.00000000,803.00000000,665.00000000,854.00000000,581.00000000,604.00000000
59102,Dragstrip Farm,NC,1,6.10000000,5.00000000,2014.00000000,20.00000000,180.00000000,35.75805600,-81.41611100,9418.00000000,21.50228311,901.00000000,643.00000000,780.00000000,835.00000000,831.00000000,923.00000000,880.00000000,977.00000000,679.00000000,901.00000000,563.00000000,505.00000000
59103,Fremont Farm LLC,NC,1,6.50000000,5.00000000,2017.00000000,20.00000000,180.00000000,35.53194400,-77.96916700,8874.00000000,20.26027397,635.00000000,739.00000000,773.00000000,837.00000000,903.00000000,772.00000000,576.00000000,864.00000000,772.00000000,821.00000000,641.00000000,541.00000000
59105,Market Farm,NC,1,6.00000000,4.90000000,2014.00000000,20.00000000,190.00000000,36.39027800,-79.64722200,7948.00000000,18.51644767,518.00000000,623.00000000,760.00000000,796.00000000,767.00000000,759.00000000,701.00000000,763.00000000,590.00000000,720.00000000,507.00000000,444.00000000
59106,Snow Hill Solar 2 LLC,NC,1,2.70000000,2.00000000,2014.00000000,25.00000000,180.00000000,35.44416700,-77.64944400,3916.00000000,22.35159817,360.00000000,306.00000000,328.00000000,362.00000000,361.00000000,371.00000000,332.00000000,336.00000000,288.00000000,360.00000000,256.00000000,256.00000000
59107,Mount Olive Farm,NC,1,6.80000000,5.00000000,2014.00000000,20.00000000,180.00000000,35.20194400,-78.08166700,9840.00000000,22.46575342,943.00000000,649.00000000,819.00000000,905.00000000,943.00000000,742.00000000,914.00000000,939.00000000,774.00000000,943.00000000,634.00000000,635.00000000
59109,Spicewood Solar Farm LLC,NC,1,6.00000000,5.00000000,2014.00000000,20.00000000,180.00000000,35.30250000,-79.70166700,8978.00000000,20.49771689,897.00000000,653.00000000,625.00000000,815.00000000,821.00000000,890.00000000,722.00000000,849.00000000,657.00000000,897.00000000,604.00000000,548.00000000
59110,Springfield Solar 1 LLC,MO,1,6.50000000,4.90000000,2014.00000000,20.00000000,180.00000000,37.24638900,-93.16638900,8423.00000000,19.62305470,422.00000000,686.00000000,798.00000000,820.00000000,858.00000000,902.00000000,805.00000000,753.00000000,681.00000000,847.00000000,441.00000000,410.00000000
59111,West Salisbury Farm LLC,NC,1,6.40000000,5.00000000,2015.00000000,20.00000000,225.00000000,35.66833300,-80.52361100,8464.00000000,19.32420091,740.00000000,583.00000000,719.00000000,808.00000000,817.00000000,861.00000000,795.00000000,845.00000000,626.00000000,741.00000000,480.00000000,449.00000000
59112,West Siler,NC,1,6.70000000,5.00000000,2017.00000000,20.00000000,179.00000000,35.72084100,-79.50374700,9680.00000000,22.10045662,890.00000000,720.00000000,830.00000000,877.00000000,900.00000000,963.00000000,852.00000000,900.00000000,682.00000000,891.00000000,607.00000000,568.00000000
59113,Yanceyville Farm 2 LLC,NC,1,6.00000000,5.00000000,2015.00000000,20.00000000,180.00000000,36.41388900,-79.31694400,9256.00000000,21.13242009,813.00000000,681.00000000,807.00000000,832.00000000,880.00000000,920.00000000,879.00000000,905.00000000,662.00000000,813.00000000,566.00000000,498.00000000
59114,Redmon Solar Farm LLC,NC,1,2.90000000,2.00000000,2015.00000000,25.00000000,180.00000000,35.71083300,-80.66583300,4021.00000000,22.95091324,370.00000000,301.00000000,341.00000000,368.00000000,370.00000000,388.00000000,363.00000000,394.00000000,291.00000000,370.00000000,240.00000000,225.00000000
59115,Anderson Farm LLC,NC,1,2.80000000,1.90000000,2014.00000000,20.00000000,180.00000000,34.97555600,-78.51666700,4142.00000000,24.88584475,381.00000000,290.00000000,337.00000000,367.00000000,393.00000000,408.00000000,379.00000000,384.00000000,311.00000000,381.00000000,262.00000000,249.00000000
59119,Warsaw I,NC,1,2.60000000,2.00000000,2013.00000000,20.00000000,180.00000000,35.01000000,-78.11000000,3476.00000000,19.84018265,233.00000000,260.00000000,297.00000000,298.00000000,309.00000000,329.00000000,308.00000000,278.00000000,225.00000000,382.00000000,287.00000000,270.00000000
59120,Warsaw II,NC,1,2.60000000,2.00000000,2013.00000000,20.00000000,180.00000000,35.01000000,-78.05000000,3558.00000000,20.30821918,235.00000000,219.00000000,311.00000000,320.00000000,337.00000000,338.00000000,288.00000000,266.00000000,235.00000000,395.00000000,302.00000000,312.00000000
59123,Moncure Farm LLC,NC,1,4.50000000,3.00000000,2014.00000000,20.00000000,181.10000000,35.56833300,-79.03250000,6136.00000000,23.34855403,559.00000000,463.00000000,533.00000000,566.00000000,558.00000000,607.00000000,531.00000000,567.00000000,439.00000000,560.00000000,387.00000000,366.00000000
59124,Martin Creek Farm LLC,NC,1,3.90000000,3.00000000,2014.00000000,20.00000000,180.00000000,36.28638900,-78.38611100,5631.00000000,21.42694064,536.00000000,421.00000000,494.00000000,533.00000000,545.00000000,592.00000000,456.00000000,472.00000000,339.00000000,537.00000000,372.00000000,334.00000000
59125,Kinston,NC,1,2.70000000,2.00000000,2014.00000000,25.00000000,180.00000000,35.37055600,-77.60833300,4002.00000000,22.84246575,368.00000000,310.00000000,333.00000000,369.00000000,371.00000000,396.00000000,335.00000000,344.00000000,294.00000000,368.00000000,256.00000000,258.00000000
59126,Daniel Farm LLC,NC,1,6.00000000,5.00000000,2014.00000000,25.00000000,180.00000000,35.84888900,-80.55361100,8453.00000000,19.29908676,775.00000000,598.00000000,733.00000000,776.00000000,755.00000000,813.00000000,733.00000000,835.00000000,645.00000000,775.00000000,529.00000000,486.00000000
59127,Bailey Farm LLC,NC,1,6.50000000,5.00000000,2013.00000000,25.00000000,182.00000000,35.78750000,-78.13972200,9356.00000000,21.36073059,869.00000000,725.00000000,784.00000000,845.00000000,840.00000000,923.00000000,804.00000000,841.00000000,659.00000000,870.00000000,607.00000000,589.00000000
59128,Acushnet- High Hill,MA,1,3.20000000,2.80000000,2013.00000000,25.00000000,180.00000000,41.71444400,-70.99722200,3494.00000000,14.24494455,155.00000000,271.00000000,147.00000000,282.00000000,389.00000000,407.00000000,397.00000000,363.00000000,336.00000000,276.00000000,282.00000000,189.00000000
59129,CSD 2- Freedom High,CA,1,1.10000000,0.90000000,2013.00000000,15.00000000,182.00000000,37.96972200,-121.71944400,1390.00000000,17.63064434,51.00000000,73.00000000,111.00000000,142.00000000,176.00000000,165.00000000,159.00000000,155.00000000,131.00000000,105.00000000,72.00000000,50.00000000
59130,CSD 2 - Heritage High,CA,1,1.40000000,1.30000000,2013.00000000,10.00000000,102.00000000,37.92194400,-121.75555600,1890.00000000,16.59641728,73.00000000,100.00000000,152.00000000,196.00000000,242.00000000,232.00000000,224.00000000,202.00000000,168.00000000,135.00000000,96.00000000,70.00000000
59131,Dartmouth Landfill,MA,1,1.30000000,1.10000000,2013.00000000,25.00000000,180.00000000,41.58111100,-70.99805600,1749.00000000,18.15068493,68.00000000,110.00000000,149.00000000,158.00000000,178.00000000,186.00000000,174.00000000,188.00000000,158.00000000,167.00000000,118.00000000,95.00000000
59134,Easton Landfill,MA,1,1.90000000,1.60000000,2013.00000000,20.00000000,180.00000000,42.01027800,-71.09222200,2481.00000000,17.70119863,73.00000000,168.00000000,206.00000000,237.00000000,259.00000000,290.00000000,251.00000000,258.00000000,219.00000000,223.00000000,180.00000000,117.00000000
59135,Ludlow Landfill,MA,1,2.60000000,2.30000000,2013.00000000,25.00000000,180.00000000,42.18222200,-72.50750000,3350.00000000,16.62696049,79.00000000,284.00000000,293.00000000,261.00000000,355.00000000,378.00000000,316.00000000,337.00000000,325.00000000,342.00000000,228.00000000,152.00000000
59136,Methuen Landfill,MA,1,1.30000000,1.10000000,2013.00000000,20.00000000,180.00000000,42.74472200,-71.17500000,1571.00000000,16.30344541,45.00000000,120.00000000,140.00000000,151.00000000,166.00000000,125.00000000,171.00000000,172.00000000,162.00000000,147.00000000,85.00000000,87.00000000
59137,Plymouth Site 1,MA,1,5.60000000,4.00000000,2013.00000000,25.00000000,180.00000000,41.96000000,-70.77861100,7204.00000000,20.55936073,317.00000000,477.00000000,506.00000000,652.00000000,741.00000000,811.00000000,746.00000000,717.00000000,606.00000000,670.00000000,537.00000000,424.00000000
59138,SDCCD - Miramar,CA,1,1.10000000,1.00000000,2011.00000000,7.50000000,180.00000000,32.90611100,-117.12138900,1623.00000000,18.52739726,100.00000000,98.00000000,146.00000000,165.00000000,165.00000000,173.00000000,188.00000000,176.00000000,116.00000000,117.00000000,98.00000000,81.00000000
59139,SDCWA - Twin Oaks,CA,1,1.10000000,1.00000000,2011.00000000,20.00000000,180.00000000,33.21000000,-117.17055600,1349.00000000,15.39954338,61.00000000,92.00000000,133.00000000,151.00000000,149.00000000,163.00000000,174.00000000,143.00000000,95.00000000,77.00000000,65.00000000,46.00000000
59140,EDF Lancaster,MA,1,5.90000000,4.50000000,2014.00000000,22.00000000,183.00000000,42.52916700,-71.66527800,5660.00000000,14.35819381,67.00000000,389.00000000,474.00000000,583.00000000,628.00000000,537.00000000,724.00000000,654.00000000,559.00000000,542.00000000,341.00000000,162.00000000
59144,Brighton PV Solar Plant,CO,1,2.30000000,1.80000000,2012.00000000,25.00000000,180.00000000,39.98250000,-104.94083300,3252.00000000,20.62404871,184.00000000,211.00000000,275.00000000,302.00000000,340.00000000,323.00000000,334.00000000,316.00000000,325.00000000,285.00000000,183.00000000,174.00000000
59146,XPF Solar Field,NC,1,3.90000000,3.00000000,2014.00000000,15.00000000,210.00000000,35.91166700,-78.87333300,4269.00000000,16.24429224,206.00000000,182.00000000,229.00000000,513.00000000,533.00000000,591.00000000,524.00000000,531.00000000,398.00000000,293.00000000,144.00000000,125.00000000
59148,Green Farm,NC,1,7.00000000,5.00000000,2016.00000000,20.00000000,180.00000000,35.83166700,-77.26972200,9334.00000000,21.31050228,618.00000000,725.00000000,825.00000000,903.00000000,831.00000000,1026.00000000,853.00000000,870.00000000,529.00000000,920.00000000,631.00000000,603.00000000
59149,Simons Farm,NC,1,7.00000000,5.00000000,2016.00000000,20.00000000,180.00000000,36.30638900,-76.99722200,9718.00000000,22.18721461,607.00000000,732.00000000,858.00000000,913.00000000,946.00000000,1028.00000000,911.00000000,919.00000000,694.00000000,905.00000000,638.00000000,567.00000000
59152,Thornton PV1,NC,1,6.50000000,5.00000000,2015.00000000,20.00000000,190.00000000,35.39583300,-77.66166700,8897.00000000,20.31278539,545.00000000,656.00000000,762.00000000,888.00000000,899.00000000,822.00000000,931.00000000,839.00000000,694.00000000,821.00000000,534.00000000,506.00000000
59154,Bradley PV1,NC,1,6.50000000,5.00000000,2015.00000000,20.00000000,190.00000000,36.26055600,-77.07638900,7732.00000000,17.65296804,469.00000000,608.00000000,649.00000000,711.00000000,653.00000000,857.00000000,700.00000000,680.00000000,683.00000000,653.00000000,540.00000000,529.00000000
59156,Carter PV1,NC,1,7.00000000,5.00000000,2014.00000000,20.00000000,180.00000000,35.02111100,-78.78750000,8676.00000000,19.80821918,616.00000000,686.00000000,824.00000000,869.00000000,867.00000000,963.00000000,897.00000000,814.00000000,600.00000000,528.00000000,479.00000000,533.00000000
59157,Pecan PV1,NC,1,7.00000000,5.00000000,2014.00000000,20.00000000,180.00000000,34.90916700,-79.82944400,9205.00000000,21.01598174,607.00000000,664.00000000,789.00000000,866.00000000,861.00000000,929.00000000,884.00000000,910.00000000,680.00000000,859.00000000,595.00000000,561.00000000
59158,Langley PV1,NC,1,7.00000000,5.00000000,2014.00000000,20.00000000,180.00000000,35.80194400,-77.84888900,9643.00000000,22.01598174,592.00000000,689.00000000,769.00000000,892.00000000,875.00000000,1051.00000000,937.00000000,936.00000000,750.00000000,937.00000000,636.00000000,579.00000000
59162,Mariposa Solar Center LLC,NC,1,6.40000000,5.00000000,2016.00000000,25.00000000,180.00000000,35.37388900,-81.08694400,8878.00000000,20.26940639,628.00000000,700.00000000,778.00000000,844.00000000,818.00000000,856.00000000,805.00000000,877.00000000,637.00000000,846.00000000,555.00000000,534.00000000
59163,Highland Solar Center LLC,NC,1,6.40000000,5.00000000,2015.00000000,25.00000000,180.00000000,35.36388900,-77.45194400,8566.00000000,19.55707763,604.00000000,682.00000000,771.00000000,837.00000000,820.00000000,888.00000000,781.00000000,820.00000000,635.00000000,676.00000000,463.00000000,589.00000000
59166,Bridgeport Disposal Solar Farm,NJ,1,1.50000000,1.20000000,2011.00000000,20.00000000,180.00000000,39.78750000,-75.35083300,1415.00000000,13.46080670,36.00000000,131.00000000,147.00000000,136.00000000,136.00000000,157.00000000,106.00000000,131.00000000,98.00000000,138.00000000,115.00000000,84.00000000
59167,Lancaster Solar 1,CA,1,1.80000000,1.50000000,2014.00000000,22.00000000,270.00000000,34.71500000,-118.09500000,2440.00000000,18.56925419,108.00000000,96.00000000,136.00000000,231.00000000,184.00000000,163.00000000,219.00000000,288.00000000,290.00000000,248.00000000,242.00000000,235.00000000
59170,Jakana Solar,NC,1,6.70000000,5.00000000,2014.00000000,20.00000000,180.00000000,35.87527800,-77.08111100,9875.00000000,22.54566210,878.00000000,697.00000000,767.00000000,869.00000000,872.00000000,1093.00000000,899.00000000,940.00000000,712.00000000,878.00000000,651.00000000,619.00000000
59171,Windsor Solar,NC,1,6.70000000,5.00000000,2014.00000000,20.00000000,180.00000000,36.01694400,-76.88305600,9765.00000000,22.29452055,913.00000000,684.00000000,800.00000000,885.00000000,918.00000000,1006.00000000,884.00000000,901.00000000,680.00000000,911.00000000,647.00000000,536.00000000
59172,Belmont,IN,1,5.20000000,3.80000000,2015.00000000,18.00000000,180.00000000,39.72000000,-86.19305600,5210.00000000,15.65128575,166.00000000,416.00000000,538.00000000,535.00000000,652.00000000,627.00000000,623.00000000,477.00000000,257.00000000,414.00000000,272.00000000,233.00000000
59173,Bethel Solar,NC,1,5.70000000,5.00000000,2015.00000000,20.00000000,180.00000000,35.79432800,-77.38454200,6311.00000000,14.40867580,569.00000000,594.00000000,692.00000000,670.00000000,795.00000000,482.00000000,388.00000000,311.00000000,298.00000000,569.00000000,521.00000000,422.00000000
59174,Lewiston Solar,NC,1,6.70000000,5.00000000,2014.00000000,20.00000000,180.00000000,36.14111100,-77.21111100,9675.00000000,22.08904110,895.00000000,611.00000000,737.00000000,795.00000000,939.00000000,1043.00000000,944.00000000,937.00000000,695.00000000,894.00000000,620.00000000,565.00000000
59175,Woodland Solar,NC,1,7.00000000,5.00000000,2016.00000000,25.00000000,180.00000000,36.34194400,-77.22111100,9053.00000000,20.66894977,594.00000000,713.00000000,830.00000000,851.00000000,868.00000000,944.00000000,731.00000000,822.00000000,611.00000000,870.00000000,595.00000000,624.00000000
59176,Williamston Solar,NC,1,6.70000000,5.00000000,2014.00000000,20.00000000,180.00000000,35.80111100,-77.06305600,10013.00000000,22.86073059,915.00000000,712.00000000,739.00000000,921.00000000,963.00000000,1070.00000000,902.00000000,908.00000000,695.00000000,917.00000000,657.00000000,614.00000000
59177,Winton Solar,NC,1,7.00000000,5.00000000,2016.00000000,25.00000000,180.00000000,36.37500000,-76.93888900,9175.00000000,20.94748858,615.00000000,734.00000000,832.00000000,881.00000000,900.00000000,951.00000000,829.00000000,768.00000000,604.00000000,814.00000000,627.00000000,620.00000000
59178,Franklin 1,MA,1,3.60000000,3.00000000,2013.00000000,25.00000000,180.00000000,42.04055600,-71.39361100,4173.00000000,15.87899543,137.00000000,214.00000000,365.00000000,412.00000000,481.00000000,451.00000000,398.00000000,472.00000000,404.00000000,282.00000000,346.00000000,211.00000000
59179,Franklin 2,MA,1,4.80000000,4.00000000,2013.00000000,25.00000000,180.00000000,42.05416700,-71.39166700,5400.00000000,15.41095890,120.00000000,405.00000000,359.00000000,575.00000000,572.00000000,606.00000000,519.00000000,627.00000000,466.00000000,462.00000000,442.00000000,247.00000000
59180,Marion Solar LNG,IN,1,1.90000000,1.50000000,2015.00000000,18.00000000,180.00000000,39.91305600,-86.23805600,2087.00000000,15.88280061,57.00000000,118.00000000,211.00000000,219.00000000,235.00000000,202.00000000,251.00000000,248.00000000,206.00000000,218.00000000,50.00000000,72.00000000
59182,Hesperia,CA,1,1.70000000,1.50000000,2014.00000000,20.00000000,180.00000000,34.43500000,-117.37805600,3165.00000000,24.08675799,172.00000000,202.00000000,278.00000000,329.00000000,343.00000000,317.00000000,301.00000000,300.00000000,283.00000000,269.00000000,219.00000000,152.00000000
59184,Mulberry Farm LLC,TN,1,20.00000000,15.80000000,2014.00000000,25.00000000,180.00000000,35.13194400,-88.58666700,24256.00000000,17.52499855,895.00000000,1945.00000000,2202.00000000,2206.00000000,2386.00000000,2567.00000000,2347.00000000,2565.00000000,1857.00000000,2395.00000000,1560.00000000,1331.00000000
59185,Jacobstown,NJ,1,6.10000000,5.00000000,2014.00000000,20.00000000,180.00000000,40.06374300,-74.58242900,7744.00000000,17.68036530,219.00000000,593.00000000,708.00000000,720.00000000,705.00000000,902.00000000,842.00000000,779.00000000,633.00000000,769.00000000,509.00000000,365.00000000
59186,West Pemberton,NJ,1,9.20000000,7.00000000,2014.00000000,20.00000000,180.00000000,40.00666700,-74.73027800,11545.00000000,18.82746249,357.00000000,918.00000000,1055.00000000,1022.00000000,1088.00000000,1377.00000000,1254.00000000,1063.00000000,943.00000000,1144.00000000,781.00000000,543.00000000
59188,Selmer Farm LLC,TN,1,20.00000000,15.80000000,2014.00000000,25.00000000,180.00000000,35.14972200,-88.55527800,24065.00000000,17.38700075,919.00000000,1979.00000000,2062.00000000,1910.00000000,2480.00000000,2583.00000000,2374.00000000,2430.00000000,1818.00000000,2555.00000000,1585.00000000,1370.00000000
59189,East Wayne Solar LLC,NC,1,2.70000000,2.00000000,2014.00000000,20.00000000,180.00000000,35.44166700,-77.85000000,3968.00000000,22.64840183,369.00000000,309.00000000,325.00000000,363.00000000,361.00000000,381.00000000,339.00000000,349.00000000,288.00000000,369.00000000,260.00000000,255.00000000
59190,Vickers,NC,1,2.70000000,2.00000000,2014.00000000,20.00000000,180.00000000,35.82333300,-79.08027800,3678.00000000,20.99315068,338.00000000,270.00000000,314.00000000,341.00000000,338.00000000,376.00000000,332.00000000,344.00000000,262.00000000,338.00000000,221.00000000,204.00000000
59191,Soluga Farms 1,NC,1,6.40000000,5.00000000,2014.00000000,20.00000000,180.00000000,35.24305600,-78.38694400,9474.00000000,21.63013699,894.00000000,706.00000000,813.00000000,849.00000000,849.00000000,906.00000000,833.00000000,846.00000000,691.00000000,895.00000000,604.00000000,588.00000000
59192,Soluga Farms 2 LLC,NC,1,6.40000000,5.00000000,2014.00000000,20.00000000,183.00000000,34.50000800,-78.68916700,9057.00000000,20.67808219,808.00000000,669.00000000,799.00000000,822.00000000,836.00000000,892.00000000,803.00000000,793.00000000,662.00000000,808.00000000,576.00000000,589.00000000
59203,Farmersville,CA,3,5.40000000,4.50000000,2014.00000000,20.00000000,180.00000000,36.19000000,-119.12000000,6549.00000000,16.61339422,289.00000000,420.00000000,519.00000000,646.00000000,868.00000000,775.00000000,646.00000000,738.00000000,681.00000000,455.00000000,281.00000000,231.00000000
59217,Tiburon Holdings,NC,1,6.60000000,5.00000000,2016.00000000,20.00000000,180.00000000,35.90333300,-80.41694400,9152.00000000,20.89497717,614.00000000,692.00000000,815.00000000,860.00000000,866.00000000,908.00000000,846.00000000,906.00000000,686.00000000,881.00000000,569.00000000,509.00000000
59219,Porterville 6 and 7,CA,2,3.60000000,3.00000000,2014.00000000,20.00000000,180.00000000,36.05000000,-119.02000000,2985.00000000,11.35844749,135.00000000,176.00000000,242.00000000,261.00000000,293.00000000,293.00000000,343.00000000,278.00000000,253.00000000,264.00000000,248.00000000,199.00000000
59239,Eagle Springs Solar LLC,CO,1,1.10000000,1.00000000,2013.00000000,16.00000000,180.00000000,39.52611100,-107.69611100,1523.00000000,17.38584475,78.00000000,71.00000000,79.00000000,155.00000000,157.00000000,144.00000000,177.00000000,149.00000000,162.00000000,135.00000000,116.00000000,100.00000000
59241,Brockelman,MA,1,4.00000000,3.00000000,2013.00000000,25.00000000,180.00000000,42.48138900,-71.71694400,5172.00000000,19.68036530,137.00000000,424.00000000,450.00000000,465.00000000,523.00000000,564.00000000,525.00000000,503.00000000,466.00000000,456.00000000,382.00000000,277.00000000
59242,Beverly,MA,1,2.70000000,2.00000000,2014.00000000,20.00000000,180.00000000,42.59000000,-70.91194400,3155.00000000,18.00799087,65.00000000,234.00000000,286.00000000,329.00000000,343.00000000,353.00000000,370.00000000,324.00000000,226.00000000,288.00000000,223.00000000,114.00000000
59248,CCMUA,NJ,1,1.80000000,1.50000000,2012.00000000,20.00000000,180.00000000,39.92305600,-75.12750000,824.00000000,6.27092846,53.00000000,99.00000000,97.00000000,101.00000000,15.00000000,56.00000000,86.00000000,82.00000000,99.00000000,71.00000000,37.00000000,28.00000000
59262,Lancaster Little Rock,CA,1,7.00000000,5.00000000,2014.00000000,25.00000000,180.00000000,34.59944400,-117.93277800,2993.00000000,6.83333333,328.00000000,315.00000000,386.00000000,387.00000000,379.00000000,199.00000000,223.00000000,218.00000000,158.00000000,157.00000000,125.00000000,118.00000000
59269,Victor Mesa Linda B2,CA,1,2.10000000,1.50000000,2014.00000000,20.00000000,180.00000000,34.51277800,-117.38722200,3543.00000000,26.96347032,240.00000000,238.00000000,312.00000000,357.00000000,380.00000000,349.00000000,347.00000000,360.00000000,304.00000000,228.00000000,243.00000000,185.00000000
59270,Victor Mesa Linda C2,CA,1,2.10000000,1.50000000,2014.00000000,20.00000000,180.00000000,34.51138900,-117.38722200,3521.00000000,26.79604262,240.00000000,237.00000000,312.00000000,358.00000000,377.00000000,348.00000000,345.00000000,358.00000000,302.00000000,227.00000000,241.00000000,176.00000000
59271,Victor Mesa Linda D2,CA,1,2.10000000,1.50000000,2014.00000000,20.00000000,180.00000000,34.50944400,-117.38722200,3544.00000000,26.97108067,239.00000000,237.00000000,313.00000000,358.00000000,381.00000000,356.00000000,351.00000000,360.00000000,304.00000000,228.00000000,241.00000000,176.00000000
59272,Victor Mesa Linda E2,CA,1,2.10000000,1.50000000,2014.00000000,20.00000000,180.00000000,34.50805600,-117.38722200,3511.00000000,26.71993912,237.00000000,234.00000000,308.00000000,354.00000000,378.00000000,353.00000000,348.00000000,356.00000000,301.00000000,225.00000000,240.00000000,177.00000000
59274,Sutter Greenworks LLC,NY,1,7.20000000,5.00000000,2015.00000000,25.00000000,180.00000000,40.92805600,-72.77111100,8382.00000000,19.13698630,298.00000000,631.00000000,817.00000000,796.00000000,855.00000000,904.00000000,692.00000000,845.00000000,723.00000000,815.00000000,609.00000000,397.00000000
59275,Sterlington Greenworks LLC,NY,1,1.80000000,1.30000000,2015.00000000,25.00000000,180.00000000,41.06750000,-72.44027800,2165.00000000,19.01123990,78.00000000,154.00000000,169.00000000,207.00000000,228.00000000,253.00000000,196.00000000,222.00000000,185.00000000,206.00000000,154.00000000,113.00000000
59276,Leavenworth Greenworks LLC,NY,1,14.30000000,9.50000000,2016.00000000,25.00000000,180.00000000,40.92527800,-72.76333300,16899.00000000,20.30641673,524.00000000,1208.00000000,1499.00000000,1427.00000000,1796.00000000,2062.00000000,1788.00000000,1790.00000000,1378.00000000,1719.00000000,884.00000000,824.00000000
59277,Medford WWTP,NJ,1,1.50000000,1.30000000,2013.00000000,25.00000000,170.00000000,39.92222200,-74.80666700,2017.00000000,17.71162627,66.00000000,160.00000000,185.00000000,179.00000000,182.00000000,234.00000000,206.00000000,205.00000000,160.00000000,207.00000000,139.00000000,94.00000000
59278,Reeves South,NJ,1,1.40000000,1.00000000,2013.00000000,25.00000000,180.00000000,39.92666700,-74.81361100,1787.00000000,20.39954338,59.00000000,134.00000000,159.00000000,159.00000000,163.00000000,207.00000000,189.00000000,183.00000000,144.00000000,184.00000000,124.00000000,82.00000000
59283,California PV Energy at ISD WWTP,CA,1,1.20000000,1.00000000,2014.00000000,30.00000000,168.00000000,38.00111100,-121.70388900,1968.00000000,22.46575342,56.00000000,86.00000000,149.00000000,205.00000000,269.00000000,240.00000000,254.00000000,241.00000000,193.00000000,144.00000000,81.00000000,50.00000000
59297,Carrier Clinic,NJ,1,1.80000000,1.50000000,2009.00000000,25.00000000,173.00000000,40.47000000,-74.68500000,1606.00000000,12.22222222,42.00000000,92.00000000,124.00000000,144.00000000,133.00000000,207.00000000,188.00000000,170.00000000,144.00000000,178.00000000,99.00000000,85.00000000
59300,Hanford 1 and 2,CA,2,3.60000000,3.00000000,2014.00000000,20.00000000,180.00000000,36.30666700,-119.62916700,5026.00000000,19.12480974,246.00000000,209.00000000,438.00000000,400.00000000,575.00000000,586.00000000,595.00000000,503.00000000,487.00000000,438.00000000,322.00000000,227.00000000
59318,North Run,NJ,1,6.30000000,5.00000000,2015.00000000,15.00000000,180.00000000,40.06960100,-74.58484200,7347.00000000,16.77397260,192.00000000,543.00000000,677.00000000,699.00000000,687.00000000,840.00000000,838.00000000,764.00000000,617.00000000,719.00000000,456.00000000,315.00000000
59319,Rock Solid,NJ,1,9.90000000,8.00000000,2014.00000000,20.00000000,180.00000000,40.22972500,-74.22581800,12789.00000000,18.24914384,353.00000000,915.00000000,1160.00000000,1204.00000000,1251.00000000,1512.00000000,1384.00000000,1249.00000000,1065.00000000,1276.00000000,850.00000000,570.00000000
59323,Sacramento (SMUD),CA,1,1.50000000,1.40000000,2014.00000000,10.00000000,123.00000000,38.58722200,-121.45777800,2021.00000000,16.47912590,62.00000000,121.00000000,171.00000000,102.00000000,276.00000000,273.00000000,240.00000000,220.00000000,234.00000000,149.00000000,100.00000000,73.00000000
59324,MCCo Solar Generating Facility,OH,1,1.00000000,1.00000000,2014.00000000,25.00000000,190.00000000,41.51638900,-81.59722200,1082.00000000,12.35159817,22.00000000,74.00000000,79.00000000,103.00000000,129.00000000,124.00000000,138.00000000,130.00000000,108.00000000,99.00000000,44.00000000,32.00000000
59333,Faison Solar,NC,1,2.20000000,2.00000000,2015.00000000,25.00000000,180.00000000,35.06972200,-78.11611100,2598.00000000,14.82876712,90.00000000,183.00000000,213.00000000,272.00000000,291.00000000,310.00000000,290.00000000,205.00000000,311.00000000,143.00000000,156.00000000,134.00000000
59337,Harrell's Hill Solar Center LLC,NC,1,6.40000000,5.00000000,2015.00000000,25.00000000,180.00000000,35.21194400,-78.10083300,8518.00000000,19.44748858,459.00000000,452.00000000,837.00000000,904.00000000,770.00000000,699.00000000,805.00000000,860.00000000,714.00000000,903.00000000,615.00000000,500.00000000
59358,Devens,MA,1,3.70000000,3.00000000,2014.00000000,25.00000000,180.00000000,42.55917300,-71.62587500,4875.00000000,18.55022831,134.00000000,418.00000000,428.00000000,447.00000000,499.00000000,528.00000000,543.00000000,478.00000000,448.00000000,320.00000000,357.00000000,275.00000000
59361,Browne Solar LLC,MA,1,1.40000000,1.00000000,2014.00000000,30.00000000,180.00000000,42.20083300,-72.32222200,1188.00000000,13.56164384,32.00000000,120.00000000,136.00000000,95.00000000,15.00000000,53.00000000,158.00000000,144.00000000,145.00000000,152.00000000,90.00000000,48.00000000
59362,Indian Hill Solar LLC,MA,1,1.40000000,1.00000000,2014.00000000,30.00000000,180.00000000,42.20083300,-72.32222200,1521.00000000,17.36301370,35.00000000,123.00000000,143.00000000,130.00000000,166.00000000,188.00000000,180.00000000,154.00000000,139.00000000,152.00000000,90.00000000,21.00000000
59363,State Street Solar LLC,MA,1,1.40000000,1.00000000,2014.00000000,30.00000000,180.00000000,42.20083300,-72.32222200,1493.00000000,17.04337900,24.00000000,99.00000000,143.00000000,124.00000000,162.00000000,162.00000000,185.00000000,155.00000000,155.00000000,160.00000000,93.00000000,31.00000000
59364,Plainfield One Solar LLC,NJ,1,1.60000000,1.30000000,2011.00000000,10.00000000,180.00000000,40.60500000,-74.43944400,1205.00000000,10.58131366,33.00000000,73.00000000,114.00000000,108.00000000,135.00000000,158.00000000,123.00000000,129.00000000,106.00000000,107.00000000,70.00000000,49.00000000
59365,24 Applegate Solar LLC,NJ,1,3.40000000,2.60000000,2014.00000000,10.00000000,180.00000000,40.20583300,-74.57972200,3614.00000000,15.86757991,96.00000000,240.00000000,307.00000000,378.00000000,393.00000000,436.00000000,391.00000000,392.00000000,320.00000000,318.00000000,202.00000000,141.00000000
59366,G&S Wantage Solar LLC,NJ,1,9.40000000,8.50000000,2014.00000000,10.00000000,180.00000000,41.18916700,-74.59166700,8798.00000000,11.81573999,169.00000000,574.00000000,886.00000000,928.00000000,1109.00000000,1139.00000000,1072.00000000,933.00000000,794.00000000,415.00000000,504.00000000,275.00000000
59367,Engelhard Solar LLC,NJ,1,1.10000000,0.80000000,2012.00000000,10.00000000,180.00000000,40.33000000,-74.46250000,1009.00000000,14.39783105,13.00000000,42.00000000,64.00000000,111.00000000,122.00000000,138.00000000,101.00000000,117.00000000,95.00000000,102.00000000,64.00000000,40.00000000
59368,Westborough Solar LLC,MA,1,2.10000000,1.80000000,2014.00000000,10.00000000,180.00000000,42.26333300,-71.60916700,2472.00000000,15.67732116,60.00000000,204.00000000,234.00000000,233.00000000,245.00000000,262.00000000,263.00000000,269.00000000,237.00000000,202.00000000,145.00000000,118.00000000
59370,4 Applegate Solar LLC,NJ,1,1.90000000,1.40000000,2012.00000000,10.00000000,180.00000000,40.19638900,-74.58361100,1979.00000000,16.13666014,54.00000000,134.00000000,169.00000000,187.00000000,208.00000000,258.00000000,228.00000000,195.00000000,165.00000000,182.00000000,116.00000000,83.00000000
59371,12 Applegate Solar LLC,NJ,1,1.90000000,1.50000000,2012.00000000,10.00000000,180.00000000,40.20027800,-74.57611100,2134.00000000,16.24048706,56.00000000,144.00000000,195.00000000,212.00000000,225.00000000,274.00000000,222.00000000,219.00000000,184.00000000,197.00000000,125.00000000,81.00000000
59375,Rose Hill,NC,1,2.40000000,2.00000000,2012.00000000,20.00000000,180.00000000,34.82388900,-77.96972200,3232.00000000,18.44748858,250.00000000,275.00000000,299.00000000,310.00000000,313.00000000,313.00000000,271.00000000,225.00000000,239.00000000,310.00000000,211.00000000,216.00000000
59376,Dunn,NC,1,2.40000000,2.00000000,2012.00000000,20.00000000,180.00000000,35.34854000,-78.55320000,3404.00000000,19.42922374,243.00000000,268.00000000,298.00000000,304.00000000,298.00000000,316.00000000,291.00000000,316.00000000,263.00000000,343.00000000,241.00000000,223.00000000
59377,South Cary WRF Solar Array,NC,1,1.80000000,1.50000000,2012.00000000,10.00000000,180.00000000,35.65166700,-78.75722200,1985.00000000,15.10654490,135.00000000,173.00000000,214.00000000,196.00000000,165.00000000,259.00000000,234.00000000,184.00000000,121.00000000,137.00000000,88.00000000,79.00000000
59390,True North,MA,1,5.70000000,4.80000000,2012.00000000,30.00000000,180.00000000,42.84750000,-70.89833300,6341.00000000,15.08038432,285.00000000,398.00000000,551.00000000,653.00000000,672.00000000,690.00000000,708.00000000,522.00000000,648.00000000,468.00000000,439.00000000,307.00000000
59394,Grafton Solar,MA,1,1.70000000,1.50000000,2013.00000000,25.00000000,180.00000000,42.19916700,-71.67916700,2041.00000000,15.53272451,60.00000000,175.00000000,164.00000000,136.00000000,166.00000000,235.00000000,229.00000000,221.00000000,199.00000000,198.00000000,152.00000000,106.00000000
59396,Shaffer,MA,1,6.00000000,5.00000000,2014.00000000,10.00000000,180.00000000,42.59416700,-71.24944400,6708.00000000,15.31506849,175.00000000,488.00000000,534.00000000,682.00000000,693.00000000,818.00000000,704.00000000,751.00000000,549.00000000,539.00000000,474.00000000,301.00000000
59416,Anaheim Solar Energy Plant,CA,1,2.40000000,2.10000000,2014.00000000,5.00000000,180.00000000,33.80250000,-117.91972200,2743.00000000,14.91085018,165.00000000,165.00000000,272.00000000,320.00000000,307.00000000,324.00000000,329.00000000,296.00000000,208.00000000,158.00000000,115.00000000,84.00000000
59426,GKS Solar,NC,1,6.60000000,5.00000000,2015.00000000,20.00000000,180.00000000,36.24833300,-76.50194400,8934.00000000,20.39726027,566.00000000,649.00000000,789.00000000,905.00000000,886.00000000,996.00000000,862.00000000,776.00000000,620.00000000,755.00000000,558.00000000,572.00000000
59427,Two Mile Solar,NC,1,6.50000000,5.00000000,2015.00000000,20.00000000,180.00000000,36.22305600,-76.46194400,8778.00000000,20.04109589,602.00000000,643.00000000,796.00000000,872.00000000,861.00000000,965.00000000,770.00000000,727.00000000,596.00000000,796.00000000,568.00000000,582.00000000
59429,Downs Farm Solar,NC,1,6.50000000,5.00000000,2015.00000000,20.00000000,180.00000000,36.36194400,-76.91694400,8392.00000000,19.15981735,526.00000000,650.00000000,788.00000000,797.00000000,801.00000000,923.00000000,753.00000000,742.00000000,595.00000000,800.00000000,510.00000000,507.00000000
59430,Solar Las Vegas MB-1,NV,1,6.40000000,4.90000000,2015.00000000,10.00000000,180.00000000,36.08861100,-115.17777800,4559.00000000,10.62109775,213.00000000,227.00000000,394.00000000,500.00000000,539.00000000,515.00000000,485.00000000,468.00000000,411.00000000,350.00000000,276.00000000,181.00000000
59432,Duke Building 87,IN,1,2.90000000,2.70000000,2014.00000000,10.00000000,180.00000000,39.89083300,-86.25555600,3493.00000000,14.76830712,93.00000000,223.00000000,309.00000000,339.00000000,402.00000000,408.00000000,408.00000000,408.00000000,320.00000000,320.00000000,142.00000000,121.00000000
59433,Duke Building 98,IN,1,3.30000000,2.70000000,2014.00000000,10.00000000,180.00000000,39.90472200,-86.26000000,4211.00000000,17.80399121,106.00000000,277.00000000,383.00000000,408.00000000,468.00000000,505.00000000,496.00000000,497.00000000,377.00000000,383.00000000,169.00000000,142.00000000
59434,Duke Building 129,IN,1,3.90000000,3.40000000,2014.00000000,10.00000000,180.00000000,39.91083300,-86.24527800,4417.00000000,14.83011013,121.00000000,314.00000000,435.00000000,466.00000000,545.00000000,430.00000000,447.00000000,432.00000000,439.00000000,437.00000000,188.00000000,163.00000000
59445,St. Albans SPEED Project,VT,1,2.70000000,2.00000000,2013.00000000,25.00000000,180.00000000,44.78777800,-73.08861100,2031.00000000,11.59246575,22.00000000,115.00000000,147.00000000,215.00000000,232.00000000,170.00000000,329.00000000,271.00000000,233.00000000,184.00000000,82.00000000,31.00000000
59446,Cranbury,NJ,1,5.70000000,5.00000000,2011.00000000,20.00000000,184.00000000,40.31472200,-74.49916700,6345.00000000,14.48630137,183.00000000,499.00000000,614.00000000,576.00000000,629.00000000,709.00000000,618.00000000,593.00000000,541.00000000,671.00000000,441.00000000,271.00000000
59451,CBC Solar Energy Gen Fac Phase 2,NC,1,3.10000000,2.50000000,2013.00000000,33.00000000,189.00000000,35.67444400,-78.52611100,3900.00000000,17.80821918,316.00000000,295.00000000,363.00000000,360.00000000,370.00000000,368.00000000,323.00000000,306.00000000,251.00000000,334.00000000,323.00000000,291.00000000
59462,Denver Intl Airport IV Solar,CO,1,2.00000000,1.50000000,2014.00000000,25.00000000,180.00000000,39.90269700,-104.67393500,3000.00000000,22.83105023,48.00000000,97.00000000,194.00000000,387.00000000,387.00000000,387.00000000,387.00000000,387.00000000,387.00000000,194.00000000,97.00000000,48.00000000
59463,Ayers Village Solar,MA,1,2.40000000,2.00000000,2014.00000000,23.00000000,180.00000000,42.79194400,-71.17750000,2751.00000000,15.70205479,72.00000000,220.00000000,210.00000000,237.00000000,265.00000000,282.00000000,329.00000000,257.00000000,286.00000000,257.00000000,190.00000000,146.00000000
59464,Monson Solar,MA,1,3.60000000,3.00000000,2014.00000000,20.00000000,180.00000000,42.12444400,-72.33250000,3967.00000000,15.09512938,75.00000000,288.00000000,382.00000000,386.00000000,487.00000000,510.00000000,450.00000000,313.00000000,337.00000000,375.00000000,246.00000000,118.00000000
59465,Sullivan Solar,MA,1,2.00000000,1.50000000,2014.00000000,17.00000000,180.00000000,41.65500000,-70.95638900,2168.00000000,16.49923896,87.00000000,152.00000000,186.00000000,204.00000000,190.00000000,255.00000000,221.00000000,233.00000000,188.00000000,196.00000000,150.00000000,106.00000000
59466,Winchendon Solar,MA,1,2.40000000,1.90000000,2014.00000000,20.00000000,180.00000000,42.65944400,-71.99166700,2482.00000000,14.91228070,59.00000000,208.00000000,205.00000000,231.00000000,264.00000000,264.00000000,275.00000000,243.00000000,225.00000000,220.00000000,174.00000000,114.00000000
59468,KS Solar Six LLC,MA,1,2.50000000,2.00000000,2013.00000000,20.00000000,180.00000000,42.47083300,-72.04500000,2937.00000000,16.76369863,63.00000000,227.00000000,261.00000000,272.00000000,330.00000000,351.00000000,273.00000000,302.00000000,280.00000000,262.00000000,197.00000000,119.00000000
59470,Cornell Snyder Road Solar Array,NY,1,2.00000000,1.80000000,2014.00000000,17.00000000,180.00000000,42.49750000,-76.46000000,1582.00000000,10.03297818,18.00000000,101.00000000,138.00000000,180.00000000,185.00000000,194.00000000,219.00000000,123.00000000,147.00000000,158.00000000,88.00000000,31.00000000
59473,Apple Campus 2 PV,CA,1,15.80000000,14.40000000,2017.00000000,5.00000000,210.00000000,37.33000000,-122.01000000,17356.00000000,13.75887874,706.00000000,904.00000000,1334.00000000,1880.00000000,2365.00000000,2230.00000000,2226.00000000,1861.00000000,1480.00000000,1061.00000000,694.00000000,615.00000000
59476,Clarendon Solar Farm,VT,1,2.40000000,2.00000000,2014.00000000,27.00000000,180.00000000,43.53972200,-72.95583300,2965.00000000,16.92351598,49.00000000,228.00000000,205.00000000,274.00000000,342.00000000,334.00000000,370.00000000,308.00000000,333.00000000,289.00000000,158.00000000,75.00000000
59479,IMPA Frankton Solar Park,IN,1,1.20000000,1.00000000,2014.00000000,25.00000000,180.00000000,40.21638900,-85.77472200,1191.00000000,13.59589041,34.00000000,92.00000000,121.00000000,116.00000000,119.00000000,128.00000000,127.00000000,138.00000000,105.00000000,99.00000000,58.00000000,54.00000000
59480,IMPA Rensselaer Solar Park,IN,1,1.20000000,1.00000000,2014.00000000,25.00000000,180.00000000,40.94611100,-87.13638900,985.00000000,11.24429224,-1.00000000,-1.00000000,-1.00000000,101.00000000,157.00000000,133.00000000,136.00000000,137.00000000,117.00000000,117.00000000,46.00000000,44.00000000
59481,IMPA Peru Solar Park,IN,1,3.70000000,3.00000000,2015.00000000,25.00000000,180.00000000,40.76777800,-86.04555600,4055.00000000,15.42998478,125.00000000,337.00000000,400.00000000,408.00000000,493.00000000,459.00000000,375.00000000,383.00000000,327.00000000,418.00000000,174.00000000,156.00000000
59482,IMPA Tell City Solar Park,IN,1,1.30000000,1.10000000,2015.00000000,25.00000000,180.00000000,37.94611100,-86.73750000,1581.00000000,16.40722291,50.00000000,130.00000000,142.00000000,148.00000000,159.00000000,160.00000000,168.00000000,181.00000000,146.00000000,158.00000000,78.00000000,61.00000000
59483,IMPA Crawfordsville Solar Park,IN,1,3.70000000,3.00000000,2015.00000000,25.00000000,180.00000000,40.05305600,-86.88722200,4335.00000000,16.49543379,138.00000000,294.00000000,413.00000000,407.00000000,477.00000000,482.00000000,477.00000000,500.00000000,379.00000000,420.00000000,190.00000000,158.00000000
59484,"Hadley Solar NG, LLC",MA,1,3.00000000,2.70000000,2014.00000000,25.00000000,180.00000000,42.35208500,-72.53885300,3436.00000000,14.52731270,60.00000000,254.00000000,298.00000000,310.00000000,369.00000000,413.00000000,380.00000000,371.00000000,300.00000000,306.00000000,243.00000000,132.00000000
59485,"265 Pleasant Solar NG, LLC",MA,1,1.10000000,1.00000000,2014.00000000,25.00000000,180.00000000,42.58138900,-71.76222200,1384.00000000,15.79908676,32.00000000,98.00000000,117.00000000,119.00000000,160.00000000,157.00000000,150.00000000,143.00000000,136.00000000,112.00000000,103.00000000,57.00000000
59486,Lanier Solar,NC,1,7.00000000,4.90000000,2016.00000000,20.00000000,180.00000000,34.89888900,-77.80888900,9383.00000000,21.85956574,741.00000000,602.00000000,808.00000000,837.00000000,927.00000000,970.00000000,884.00000000,854.00000000,719.00000000,852.00000000,584.00000000,605.00000000
59487,Highwater Solar I,NC,1,6.40000000,4.90000000,2015.00000000,20.00000000,180.00000000,35.43388900,-77.99000000,9778.00000000,22.77979685,662.00000000,762.00000000,834.00000000,925.00000000,945.00000000,1005.00000000,879.00000000,899.00000000,759.00000000,913.00000000,614.00000000,581.00000000
59488,Bearford Solar II,NC,1,7.00000000,4.90000000,2018.00000000,25.00000000,180.00000000,34.61194400,-77.92888900,7696.00000000,17.92936353,451.00000000,414.00000000,451.00000000,735.00000000,823.00000000,859.00000000,806.00000000,755.00000000,526.00000000,597.00000000,636.00000000,643.00000000
59489,Anthony Wayne Solar #1,OH,1,2.10000000,1.70000000,2014.00000000,25.00000000,180.00000000,41.62722200,-83.57472200,1529.00000000,10.26725759,31.00000000,125.00000000,141.00000000,165.00000000,174.00000000,163.00000000,165.00000000,155.00000000,126.00000000,172.00000000,67.00000000,45.00000000
59495,Antares-GRE 314 East Lyme LLC,CT,1,5.00000000,4.00000000,2014.00000000,30.00000000,180.00000000,41.41694400,-72.23444400,3396.00000000,9.69178082,103.00000000,261.00000000,303.00000000,343.00000000,504.00000000,577.00000000,476.00000000,415.00000000,336.00000000,59.00000000,0.00000000,19.00000000
59497,Andrew Solar,NC,1,6.40000000,5.00000000,2015.00000000,20.00000000,180.00000000,35.16080000,-77.10990000,8239.00000000,18.81050228,638.00000000,699.00000000,741.00000000,848.00000000,883.00000000,903.00000000,766.00000000,706.00000000,596.00000000,543.00000000,455.00000000,461.00000000
59498,Tracy Solar,NC,1,15.00000000,10.00000000,2015.00000000,20.00000000,180.00000000,35.79980000,-78.13980000,16798.00000000,19.17579909,1043.00000000,1302.00000000,1502.00000000,1625.00000000,1667.00000000,1833.00000000,1565.00000000,1712.00000000,1302.00000000,1412.00000000,1078.00000000,757.00000000
59499,Candace Solar,NC,1,6.60000000,5.00000000,2016.00000000,20.00000000,180.00000000,35.48700000,-78.19220000,9177.00000000,20.95205479,609.00000000,703.00000000,792.00000000,873.00000000,881.00000000,958.00000000,829.00000000,868.00000000,693.00000000,873.00000000,558.00000000,540.00000000
59500,Sarah Solar,NC,1,6.30000000,5.00000000,2015.00000000,25.00000000,180.00000000,36.13944400,-78.14694400,7131.00000000,16.28082192,403.00000000,494.00000000,717.00000000,782.00000000,748.00000000,511.00000000,718.00000000,751.00000000,521.00000000,666.00000000,448.00000000,372.00000000
59501,Nitro Solar,NC,1,6.20000000,5.00000000,2015.00000000,25.00000000,180.00000000,35.48694400,-78.31388900,7628.00000000,17.41552511,594.00000000,689.00000000,760.00000000,817.00000000,819.00000000,874.00000000,687.00000000,689.00000000,378.00000000,462.00000000,455.00000000,404.00000000
59502,Melinda Solar,NC,1,6.20000000,5.00000000,2015.00000000,20.00000000,180.00000000,36.24870000,-78.34750000,7409.00000000,16.91552511,505.00000000,638.00000000,707.00000000,774.00000000,766.00000000,805.00000000,619.00000000,458.00000000,457.00000000,758.00000000,529.00000000,393.00000000
59503,Jacob Solar,NC,1,7.10000000,5.00000000,2016.00000000,20.00000000,180.00000000,36.29220000,-79.62140000,7983.00000000,18.22602740,363.00000000,611.00000000,689.00000000,769.00000000,756.00000000,837.00000000,772.00000000,823.00000000,577.00000000,756.00000000,541.00000000,489.00000000
59504,Porter Solar,NC,1,6.00000000,5.00000000,2015.00000000,20.00000000,180.00000000,35.21670000,-77.07430000,7403.00000000,16.90182648,485.00000000,557.00000000,666.00000000,742.00000000,745.00000000,810.00000000,700.00000000,542.00000000,482.00000000,662.00000000,504.00000000,508.00000000
59505,Sun Devil Solar,NC,1,6.20000000,5.00000000,2015.00000000,20.00000000,180.00000000,36.43200000,-77.97030000,8255.00000000,18.84703196,434.00000000,644.00000000,763.00000000,800.00000000,839.00000000,871.00000000,769.00000000,819.00000000,590.00000000,762.00000000,492.00000000,472.00000000
59506,Quincy Solar (NC),NC,1,5.20000000,4.00000000,2015.00000000,20.00000000,180.00000000,35.07170000,-78.80780000,6840.00000000,19.52054795,496.00000000,549.00000000,644.00000000,675.00000000,605.00000000,726.00000000,631.00000000,662.00000000,541.00000000,676.00000000,295.00000000,340.00000000
59507,Kenneth Solar,NC,1,3.70000000,3.00000000,2016.00000000,20.00000000,180.00000000,36.43380000,-78.15260000,4636.00000000,17.64079148,273.00000000,356.00000000,419.00000000,446.00000000,456.00000000,489.00000000,431.00000000,475.00000000,357.00000000,456.00000000,248.00000000,230.00000000
59508,Chei Solar,NC,1,6.70000000,5.00000000,2016.00000000,20.00000000,180.00000000,35.89180000,-78.18230000,8468.00000000,19.33333333,429.00000000,695.00000000,777.00000000,840.00000000,849.00000000,884.00000000,777.00000000,819.00000000,668.00000000,869.00000000,482.00000000,379.00000000
59509,Murdock Solar,NC,1,5.40000000,4.00000000,2016.00000000,20.00000000,180.00000000,35.66330000,-78.52060000,6150.00000000,17.55136986,431.00000000,520.00000000,488.00000000,433.00000000,438.00000000,678.00000000,625.00000000,650.00000000,469.00000000,628.00000000,419.00000000,371.00000000
59510,Husky Solar,NC,1,6.30000000,5.00000000,2016.00000000,20.00000000,180.00000000,36.28470000,-79.56670000,8137.00000000,18.57762557,496.00000000,609.00000000,803.00000000,838.00000000,837.00000000,898.00000000,858.00000000,876.00000000,663.00000000,611.00000000,344.00000000,304.00000000
59511,Beetle Solar,NC,1,4.80000000,4.00000000,2016.00000000,20.00000000,180.00000000,35.17850000,-81.66500000,6206.00000000,17.71118721,409.00000000,489.00000000,588.00000000,574.00000000,565.00000000,660.00000000,662.00000000,604.00000000,419.00000000,460.00000000,384.00000000,392.00000000
59512,Happy Solar,NC,1,5.30000000,4.00000000,2016.00000000,20.00000000,180.00000000,35.39650000,-78.51080000,6649.00000000,18.97545662,410.00000000,366.00000000,572.00000000,648.00000000,663.00000000,711.00000000,601.00000000,651.00000000,523.00000000,612.00000000,448.00000000,444.00000000
59514,Flat Meeks PV 1,NC,1,6.50000000,5.00000000,2017.00000000,20.00000000,190.00000000,35.80666700,-77.27055600,9445.00000000,21.56392694,563.00000000,558.00000000,718.00000000,835.00000000,926.00000000,957.00000000,1006.00000000,795.00000000,806.00000000,733.00000000,836.00000000,712.00000000
59516,American Legion PV 1,NC,1,20.00000000,16.00000000,2017.00000000,20.00000000,190.00000000,36.41833300,-77.65583300,23173.00000000,16.53324772,1420.00000000,1837.00000000,2174.00000000,2389.00000000,1713.00000000,2128.00000000,2492.00000000,2358.00000000,1377.00000000,2400.00000000,1523.00000000,1362.00000000
59517,Baker PV 1,NC,1,7.00000000,5.00000000,2016.00000000,20.00000000,190.00000000,36.27027800,-77.06027800,8673.00000000,19.80136986,508.00000000,552.00000000,732.00000000,851.00000000,610.00000000,770.00000000,953.00000000,720.00000000,901.00000000,682.00000000,748.00000000,646.00000000
59519,Old Catawba PV 1,NC,1,5.00000000,3.50000000,2015.00000000,20.00000000,190.00000000,35.71166700,-81.13416700,5585.00000000,18.21591650,335.00000000,427.00000000,522.00000000,558.00000000,566.00000000,583.00000000,558.00000000,595.00000000,426.00000000,494.00000000,253.00000000,268.00000000
59520,Manning PV 1,NC,1,7.00000000,5.00000000,2018.00000000,20.00000000,190.00000000,36.11916700,-79.52138900,9342.00000000,21.32876712,579.00000000,701.00000000,834.00000000,865.00000000,893.00000000,964.00000000,899.00000000,927.00000000,688.00000000,879.00000000,588.00000000,525.00000000
59521,Little River PV 1,NC,1,7.00000000,5.00000000,2015.00000000,20.00000000,190.00000000,35.53888900,-79.80416700,8263.00000000,18.86529680,539.00000000,661.00000000,777.00000000,834.00000000,838.00000000,898.00000000,840.00000000,860.00000000,533.00000000,643.00000000,440.00000000,400.00000000
59533,Princeton,NC,1,6.50000000,5.00000000,2015.00000000,25.00000000,180.00000000,35.50444400,-78.19222200,8304.00000000,18.95890411,584.00000000,664.00000000,745.00000000,802.00000000,787.00000000,816.00000000,753.00000000,712.00000000,617.00000000,790.00000000,530.00000000,504.00000000
59534,4Oaks,NC,1,6.50000000,5.00000000,2015.00000000,25.00000000,180.00000000,35.43250000,-78.41166700,7309.00000000,16.68721461,505.00000000,590.00000000,676.00000000,730.00000000,712.00000000,717.00000000,668.00000000,711.00000000,577.00000000,615.00000000,439.00000000,369.00000000
59536,Coronus Adelanto West 1,CA,1,1.80000000,1.50000000,2015.00000000,20.00000000,180.00000000,34.54805600,-117.46444400,3278.00000000,24.94672755,221.00000000,229.00000000,295.00000000,344.00000000,352.00000000,323.00000000,303.00000000,307.00000000,272.00000000,261.00000000,203.00000000,168.00000000
59537,Coronus Adelanto West 2,CA,1,1.80000000,1.50000000,2015.00000000,20.00000000,180.00000000,34.54805600,-117.46444400,3315.00000000,25.22831050,224.00000000,229.00000000,282.00000000,341.00000000,355.00000000,329.00000000,302.00000000,321.00000000,269.00000000,270.00000000,211.00000000,182.00000000
59539,Park Meridian #1,CA,1,1.80000000,1.50000000,2015.00000000,11.00000000,180.00000000,33.89611100,-117.28361100,2495.00000000,18.98782344,144.00000000,124.00000000,200.00000000,206.00000000,262.00000000,291.00000000,265.00000000,248.00000000,220.00000000,204.00000000,178.00000000,153.00000000
59540,Rancho Cucamonga Dist #1,CA,1,2.20000000,1.80000000,2015.00000000,5.00000000,180.00000000,34.10027800,-117.55277800,2976.00000000,18.87366819,163.00000000,157.00000000,232.00000000,295.00000000,281.00000000,314.00000000,314.00000000,321.00000000,300.00000000,234.00000000,195.00000000,170.00000000
59541,Terra Francesco,CA,1,1.80000000,1.50000000,2015.00000000,11.00000000,180.00000000,34.03972200,-117.60666700,2102.00000000,15.99695586,124.00000000,123.00000000,137.00000000,163.00000000,208.00000000,237.00000000,227.00000000,210.00000000,172.00000000,165.00000000,184.00000000,152.00000000
59542,Innovative Solar 6,NC,1,4.80000000,3.60000000,2016.00000000,20.00000000,180.00000000,35.65750000,-82.71027800,4641.00000000,14.71651446,355.00000000,497.00000000,604.00000000,556.00000000,481.00000000,624.00000000,323.00000000,353.00000000,247.00000000,296.00000000,159.00000000,146.00000000
59543,Acton Solar Landfill,MA,1,1.60000000,1.50000000,2013.00000000,25.00000000,180.00000000,42.47333300,-71.43055600,1819.00000000,13.84322679,52.00000000,161.00000000,186.00000000,199.00000000,213.00000000,234.00000000,227.00000000,211.00000000,178.00000000,127.00000000,31.00000000,0.00000000
59544,Parlin Solar LLC,NJ,1,1.31000000,1.30000000,2012.00000000,15.00000000,180.00000000,40.45666700,-74.32888900,1714.00000000,15.05093080,3.00000000,72.00000000,167.00000000,153.00000000,162.00000000,189.00000000,183.00000000,161.00000000,148.00000000,224.00000000,146.00000000,106.00000000
59551,"FLS Solar 200, LLC",NC,1,4.70000000,4.30000000,2014.00000000,20.00000000,180.00000000,34.58194400,-78.94000000,6527.00000000,17.32770521,420.00000000,453.00000000,532.00000000,620.00000000,585.00000000,652.00000000,556.00000000,588.00000000,370.00000000,679.00000000,545.00000000,527.00000000
59552,"FLS Solar 170, LLC",NC,1,2.60000000,2.00000000,2014.00000000,20.00000000,180.00000000,34.60000000,-78.97000000,3487.00000000,19.90296804,225.00000000,258.00000000,314.00000000,327.00000000,319.00000000,298.00000000,297.00000000,314.00000000,196.00000000,364.00000000,290.00000000,285.00000000
59553,"Innovative Solar 14, LLC",NC,1,2.60000000,2.00000000,2014.00000000,20.00000000,180.00000000,35.36888900,-82.35750000,3203.00000000,18.28196347,231.00000000,240.00000000,321.00000000,326.00000000,253.00000000,332.00000000,281.00000000,322.00000000,199.00000000,193.00000000,303.00000000,202.00000000
59554,"Innovative Solar 15, LLC",NC,1,2.50000000,2.00000000,2014.00000000,20.00000000,180.00000000,35.31944400,-81.76416700,2934.00000000,16.74657534,220.00000000,246.00000000,297.00000000,307.00000000,245.00000000,212.00000000,207.00000000,283.00000000,165.00000000,245.00000000,258.00000000,249.00000000
59556,Dalton 2,GA,1,7.10000000,6.50000000,2014.00000000,22.00000000,180.00000000,34.71805600,-84.93194400,5878.00000000,10.32314717,0.00000000,660.00000000,604.00000000,539.00000000,559.00000000,621.00000000,525.00000000,634.00000000,403.00000000,607.00000000,358.00000000,368.00000000
59561,Crockett Farm,NC,1,6.40000000,5.00000000,2014.00000000,20.00000000,180.00000000,35.23083300,-77.55250000,9501.00000000,21.69178082,858.00000000,675.00000000,774.00000000,879.00000000,915.00000000,982.00000000,871.00000000,837.00000000,704.00000000,858.00000000,573.00000000,575.00000000
59562,Eastover Farm,NC,1,6.40000000,5.00000000,2014.00000000,25.00000000,180.00000000,34.74222200,-79.46305600,8928.00000000,20.38356164,818.00000000,688.00000000,798.00000000,830.00000000,784.00000000,871.00000000,790.00000000,785.00000000,641.00000000,818.00000000,552.00000000,553.00000000
59563,Foxfire Solar Farm,NC,1,6.50000000,5.00000000,2015.00000000,20.00000000,180.00000000,35.22055600,-79.55194400,9345.00000000,21.33561644,889.00000000,696.00000000,808.00000000,855.00000000,876.00000000,940.00000000,614.00000000,920.00000000,684.00000000,889.00000000,611.00000000,563.00000000
59564,Hutchinson Farm,NC,1,6.70000000,5.00000000,2014.00000000,20.00000000,180.00000000,35.26083300,-81.51583300,9612.00000000,21.94520548,869.00000000,661.00000000,796.00000000,873.00000000,917.00000000,943.00000000,936.00000000,1001.00000000,701.00000000,869.00000000,542.00000000,504.00000000
59565,Keen Farm,NC,1,6.50000000,5.00000000,2015.00000000,20.00000000,180.00000000,35.42666700,-78.39998300,9266.00000000,21.15525114,866.00000000,674.00000000,763.00000000,825.00000000,840.00000000,909.00000000,801.00000000,848.00000000,696.00000000,866.00000000,604.00000000,574.00000000
59566,Ashley Solar Farm,NC,1,5.00000000,4.00000000,2015.00000000,20.00000000,180.00000000,36.12611100,-80.79888900,6786.00000000,19.36643836,427.00000000,500.00000000,629.00000000,654.00000000,678.00000000,696.00000000,610.00000000,673.00000000,517.00000000,653.00000000,414.00000000,335.00000000
59567,Bearford Farm Solar Project,NC,1,6.40000000,5.00000000,2017.00000000,20.00000000,190.00000000,34.61000000,-77.92416700,9525.00000000,21.74657534,854.00000000,683.00000000,809.00000000,873.00000000,915.00000000,971.00000000,873.00000000,818.00000000,666.00000000,854.00000000,607.00000000,602.00000000
59570,Mocksville Solar,NC,1,20.00000000,15.40000000,2016.00000000,20.00000000,180.00000000,35.83388900,-80.57444400,25671.00000000,19.02908735,1647.00000000,1844.00000000,2308.00000000,2474.00000000,2462.00000000,2596.00000000,2415.00000000,2675.00000000,1988.00000000,2388.00000000,1542.00000000,1332.00000000
59573,Tisbury Landfill Solar,MA,1,1.20000000,1.10000000,2014.00000000,25.00000000,180.00000000,41.44472200,-70.61305600,1506.00000000,15.62889166,57.00000000,101.00000000,131.00000000,145.00000000,164.00000000,187.00000000,148.00000000,162.00000000,131.00000000,144.00000000,90.00000000,46.00000000
59575,Manway Solar Farm,NC,1,6.40000000,5.00000000,2015.00000000,20.00000000,180.00000000,34.74583300,-78.42944400,9909.00000000,22.62328767,884.00000000,709.00000000,848.00000000,918.00000000,949.00000000,992.00000000,900.00000000,884.00000000,768.00000000,885.00000000,556.00000000,616.00000000
59576,Millikan Farm,NC,1,7.00000000,5.00000000,2015.00000000,20.00000000,180.00000000,35.81771000,-79.77108500,9256.00000000,21.13242009,610.00000000,725.00000000,839.00000000,887.00000000,913.00000000,908.00000000,835.00000000,936.00000000,673.00000000,861.00000000,558.00000000,511.00000000
59577,Misenheimer Farm,NC,1,6.40000000,5.00000000,2015.00000000,20.00000000,190.00000000,35.46861100,-80.29361100,8890.00000000,20.29680365,844.00000000,645.00000000,757.00000000,796.00000000,802.00000000,844.00000000,781.00000000,856.00000000,652.00000000,844.00000000,536.00000000,533.00000000
59578,Monroe Moore Farm,NC,1,6.40000000,5.00000000,2016.00000000,20.00000000,180.00000000,34.97194400,-80.60194400,8503.00000000,19.41324201,601.00000000,678.00000000,781.00000000,772.00000000,446.00000000,928.00000000,896.00000000,877.00000000,649.00000000,817.00000000,557.00000000,501.00000000
59579,Franklin Solar 2,NC,1,2.70000000,2.00000000,2014.00000000,20.00000000,180.00000000,36.12694400,-78.15250000,3916.00000000,22.35159817,351.00000000,290.00000000,327.00000000,361.00000000,380.00000000,412.00000000,345.00000000,351.00000000,268.00000000,351.00000000,248.00000000,232.00000000
59581,Stout Farm,NC,1,6.60000000,5.00000000,2014.00000000,20.00000000,180.00000000,36.07916700,-79.19972200,9157.00000000,20.90639269,800.00000000,711.00000000,740.00000000,750.00000000,880.00000000,859.00000000,875.00000000,903.00000000,676.00000000,800.00000000,603.00000000,560.00000000
59583,Tart Farm,NC,1,6.50000000,5.00000000,2016.00000000,20.00000000,180.00000000,35.20444400,-78.68111100,9165.00000000,20.92465753,869.00000000,661.00000000,786.00000000,830.00000000,797.00000000,889.00000000,796.00000000,814.00000000,662.00000000,870.00000000,604.00000000,587.00000000
59584,Wellons Farm,NC,1,6.70000000,5.00000000,2015.00000000,20.00000000,180.00000000,35.51169800,-78.29112900,9322.00000000,21.28310502,624.00000000,713.00000000,806.00000000,870.00000000,891.00000000,969.00000000,832.00000000,867.00000000,713.00000000,873.00000000,594.00000000,570.00000000
59586,Woodland Church Farm,NC,1,6.70000000,5.00000000,2015.00000000,20.00000000,190.00000000,35.05833300,-77.85361100,9352.00000000,21.35159817,844.00000000,689.00000000,789.00000000,866.00000000,882.00000000,918.00000000,809.00000000,812.00000000,683.00000000,844.00000000,597.00000000,619.00000000
59587,Yadkin 601 Farm,NC,1,3.90000000,3.00000000,2015.00000000,20.00000000,180.00000000,36.19916700,-80.69722200,5450.00000000,20.73820396,342.00000000,399.00000000,486.00000000,514.00000000,528.00000000,553.00000000,524.00000000,570.00000000,413.00000000,514.00000000,329.00000000,278.00000000
59591,Schell Solar Farm,NC,1,6.80000000,5.00000000,2016.00000000,20.00000000,180.00000000,36.43555600,-77.56638900,7634.00000000,17.42922374,552.00000000,703.00000000,815.00000000,848.00000000,824.00000000,933.00000000,545.00000000,663.00000000,417.00000000,562.00000000,396.00000000,376.00000000
59592,Sedberry Farm,NC,1,6.20000000,5.00000000,2016.00000000,20.00000000,180.00000000,35.24388900,-79.32166700,8592.00000000,19.61643836,566.00000000,625.00000000,749.00000000,811.00000000,815.00000000,885.00000000,818.00000000,827.00000000,628.00000000,806.00000000,540.00000000,522.00000000
59593,"Spring Valley Farm 2, LLC",NC,1,6.40000000,5.00000000,2017.00000000,20.00000000,180.00000000,36.37111100,-78.41527800,8902.00000000,20.32420091,853.00000000,707.00000000,809.00000000,390.00000000,797.00000000,954.00000000,855.00000000,874.00000000,664.00000000,854.00000000,598.00000000,547.00000000
59595,Stikeleather Farm,NC,1,6.30000000,5.00000000,2015.00000000,20.00000000,180.00000000,35.90222200,-81.10611100,9211.00000000,21.02968037,597.00000000,684.00000000,812.00000000,856.00000000,885.00000000,935.00000000,889.00000000,960.00000000,696.00000000,871.00000000,558.00000000,468.00000000
59597,"Colton Solar One, LLC",CA,1,3.20000000,2.50000000,2015.00000000,1.00000000,180.00000000,34.09333300,-117.31944400,2997.00000000,13.68493151,51.00000000,128.00000000,197.00000000,264.00000000,220.00000000,207.00000000,306.00000000,413.00000000,371.00000000,340.00000000,296.00000000,204.00000000
59601,L&D Landfill Solar,NJ,1,12.90000000,10.00000000,2015.00000000,20.00000000,180.00000000,39.98027800,-74.77027800,16844.00000000,19.22831050,492.00000000,1333.00000000,1609.00000000,1474.00000000,1635.00000000,2073.00000000,1810.00000000,1557.00000000,1405.00000000,1684.00000000,1096.00000000,676.00000000
59603,Walters Solar (FLS 260),NC,1,6.50000000,5.00000000,2015.00000000,20.00000000,180.00000000,34.49694400,-79.04888900,8487.00000000,19.37671233,510.00000000,587.00000000,850.00000000,866.00000000,793.00000000,887.00000000,810.00000000,735.00000000,672.00000000,865.00000000,524.00000000,388.00000000
59604,Stagecoach Solar,NC,1,6.30000000,5.00000000,2015.00000000,20.00000000,180.00000000,36.41472200,-78.45972200,8818.00000000,20.13242009,524.00000000,666.00000000,792.00000000,824.00000000,857.00000000,951.00000000,842.00000000,814.00000000,640.00000000,827.00000000,565.00000000,516.00000000
59605,Vicksburg Solar,NC,1,6.40000000,5.00000000,2015.00000000,20.00000000,180.00000000,36.32500000,-78.34305600,8727.00000000,19.92465753,537.00000000,674.00000000,787.00000000,814.00000000,855.00000000,925.00000000,775.00000000,809.00000000,627.00000000,829.00000000,576.00000000,519.00000000
59606,Soul City Solar,NC,1,3.80000000,3.50000000,2015.00000000,20.00000000,180.00000000,36.25000000,-78.25000000,5253.00000000,17.13307241,317.00000000,402.00000000,472.00000000,502.00000000,509.00000000,546.00000000,487.00000000,507.00000000,380.00000000,489.00000000,336.00000000,306.00000000
59613,Town of Williamson Landfill PV,NY,1,1.50000000,1.20000000,2014.00000000,20.00000000,185.00000000,43.24444400,-77.17472200,1424.00000000,13.54642314,28.00000000,77.00000000,121.00000000,119.00000000,162.00000000,158.00000000,206.00000000,166.00000000,161.00000000,132.00000000,67.00000000,27.00000000
59623,Clarkson Solar,NY,1,2.30000000,2.00000000,2014.00000000,25.00000000,135.00000000,44.67194400,-74.94944400,1888.00000000,10.77625571,26.00000000,140.00000000,216.00000000,260.00000000,321.00000000,157.00000000,303.00000000,118.00000000,140.00000000,92.00000000,73.00000000,42.00000000
59624,Twiss Street Solar,MA,1,2.00000000,1.50000000,2015.00000000,25.00000000,180.00000000,42.14833300,-72.74805600,2177.00000000,16.56773212,50.00000000,192.00000000,200.00000000,213.00000000,250.00000000,230.00000000,241.00000000,173.00000000,144.00000000,192.00000000,192.00000000,100.00000000
59625,Chicopee River Solar,MA,1,2.60000000,2.00000000,2015.00000000,25.00000000,180.00000000,42.15027800,-72.55222200,3065.00000000,17.49429224,60.00000000,230.00000000,280.00000000,285.00000000,341.00000000,350.00000000,349.00000000,300.00000000,286.00000000,287.00000000,185.00000000,112.00000000
59626,Chicopee Granby Road Solar,MA,1,2.10000000,1.60000000,2015.00000000,25.00000000,180.00000000,42.15805600,-72.59583300,2207.00000000,15.74628995,50.00000000,194.00000000,216.00000000,212.00000000,258.00000000,142.00000000,202.00000000,216.00000000,233.00000000,228.00000000,157.00000000,99.00000000
59627,Harmony,NJ,1,3.90000000,3.00000000,2015.00000000,20.00000000,180.00000000,40.75528900,-75.17095500,4143.00000000,15.76484018,91.00000000,294.00000000,396.00000000,401.00000000,429.00000000,451.00000000,474.00000000,403.00000000,356.00000000,432.00000000,270.00000000,146.00000000
59628,Hanover,NJ,1,6.00000000,5.00000000,2015.00000000,20.00000000,180.00000000,40.06527800,-74.59055600,7493.00000000,17.10730594,217.00000000,567.00000000,677.00000000,699.00000000,683.00000000,878.00000000,805.00000000,744.00000000,615.00000000,748.00000000,499.00000000,361.00000000
59630,CentraState Medical Center PV Facility,NJ,1,6.30000000,5.20000000,2014.00000000,15.00000000,180.00000000,40.23611100,-74.32138900,4336.00000000,9.51879171,117.00000000,327.00000000,407.00000000,463.00000000,473.00000000,504.00000000,446.00000000,452.00000000,340.00000000,344.00000000,287.00000000,176.00000000
59631,Imclone Solar Electric Facility,NJ,1,10.00000000,8.00000000,2014.00000000,20.00000000,180.00000000,40.55500000,-74.70944400,9679.00000000,13.81135845,340.00000000,749.00000000,1068.00000000,1013.00000000,910.00000000,771.00000000,890.00000000,1016.00000000,836.00000000,1028.00000000,685.00000000,373.00000000
59636,Charlton Solar I CSG,MA,1,4.40000000,4.00000000,2014.00000000,21.00000000,188.00000000,42.12750000,-71.99638900,5394.00000000,15.39383562,129.00000000,336.00000000,490.00000000,501.00000000,608.00000000,625.00000000,601.00000000,546.00000000,502.00000000,481.00000000,365.00000000,210.00000000
59641,Garysburg Solar,NC,1,6.20000000,5.00000000,2016.00000000,25.00000000,180.00000000,36.46800000,-77.59200000,7041.00000000,16.07534247,463.00000000,513.00000000,618.00000000,651.00000000,625.00000000,757.00000000,687.00000000,718.00000000,551.00000000,635.00000000,490.00000000,333.00000000
59642,Gaston Solar,NC,1,6.20000000,5.00000000,2016.00000000,25.00000000,180.00000000,36.51472200,-77.65611100,9099.00000000,20.77397260,600.00000000,707.00000000,832.00000000,859.00000000,889.00000000,974.00000000,800.00000000,834.00000000,634.00000000,846.00000000,606.00000000,518.00000000
59643,Seaboard Solar LLC,NC,1,6.20000000,5.00000000,2016.00000000,25.00000000,180.00000000,36.47694400,-77.46777800,7537.00000000,17.20776256,424.00000000,531.00000000,684.00000000,823.00000000,838.00000000,887.00000000,616.00000000,524.00000000,448.00000000,642.00000000,559.00000000,561.00000000
59645,Mt Olive Solar 1,NC,1,6.50000000,5.00000000,2015.00000000,20.00000000,180.00000000,35.18111100,-78.09694400,7698.00000000,17.57534247,458.00000000,597.00000000,756.00000000,785.00000000,695.00000000,558.00000000,728.00000000,722.00000000,630.00000000,694.00000000,538.00000000,537.00000000
59646,FLS Solar 230 (Warren),NC,1,6.30000000,4.80000000,2015.00000000,20.00000000,180.00000000,35.01611100,-77.82194400,8453.00000000,20.10321537,600.00000000,659.00000000,759.00000000,822.00000000,831.00000000,850.00000000,742.00000000,706.00000000,638.00000000,783.00000000,520.00000000,543.00000000
59648,Tarboro Solar,NC,1,6.20000000,5.00000000,2016.00000000,25.00000000,180.00000000,35.85805600,-77.49916700,9122.00000000,20.82648402,659.00000000,741.00000000,821.00000000,760.00000000,907.00000000,956.00000000,797.00000000,880.00000000,647.00000000,835.00000000,599.00000000,520.00000000
59651,"Forever 21 Retail, Inc.",CA,1,1.70000000,1.30000000,2015.00000000,30.00000000,190.00000000,34.07138900,-118.19611100,1143.00000000,10.03688093,116.00000000,102.00000000,133.00000000,155.00000000,131.00000000,82.00000000,122.00000000,91.00000000,65.00000000,53.00000000,52.00000000,41.00000000
59652,Nordhoff Place,CA,1,1.30000000,0.90000000,2014.00000000,30.00000000,190.00000000,34.23666700,-118.56583300,1103.00000000,13.99036022,56.00000000,64.00000000,102.00000000,109.00000000,92.00000000,93.00000000,128.00000000,110.00000000,97.00000000,98.00000000,82.00000000,72.00000000
59663,"Cornwall Solar Center, LLC",NC,1,6.40000000,5.00000000,2016.00000000,25.00000000,180.00000000,36.36694400,-78.62611100,7768.00000000,17.73515982,352.00000000,465.00000000,702.00000000,803.00000000,698.00000000,801.00000000,731.00000000,768.00000000,507.00000000,840.00000000,567.00000000,534.00000000
59667,Innovative Solar 48,NC,1,6.30000000,4.90000000,2015.00000000,20.00000000,180.00000000,34.71162800,-79.30235000,8459.00000000,19.70692387,593.00000000,662.00000000,769.00000000,820.00000000,800.00000000,870.00000000,802.00000000,764.00000000,623.00000000,758.00000000,509.00000000,489.00000000
59670,Innovative Solar 23,NC,1,2.80000000,1.90000000,2015.00000000,20.00000000,180.00000000,35.25982500,-81.41901900,3214.00000000,19.31026196,201.00000000,253.00000000,263.00000000,333.00000000,320.00000000,349.00000000,342.00000000,359.00000000,232.00000000,194.00000000,196.00000000,172.00000000
59675,Innovative Solar 44,NC,1,6.10000000,4.90000000,2015.00000000,20.00000000,180.00000000,34.85735000,-79.10391000,8681.00000000,20.22411704,596.00000000,667.00000000,784.00000000,811.00000000,802.00000000,880.00000000,793.00000000,788.00000000,649.00000000,786.00000000,566.00000000,559.00000000
59676,Innovative Solar 55,NC,1,6.90000000,6.50000000,2017.00000000,20.00000000,180.00000000,34.69648000,-79.21681000,9039.00000000,15.87460485,614.00000000,733.00000000,859.00000000,906.00000000,895.00000000,956.00000000,749.00000000,854.00000000,593.00000000,861.00000000,564.00000000,455.00000000
59677,Innovative Solar 64,NC,1,6.40000000,4.90000000,2016.00000000,20.00000000,180.00000000,35.04104800,-78.32967500,8270.00000000,19.26661075,599.00000000,688.00000000,814.00000000,864.00000000,862.00000000,680.00000000,773.00000000,510.00000000,588.00000000,786.00000000,551.00000000,555.00000000
59682,Main Street Solar Project,VT,1,2.00000000,1.50000000,2014.00000000,25.00000000,180.00000000,43.62638900,-72.97555600,2228.00000000,16.95585997,31.00000000,161.00000000,156.00000000,213.00000000,268.00000000,259.00000000,281.00000000,233.00000000,247.00000000,217.00000000,116.00000000,46.00000000
59694,"Aspen Solar, LLC",NC,1,6.70000000,5.00000000,2015.00000000,20.00000000,180.00000000,34.79116300,-78.01212200,9182.00000000,20.96347032,633.00000000,696.00000000,797.00000000,818.00000000,860.00000000,894.00000000,827.00000000,844.00000000,716.00000000,872.00000000,612.00000000,613.00000000
59703,"Cottonwood Solar, LLC Cottonwood Carport",CA,1,1.10000000,1.00000000,2016.00000000,5.00000000,180.00000000,38.12975900,-122.56815800,1810.00000000,20.66210046,11.00000000,58.00000000,114.00000000,151.00000000,198.00000000,199.00000000,166.00000000,132.00000000,372.00000000,104.00000000,268.00000000,37.00000000
59705,Steel Sun,NY,1,2.80000000,2.00000000,2016.00000000,25.00000000,180.00000000,42.81281100,-78.84531300,4380.00000000,25.00000000,65.00000000,150.00000000,386.00000000,407.00000000,582.00000000,476.00000000,602.00000000,518.00000000,451.00000000,431.00000000,214.00000000,98.00000000
59706,BRE,NC,1,6.80000000,5.00000000,2015.00000000,20.00000000,180.00000000,36.37254600,-78.59850700,8549.00000000,19.51826484,418.00000000,636.00000000,798.00000000,833.00000000,853.00000000,946.00000000,859.00000000,835.00000000,658.00000000,826.00000000,502.00000000,385.00000000
59708,Franklinton Solar,NC,1,7.00000000,5.00000000,2017.00000000,20.00000000,180.00000000,36.08113000,-78.35384000,9118.00000000,20.81735160,574.00000000,722.00000000,827.00000000,885.00000000,831.00000000,983.00000000,838.00000000,854.00000000,541.00000000,854.00000000,625.00000000,584.00000000
59709,St. Paul Intl Airport Red & Blue Parking,MN,2,4.30000000,3.20000000,2016.00000000,20.00000000,121.00000000,44.88000000,-93.21000000,2954.00000000,10.53795662,92.00000000,172.00000000,266.00000000,284.00000000,372.00000000,337.00000000,371.00000000,338.00000000,322.00000000,228.00000000,106.00000000,66.00000000
59719,Charlotte Solar LLC VT,VT,1,2.50000000,2.00000000,2014.00000000,25.00000000,188.00000000,44.32197200,-73.19760800,2995.00000000,17.09474886,47.00000000,212.00000000,226.00000000,292.00000000,358.00000000,333.00000000,384.00000000,304.00000000,333.00000000,282.00000000,145.00000000,79.00000000
59729,Macon Solar Power Project,MO,1,3.20000000,2.80000000,2015.00000000,30.00000000,180.00000000,39.76000000,-92.46000000,4198.00000000,17.11513372,79.00000000,345.00000000,361.00000000,382.00000000,468.00000000,467.00000000,434.00000000,418.00000000,401.00000000,428.00000000,228.00000000,187.00000000
59731,Templeton,MA,1,4.50000000,3.00000000,2014.00000000,20.00000000,180.00000000,42.52121700,-72.06732800,4721.00000000,17.96423135,83.00000000,375.00000000,410.00000000,443.00000000,517.00000000,559.00000000,549.00000000,471.00000000,431.00000000,394.00000000,303.00000000,186.00000000
59738,Citizen B,CA,1,7.10000000,5.00000000,2015.00000000,25.00000000,180.00000000,36.72380600,-120.43213900,3806.00000000,8.68949772,325.00000000,395.00000000,846.00000000,120.00000000,57.00000000,194.00000000,223.00000000,41.00000000,49.00000000,220.00000000,751.00000000,585.00000000
59741,Barton Solar Farm,VT,1,2.60000000,1.90000000,2014.00000000,25.00000000,180.00000000,44.72541800,-72.18404400,2406.00000000,14.45565970,33.00000000,153.00000000,157.00000000,278.00000000,325.00000000,352.00000000,183.00000000,311.00000000,250.00000000,244.00000000,100.00000000,20.00000000
59742,Sunnyside Ranch Community Solar Array,CO,1,1.80000000,1.50000000,2015.00000000,35.00000000,180.00000000,39.41502700,-107.15718800,2483.00000000,18.89649924,118.00000000,155.00000000,212.00000000,265.00000000,279.00000000,300.00000000,337.00000000,261.00000000,255.00000000,189.00000000,31.00000000,81.00000000
59743,Chimes West Friendship (Nixon Farms),MD,1,1.50000000,1.20000000,2014.00000000,15.00000000,180.00000000,39.29674900,-76.95741300,1705.00000000,16.21955860,53.00000000,129.00000000,160.00000000,158.00000000,162.00000000,206.00000000,187.00000000,171.00000000,129.00000000,156.00000000,110.00000000,84.00000000
59745,Leominster (MA)-South Street-R&D,MA,1,3.50000000,2.90000000,2013.00000000,25.00000000,180.00000000,42.60618400,-71.17722300,3195.00000000,12.57675957,55.00000000,236.00000000,245.00000000,300.00000000,359.00000000,372.00000000,351.00000000,346.00000000,299.00000000,294.00000000,220.00000000,118.00000000
59750,Bourne (MA) - Holliston I,MA,1,2.90000000,2.30000000,2014.00000000,20.00000000,180.00000000,42.17787600,-71.45463300,3651.00000000,18.12090530,70.00000000,293.00000000,293.00000000,353.00000000,421.00000000,434.00000000,420.00000000,366.00000000,292.00000000,320.00000000,274.00000000,115.00000000
59751,"Wilzig Associates, LLC",NJ,1,1.50000000,1.20000000,2013.00000000,30.00000000,180.00000000,40.82531600,-74.09442000,1141.00000000,10.85426180,47.00000000,106.00000000,154.00000000,165.00000000,193.00000000,194.00000000,180.00000000,36.00000000,21.00000000,23.00000000,12.00000000,10.00000000
59752,BlueWave Capital - Grafton (SREC II),MA,1,1.60000000,1.30000000,2015.00000000,25.00000000,180.00000000,42.22549200,-71.66265100,1827.00000000,16.04320337,73.00000000,95.00000000,155.00000000,176.00000000,193.00000000,204.00000000,193.00000000,168.00000000,189.00000000,150.00000000,138.00000000,93.00000000
59755,Chester Power Partners,VT,1,2.30000000,2.20000000,2014.00000000,25.00000000,180.00000000,43.28092900,-72.59757000,2601.00000000,13.49626401,35.00000000,182.00000000,186.00000000,242.00000000,289.00000000,313.00000000,339.00000000,282.00000000,268.00000000,249.00000000,149.00000000,67.00000000
59760,"Red Hill Solar Center, LLC",NC,1,6.40000000,5.00000000,2014.00000000,20.00000000,180.00000000,36.40438200,-78.14110500,7527.00000000,17.18493151,458.00000000,568.00000000,618.00000000,727.00000000,739.00000000,777.00000000,726.00000000,621.00000000,583.00000000,706.00000000,513.00000000,491.00000000
59761,"Van Slyke Solar Center, LLC",NC,1,6.60000000,5.00000000,2014.00000000,20.00000000,180.00000000,35.77699200,-77.88051700,8827.00000000,20.15296804,635.00000000,720.00000000,729.00000000,881.00000000,778.00000000,830.00000000,850.00000000,861.00000000,694.00000000,719.00000000,594.00000000,536.00000000
59762,"Broadway Solar Center, LLC",NC,1,6.60000000,5.00000000,2014.00000000,20.00000000,180.00000000,34.30926100,-78.83143300,8320.00000000,18.99543379,548.00000000,508.00000000,739.00000000,843.00000000,821.00000000,889.00000000,769.00000000,794.00000000,644.00000000,762.00000000,509.00000000,494.00000000
59765,Stetson Road Solar - Barre I,MA,1,2.40000000,2.00000000,2014.00000000,20.00000000,180.00000000,42.40290000,-72.10270000,2830.00000000,16.15296804,65.00000000,215.00000000,237.00000000,265.00000000,305.00000000,324.00000000,303.00000000,279.00000000,269.00000000,255.00000000,188.00000000,125.00000000
59766,Barre II Solar Project,MA,1,1.90000000,1.50000000,2014.00000000,20.00000000,180.00000000,42.36200000,-72.10900000,2217.00000000,16.87214612,54.00000000,180.00000000,190.00000000,219.00000000,221.00000000,246.00000000,239.00000000,217.00000000,203.00000000,197.00000000,152.00000000,99.00000000
59767,Chester Solar Farm,MA,1,6.00000000,4.80000000,2014.00000000,20.00000000,180.00000000,42.31200000,-72.94900000,6050.00000000,14.38831811,203.00000000,506.00000000,559.00000000,468.00000000,580.00000000,565.00000000,636.00000000,528.00000000,695.00000000,660.00000000,419.00000000,231.00000000
59768,Concord Solar Farm,MA,1,1.70000000,1.50000000,2014.00000000,15.00000000,180.00000000,42.44400000,-71.33500000,2047.00000000,15.57838661,49.00000000,146.00000000,176.00000000,187.00000000,224.00000000,249.00000000,235.00000000,211.00000000,184.00000000,171.00000000,129.00000000,86.00000000
59769,TIA Solar,FL,1,2.00000000,1.60000000,2015.00000000,10.00000000,180.00000000,27.96579700,-82.53281600,2733.00000000,19.49914384,179.00000000,245.00000000,284.00000000,327.00000000,330.00000000,296.00000000,198.00000000,91.00000000,225.00000000,168.00000000,191.00000000,199.00000000
59770,IMPA Pendleton Solar Park,IN,1,2.50000000,2.00000000,2015.00000000,25.00000000,180.00000000,39.98856400,-85.77085800,3037.00000000,17.33447489,100.00000000,237.00000000,280.00000000,290.00000000,329.00000000,339.00000000,339.00000000,257.00000000,293.00000000,305.00000000,142.00000000,126.00000000
59771,Jefferson Solar Park,WI,1,1.10000000,1.00000000,2013.00000000,25.00000000,180.00000000,43.01460000,-88.79920000,850.00000000,9.70319635,11.00000000,64.00000000,61.00000000,116.00000000,118.00000000,105.00000000,128.00000000,112.00000000,112.00000000,23.00000000,0.00000000,0.00000000
59775,Adams Farm Solar,MA,1,3.50000000,3.00000000,2013.00000000,25.00000000,180.00000000,42.60000000,-72.20000000,3437.00000000,13.07838661,69.00000000,290.00000000,326.00000000,355.00000000,442.00000000,430.00000000,452.00000000,299.00000000,231.00000000,226.00000000,213.00000000,104.00000000
59777,RGS-Rutland VNM SREC II Project (MA),MA,1,2.60000000,2.00000000,2015.00000000,20.00000000,180.00000000,42.43177000,-71.97818900,1702.00000000,9.71461187,60.00000000,84.00000000,130.00000000,121.00000000,176.00000000,197.00000000,198.00000000,118.00000000,146.00000000,150.00000000,215.00000000,107.00000000
59780,New Bedford (MA) Plymouth,MA,1,5.60000000,4.30000000,2014.00000000,20.00000000,180.00000000,41.92535200,-70.64902900,6966.00000000,18.49315068,277.00000000,420.00000000,497.00000000,609.00000000,675.00000000,892.00000000,813.00000000,657.00000000,662.00000000,572.00000000,521.00000000,371.00000000
59781,Upper Blackstone (MA) Treasure Valley,MA,1,6.00000000,5.00000000,2014.00000000,20.00000000,180.00000000,42.33283100,-71.98763300,7256.00000000,16.56621005,247.00000000,364.00000000,573.00000000,614.00000000,823.00000000,895.00000000,895.00000000,590.00000000,791.00000000,521.00000000,646.00000000,297.00000000
59790,Oregon University System Rabbit Field,OR,1,1.40000000,1.20000000,2014.00000000,20.00000000,180.00000000,44.57348400,-123.31695000,1166.00000000,11.09208524,0.00000000,24.00000000,56.00000000,132.00000000,168.00000000,156.00000000,165.00000000,137.00000000,142.00000000,121.00000000,39.00000000,26.00000000
59795,Ahoskie,NC,1,5.80000000,5.00000000,2018.00000000,20.00000000,180.00000000,36.30636900,-76.99313800,7419.00000000,16.93835616,430.00000000,537.00000000,653.00000000,692.00000000,757.00000000,825.00000000,730.00000000,704.00000000,497.00000000,705.00000000,459.00000000,430.00000000
59796,Kelford (Cypress),NC,1,6.40000000,5.00000000,2016.00000000,20.00000000,180.00000000,36.15422700,-77.21850200,8640.00000000,19.72602740,572.00000000,657.00000000,759.00000000,827.00000000,849.00000000,870.00000000,799.00000000,788.00000000,603.00000000,805.00000000,572.00000000,539.00000000
59798,Colon PV,CA,1,1.50000000,1.30000000,2015.00000000,30.00000000,190.00000000,33.79269400,-118.25240700,1197.00000000,10.51106428,129.00000000,114.00000000,182.00000000,186.00000000,171.00000000,180.00000000,170.00000000,0.00000000,0.00000000,0.00000000,0.00000000,65.00000000
59807,Airport 1 Solar (DIA),CO,1,1.60000000,1.50000000,2009.00000000,22.00000000,180.00000000,39.89945500,-104.67480900,2673.00000000,20.34246575,141.00000000,153.00000000,236.00000000,241.00000000,277.00000000,267.00000000,277.00000000,255.00000000,257.00000000,235.00000000,163.00000000,171.00000000
59819,Mohave Electric at Fort Mohave,AZ,1,5.30000000,4.40000000,2015.00000000,22.00000000,180.00000000,34.98430000,-114.55650000,9178.00000000,23.81174761,581.00000000,617.00000000,811.00000000,918.00000000,952.00000000,879.00000000,856.00000000,836.00000000,819.00000000,770.00000000,598.00000000,541.00000000
59820,Hunt Farm Solar,MA,1,3.30000000,3.00000000,2013.00000000,25.00000000,180.00000000,42.55373200,-72.29971800,3397.00000000,12.92617960,55.00000000,296.00000000,331.00000000,355.00000000,407.00000000,372.00000000,421.00000000,305.00000000,293.00000000,276.00000000,198.00000000,88.00000000
59821,205 Sturbridge A,MA,1,4.00000000,3.00000000,2014.00000000,30.00000000,180.00000000,42.10927200,-72.17050700,2850.00000000,10.84474886,48.00000000,161.00000000,169.00000000,266.00000000,309.00000000,323.00000000,316.00000000,294.00000000,291.00000000,295.00000000,229.00000000,149.00000000
59822,201 Sturbridge B,MA,1,2.20000000,2.00000000,2014.00000000,30.00000000,180.00000000,42.10914300,-72.17118800,2123.00000000,12.11757991,59.00000000,185.00000000,194.00000000,209.00000000,217.00000000,212.00000000,203.00000000,191.00000000,191.00000000,201.00000000,156.00000000,105.00000000
59824,Sweetgum Solar,NC,1,6.90000000,5.00000000,2015.00000000,20.00000000,180.00000000,35.45833300,-79.18111100,9259.00000000,21.13926941,540.00000000,710.00000000,813.00000000,860.00000000,871.00000000,924.00000000,817.00000000,890.00000000,732.00000000,908.00000000,618.00000000,576.00000000
59825,South Louisburg Solar,NC,1,7.00000000,5.00000000,2016.00000000,20.00000000,180.00000000,36.05700000,-78.30800000,9908.00000000,22.62100457,627.00000000,763.00000000,835.00000000,952.00000000,948.00000000,1002.00000000,902.00000000,993.00000000,696.00000000,947.00000000,646.00000000,597.00000000
59828,Balsam,NC,1,6.70000000,5.00000000,2015.00000000,20.00000000,180.00000000,35.45888900,-79.17388900,9120.00000000,20.82191781,584.00000000,689.00000000,795.00000000,855.00000000,863.00000000,914.00000000,860.00000000,900.00000000,639.00000000,879.00000000,593.00000000,549.00000000
59831,Royal Solar,NC,1,6.60000000,4.90000000,2015.00000000,20.00000000,180.00000000,35.21600000,-78.68900000,8280.00000000,19.28990774,636.00000000,688.00000000,737.00000000,655.00000000,662.00000000,905.00000000,712.00000000,610.00000000,667.00000000,905.00000000,605.00000000,498.00000000
59832,Kinston Solar,NC,1,6.60000000,5.00000000,2015.00000000,20.00000000,180.00000000,35.35143600,-77.47228300,7582.00000000,17.31050228,397.00000000,440.00000000,682.00000000,539.00000000,754.00000000,835.00000000,715.00000000,731.00000000,638.00000000,755.00000000,550.00000000,546.00000000
59833,Laurinburg Solar,NC,1,6.50000000,5.00000000,2015.00000000,20.00000000,180.00000000,34.75648100,-79.43024300,8014.00000000,18.29680365,596.00000000,692.00000000,819.00000000,847.00000000,820.00000000,906.00000000,409.00000000,724.00000000,624.00000000,756.00000000,476.00000000,345.00000000
59834,Indy Grocers,IN,1,1.20000000,1.00000000,2015.00000000,10.00000000,0.00000000,39.73793600,-86.23773200,1221.00000000,13.93835616,39.00000000,84.00000000,110.00000000,141.00000000,122.00000000,154.00000000,81.00000000,90.00000000,143.00000000,122.00000000,76.00000000,59.00000000
59835,Newton Grove,NC,1,2.40000000,1.90000000,2015.00000000,25.00000000,180.00000000,35.25162800,-78.36743900,2832.00000000,17.01514059,147.00000000,248.00000000,286.00000000,274.00000000,268.00000000,299.00000000,275.00000000,275.00000000,189.00000000,239.00000000,169.00000000,163.00000000
59842,CNE at Cambridge MD,MD,1,4.30000000,3.20000000,2015.00000000,25.00000000,180.00000000,38.51580000,-76.01920000,5516.00000000,19.67751142,293.00000000,448.00000000,345.00000000,487.00000000,506.00000000,617.00000000,535.00000000,551.00000000,412.00000000,573.00000000,406.00000000,343.00000000
59843,Georgia Power at Wadley GA,GA,1,1.20000000,1.00000000,2014.00000000,22.00000000,180.00000000,32.88300000,-82.41000000,1874.00000000,21.39269406,140.00000000,133.00000000,161.00000000,194.00000000,173.00000000,194.00000000,170.00000000,187.00000000,122.00000000,158.00000000,116.00000000,126.00000000
59844,Munich Re Plaza,NJ,2,2.60000000,2.40000000,2012.00000000,8.19230769,2.00000000,40.35034100,-74.59268000,2365.00000000,11.24904871,56.00000000,149.00000000,233.00000000,219.00000000,267.00000000,337.00000000,315.00000000,282.00000000,212.00000000,113.00000000,106.00000000,76.00000000
59853,Watervliet PV,MI,1,6.00000000,4.60000000,2016.00000000,25.00000000,180.00000000,42.19000000,-86.23000000,6607.00000000,16.39616835,73.00000000,494.00000000,570.00000000,753.00000000,917.00000000,853.00000000,848.00000000,402.00000000,665.00000000,660.00000000,254.00000000,118.00000000
59854,OlivePV,IN,1,6.40000000,5.00000000,2016.00000000,25.00000000,180.00000000,41.70000000,-86.49000000,8595.00000000,19.62328767,161.00000000,636.00000000,718.00000000,844.00000000,1034.00000000,975.00000000,986.00000000,970.00000000,872.00000000,828.00000000,323.00000000,248.00000000
59855,Deer Creek PV,IN,1,3.10000000,2.50000000,2016.00000000,30.00000000,180.00000000,40.51000000,-85.64000000,3305.00000000,15.09132420,88.00000000,263.00000000,329.00000000,342.00000000,404.00000000,393.00000000,396.00000000,393.00000000,34.00000000,369.00000000,167.00000000,127.00000000
59858,Johnston Solar,RI,1,1.50000000,1.40000000,2015.00000000,25.00000000,180.00000000,41.80090600,-71.55947200,1693.00000000,13.80463144,35.00000000,105.00000000,174.00000000,141.00000000,194.00000000,218.00000000,182.00000000,140.00000000,156.00000000,158.00000000,122.00000000,68.00000000
59861,Twin Branch PV,IN,1,3.20000000,2.60000000,2016.00000000,25.00000000,180.00000000,41.69000000,-86.12000000,4003.00000000,17.57551809,47.00000000,314.00000000,344.00000000,392.00000000,490.00000000,476.00000000,467.00000000,451.00000000,401.00000000,383.00000000,146.00000000,92.00000000
59867,Lockheed Martin Solar System,FL,1,2.20000000,1.90000000,2015.00000000,5.00000000,180.00000000,28.04790000,-82.68530000,2878.00000000,17.29151646,192.00000000,145.00000000,168.00000000,205.00000000,255.00000000,312.00000000,325.00000000,278.00000000,260.00000000,252.00000000,253.00000000,233.00000000
59873,Lowell Solar Landfill,MA,1,1.50000000,1.30000000,2013.00000000,25.00000000,180.00000000,42.62714700,-71.35336900,1361.00000000,11.95117668,40.00000000,149.00000000,165.00000000,159.00000000,194.00000000,101.00000000,106.00000000,88.00000000,99.00000000,84.00000000,102.00000000,74.00000000
59880,Kings Park Solar I,NY,1,3.00000000,2.00000000,2019.00000000,20.00000000,180.00000000,40.86829400,-73.24928100,2677.00000000,15.27968037,38.00000000,202.00000000,281.00000000,240.00000000,313.00000000,337.00000000,308.00000000,235.00000000,145.00000000,216.00000000,204.00000000,158.00000000
59881,Kings Park Solar II,NY,1,3.00000000,2.00000000,2019.00000000,20.00000000,180.00000000,40.86829400,-73.24928100,2677.00000000,15.27968037,38.00000000,202.00000000,281.00000000,240.00000000,313.00000000,337.00000000,308.00000000,235.00000000,145.00000000,216.00000000,204.00000000,158.00000000
59887,"Beaufort Solar, LLC",NC,1,20.00000000,15.00000000,2015.00000000,20.00000000,175.00000000,35.45600000,-77.13400000,24626.00000000,18.74124810,1947.00000000,2278.00000000,2437.00000000,2787.00000000,2382.00000000,2582.00000000,1834.00000000,1297.00000000,1454.00000000,2090.00000000,1777.00000000,1761.00000000
59904,Western Branch High School,VA,1,1.03000000,1.00000000,2016.00000000,12.00000000,232.00000000,36.84810500,-76.40714300,1056.00000000,12.05479452,63.00000000,83.00000000,106.00000000,97.00000000,40.00000000,149.00000000,113.00000000,108.00000000,85.00000000,96.00000000,60.00000000,56.00000000
59908,Mount Olive Solar,NC,1,2.80000000,2.00000000,2016.00000000,25.00000000,180.00000000,35.18000000,-78.09800000,2412.00000000,13.76712329,168.00000000,214.00000000,259.00000000,274.00000000,157.00000000,265.00000000,273.00000000,141.00000000,210.00000000,121.00000000,209.00000000,121.00000000
59912,Freemont Solar Center LLC,NC,1,6.40000000,5.00000000,2016.00000000,25.00000000,180.00000000,35.42758700,-80.99721900,7179.00000000,16.39041096,574.00000000,672.00000000,768.00000000,763.00000000,717.00000000,844.00000000,519.00000000,559.00000000,416.00000000,449.00000000,498.00000000,400.00000000
59914,Crestwood Solar Center LLC,NC,1,6.40000000,5.00000000,2016.00000000,25.00000000,180.00000000,36.35353300,-78.58421200,6908.00000000,15.77168950,492.00000000,699.00000000,834.00000000,822.00000000,590.00000000,641.00000000,575.00000000,598.00000000,407.00000000,580.00000000,371.00000000,299.00000000
59916,SunE- E Philadelphia Ontario,CA,1,1.00000000,1.00000000,2016.00000000,12.00000000,180.00000000,34.03527000,-117.53410000,1514.00000000,17.28310502,114.00000000,88.00000000,68.00000000,129.00000000,178.00000000,184.00000000,176.00000000,102.00000000,147.00000000,117.00000000,111.00000000,100.00000000
59917,Pollocksville Solar,NC,1,7.00000000,5.00000000,2016.00000000,20.00000000,180.00000000,34.99800000,-77.21900000,8644.00000000,19.73515982,572.00000000,559.00000000,761.00000000,842.00000000,869.00000000,890.00000000,854.00000000,753.00000000,651.00000000,797.00000000,542.00000000,554.00000000
59921,Lillington Solar,NC,1,7.00000000,5.00000000,2017.00000000,20.00000000,180.00000000,35.36800000,-78.80100000,9126.00000000,20.83561644,643.00000000,383.00000000,844.00000000,822.00000000,861.00000000,972.00000000,875.00000000,893.00000000,724.00000000,907.00000000,613.00000000,589.00000000
59922,South Campus Solar,DE,2,2.40000000,1.80000000,2021.00000000,6.87500000,164.96163123,39.78149800,-75.54838700,2528.00000000,16.03247083,55.00000000,190.00000000,246.00000000,251.00000000,253.00000000,329.00000000,296.00000000,271.00000000,210.00000000,204.00000000,116.00000000,107.00000000
59927,Hunt Road Solar,MA,1,6.00000000,4.50000000,2016.00000000,25.00000000,180.00000000,42.82983300,-70.96020800,7222.00000000,18.32064942,178.00000000,595.00000000,621.00000000,715.00000000,812.00000000,830.00000000,734.00000000,715.00000000,741.00000000,592.00000000,410.00000000,279.00000000
59928,"Vance Solar Farm, LLC",NC,1,7.00000000,5.00000000,2016.00000000,20.00000000,180.00000000,36.25847800,-78.41196600,8008.00000000,18.28310502,450.00000000,641.00000000,778.00000000,651.00000000,797.00000000,936.00000000,810.00000000,869.00000000,530.00000000,631.00000000,499.00000000,416.00000000
59929,"Cline Solar Farm, LLC",NC,1,6.90000000,5.00000000,2017.00000000,20.00000000,180.00000000,35.72000000,-81.41700000,7660.00000000,17.48858447,434.00000000,580.00000000,748.00000000,778.00000000,803.00000000,844.00000000,776.00000000,805.00000000,537.00000000,693.00000000,413.00000000,249.00000000
59930,"BG Stewart Solar Farm, LLC",NC,1,6.40000000,5.00000000,2015.00000000,20.00000000,180.00000000,34.97048600,-80.38962200,8329.00000000,19.01598174,566.00000000,645.00000000,714.00000000,788.00000000,667.00000000,806.00000000,692.00000000,893.00000000,680.00000000,829.00000000,483.00000000,566.00000000
59934,Soluga Farms IV,NC,1,4.50000000,3.40000000,2018.00000000,25.00000000,180.00000000,35.21871000,-78.66947900,6049.00000000,20.30956218,431.00000000,473.00000000,549.00000000,584.00000000,488.00000000,570.00000000,566.00000000,571.00000000,445.00000000,577.00000000,412.00000000,383.00000000
59936,Meadowbrook Solar Farm,NC,1,6.80000000,5.00000000,2016.00000000,20.00000000,180.00000000,35.55543000,-80.38589000,8621.00000000,19.68264840,593.00000000,691.00000000,780.00000000,854.00000000,918.00000000,884.00000000,820.00000000,867.00000000,702.00000000,788.00000000,412.00000000,312.00000000
59937,"Coats Solar Farm, LLC",NC,1,7.00000000,5.00000000,2016.00000000,20.00000000,180.00000000,35.41450700,-78.69057600,9485.00000000,21.65525114,614.00000000,734.00000000,869.00000000,900.00000000,914.00000000,1003.00000000,885.00000000,916.00000000,751.00000000,806.00000000,571.00000000,522.00000000
59950,Yadkinville Solar,NC,1,4.80000000,3.50000000,2015.00000000,20.00000000,180.00000000,36.13727000,-80.59600900,4491.00000000,14.64774951,383.00000000,443.00000000,535.00000000,416.00000000,512.00000000,526.00000000,488.00000000,464.00000000,300.00000000,358.00000000,29.00000000,37.00000000
59954,Osceola Solar Facility,FL,1,4.70000000,3.80000000,2016.00000000,20.00000000,180.00000000,28.05807800,-81.24168100,4057.00000000,12.18757510,373.00000000,515.00000000,506.00000000,608.00000000,497.00000000,502.00000000,318.00000000,140.00000000,171.00000000,50.00000000,40.00000000,337.00000000
59955,ESA Smithfield,NC,1,2.30000000,1.80000000,2015.00000000,25.00000000,180.00000000,35.48835000,-78.31975100,3142.00000000,19.92643328,236.00000000,259.00000000,297.00000000,306.00000000,253.00000000,311.00000000,278.00000000,288.00000000,206.00000000,303.00000000,208.00000000,197.00000000
59956,ESA Selma,NC,1,2.30000000,1.80000000,2015.00000000,25.00000000,180.00000000,35.52620000,-78.28980000,811.00000000,5.14332826,118.00000000,63.00000000,71.00000000,31.00000000,76.00000000,82.00000000,69.00000000,70.00000000,51.00000000,77.00000000,54.00000000,49.00000000
59973,Walt Disney World Solar Facility,FL,1,5.00000000,4.90000000,2016.00000000,20.00000000,195.00000000,28.37370000,-81.56258900,8002.00000000,18.64225142,500.00000000,653.00000000,715.00000000,829.00000000,804.00000000,697.00000000,725.00000000,668.00000000,622.00000000,642.00000000,598.00000000,549.00000000
59980,Mashpee Landfill Solar,MA,1,1.80000000,1.50000000,2014.00000000,20.00000000,180.00000000,41.62996000,-70.47785200,2276.00000000,17.32115677,100.00000000,146.00000000,189.00000000,215.00000000,211.00000000,267.00000000,219.00000000,250.00000000,202.00000000,216.00000000,159.00000000,102.00000000
59999,Ouchchy PV1,NC,1,4.00000000,3.00000000,2015.00000000,20.00000000,190.00000000,36.08409700,-79.24481000,5284.00000000,20.10654490,264.00000000,375.00000000,476.00000000,514.00000000,526.00000000,581.00000000,521.00000000,520.00000000,410.00000000,505.00000000,325.00000000,267.00000000
60004,Clarkstown Landfill Solar Facility,NY,2,2.20000000,2.00000000,2014.00000000,45.00000000,109.00000000,41.10040900,-73.95159300,2482.00000000,14.16666667,90.00000000,187.00000000,232.00000000,155.00000000,273.00000000,310.00000000,214.00000000,183.00000000,256.00000000,273.00000000,197.00000000,112.00000000
60005,Daytona International Speedway Solar,FL,1,1.80000000,1.60000000,2016.00000000,20.00000000,195.00000000,29.17016000,-81.06412100,900.00000000,6.42123288,75.00000000,75.00000000,75.00000000,75.00000000,75.00000000,75.00000000,75.00000000,75.00000000,75.00000000,75.00000000,75.00000000,75.00000000
60006,FIU Solar,FL,1,1.40000000,1.20000000,2016.00000000,20.00000000,195.00000000,25.77000800,-80.36774300,771.00000000,7.33447489,64.00000000,64.00000000,64.00000000,64.00000000,64.00000000,64.00000000,64.00000000,65.00000000,65.00000000,64.00000000,64.00000000,65.00000000
60017,Domino Farms Solar,MI,1,1.10000000,1.00000000,2015.00000000,30.00000000,180.00000000,42.32337700,-83.68025200,1330.00000000,15.18264840,24.00000000,106.00000000,108.00000000,141.00000000,152.00000000,134.00000000,137.00000000,155.00000000,136.00000000,138.00000000,59.00000000,40.00000000
60019,Greenwood Solar Farm,MI,1,2.00000000,1.40000000,2016.00000000,30.00000000,180.00000000,43.10560000,-82.69640000,2142.00000000,17.46575342,28.00000000,166.00000000,167.00000000,233.00000000,274.00000000,241.00000000,252.00000000,241.00000000,228.00000000,202.00000000,95.00000000,15.00000000
60022,Oxford,MA,1,3.50000000,2.80000000,2014.00000000,25.00000000,180.00000000,42.14131900,-71.85075800,4175.00000000,17.02136334,187.00000000,145.00000000,322.00000000,346.00000000,434.00000000,477.00000000,489.00000000,404.00000000,460.00000000,299.00000000,375.00000000,237.00000000
60029,CES VMT Solar,MD,1,1.30000000,1.10000000,2015.00000000,7.00000000,200.00000000,39.68086500,-77.72711700,1444.00000000,14.98547115,48.00000000,97.00000000,140.00000000,140.00000000,148.00000000,185.00000000,182.00000000,159.00000000,119.00000000,100.00000000,75.00000000,51.00000000
60032,SunE Rochester,CA,1,1.10000000,1.00000000,2016.00000000,11.00000000,180.00000000,34.09772800,-117.54452900,681.00000000,7.77397260,78.00000000,69.00000000,97.00000000,119.00000000,116.00000000,116.00000000,86.00000000,0.00000000,0.00000000,0.00000000,0.00000000,0.00000000
60036,CCBC-Catonsville,MD,1,2.30000000,1.60000000,2015.00000000,10.00000000,177.00000000,39.25250000,-76.73500000,2538.00000000,18.10787671,70.00000000,178.00000000,225.00000000,233.00000000,252.00000000,336.00000000,302.00000000,271.00000000,197.00000000,218.00000000,146.00000000,110.00000000
60038,Owens Corning Headquarters,OH,1,2.40000000,2.10000000,2015.00000000,7.00000000,186.00000000,41.64470000,-83.53640000,1595.00000000,8.67036312,43.00000000,104.00000000,104.00000000,141.00000000,189.00000000,176.00000000,225.00000000,206.00000000,163.00000000,130.00000000,57.00000000,57.00000000
60046,Portage Solar,IN,1,2.00000000,1.50000000,2012.00000000,30.00000000,180.00000000,41.56110000,-87.15550000,1356.00000000,10.31963470,48.00000000,124.00000000,90.00000000,173.00000000,242.00000000,152.00000000,0.00000000,105.00000000,164.00000000,150.00000000,76.00000000,32.00000000
60048,"TWE Chocowinity Solar, LLC",NC,1,4.90000000,4.50000000,2015.00000000,20.00000000,180.00000000,35.50168800,-77.10561400,5917.00000000,15.01014713,323.00000000,423.00000000,609.00000000,607.00000000,618.00000000,523.00000000,384.00000000,591.00000000,442.00000000,587.00000000,413.00000000,397.00000000
60050,Innovative Solar 10,NC,1,1.90000000,1.50000000,2015.00000000,20.00000000,180.00000000,35.47362900,-82.89031900,2421.00000000,18.42465753,151.00000000,198.00000000,238.00000000,234.00000000,205.00000000,241.00000000,237.00000000,262.00000000,162.00000000,180.00000000,148.00000000,165.00000000
60051,"Innovative Solar 18, LLC",NC,1,2.70000000,1.90000000,2015.00000000,20.00000000,180.00000000,35.37818700,-81.79505100,3514.00000000,21.11271329,265.00000000,283.00000000,277.00000000,335.00000000,311.00000000,356.00000000,348.00000000,370.00000000,250.00000000,251.00000000,231.00000000,237.00000000
60052,"Innovative Solar 26, LLC",NC,1,2.60000000,1.90000000,2015.00000000,20.00000000,180.00000000,35.70974000,-81.41330800,3013.00000000,18.10261956,189.00000000,209.00000000,302.00000000,339.00000000,340.00000000,234.00000000,234.00000000,347.00000000,250.00000000,234.00000000,171.00000000,164.00000000
60053,"Innovative Solar 63, LLC",NC,1,6.50000000,4.90000000,2016.00000000,20.00000000,180.00000000,35.39169000,-77.62039500,8693.00000000,20.25207343,614.00000000,689.00000000,772.00000000,799.00000000,809.00000000,895.00000000,732.00000000,787.00000000,659.00000000,813.00000000,545.00000000,579.00000000
60055,Innovative Solar 16,NC,1,2.50000000,2.00000000,2015.00000000,20.00000000,180.00000000,35.36386300,-82.35000100,3102.00000000,17.70547945,213.00000000,232.00000000,270.00000000,277.00000000,230.00000000,340.00000000,315.00000000,342.00000000,234.00000000,238.00000000,207.00000000,204.00000000
60056,"Syncarpha Palmer, LLC",MA,1,6.00000000,4.80000000,2015.00000000,25.00000000,180.00000000,42.22282400,-72.30950700,7390.00000000,17.57515221,195.00000000,644.00000000,664.00000000,637.00000000,809.00000000,840.00000000,832.00000000,712.00000000,488.00000000,698.00000000,498.00000000,373.00000000
60057,"Steel Bridge Solar, LLC",OR,1,2.90000000,2.30000000,2016.00000000,25.00000000,182.00000000,45.06800000,-123.47000000,1048.00000000,5.20150883,62.00000000,144.00000000,375.00000000,364.00000000,103.00000000,0.00000000,0.00000000,0.00000000,0.00000000,0.00000000,0.00000000,0.00000000
60060,Lindberg FIeld Solar,CA,3,3.30000000,2.90000000,2016.00000000,10.00000000,183.54565970,32.72923800,-117.20771800,3032.00000000,11.93512833,193.00000000,207.00000000,319.00000000,348.00000000,229.00000000,349.00000000,387.00000000,226.00000000,175.00000000,241.00000000,200.00000000,158.00000000
60065,"Federal Road Solar 1, LLC CSG",MA,1,6.00000000,4.40000000,2015.00000000,25.00000000,180.00000000,41.80689400,-70.72571700,7638.00000000,19.81631382,380.00000000,468.00000000,621.00000000,731.00000000,637.00000000,843.00000000,778.00000000,799.00000000,675.00000000,738.00000000,533.00000000,435.00000000
60067,BWC Swan Pond River CSG,MA,1,2.40000000,1.60000000,2015.00000000,20.00000000,180.00000000,41.79559900,-71.22662800,3043.00000000,21.71090183,88.00000000,197.00000000,256.00000000,284.00000000,321.00000000,355.00000000,326.00000000,326.00000000,272.00000000,282.00000000,216.00000000,120.00000000
60071,Perry Solar Facility,FL,1,6.70000000,5.10000000,2016.00000000,20.00000000,180.00000000,30.11930400,-83.56005400,7677.00000000,17.18372280,512.00000000,651.00000000,733.00000000,833.00000000,732.00000000,790.00000000,602.00000000,648.00000000,443.00000000,736.00000000,474.00000000,523.00000000
60072,Neisler Street Solar,NC,1,2.90000000,2.00000000,2015.00000000,20.00000000,180.00000000,35.28975700,-81.56887800,2830.00000000,16.15296804,257.00000000,199.00000000,240.00000000,188.00000000,230.00000000,273.00000000,174.00000000,272.00000000,226.00000000,337.00000000,222.00000000,212.00000000
60073,Leominster,MA,1,2.50000000,2.00000000,2015.00000000,20.00000000,180.00000000,42.56156800,-71.75544600,3013.00000000,17.19748858,82.00000000,263.00000000,258.00000000,282.00000000,307.00000000,320.00000000,317.00000000,281.00000000,264.00000000,261.00000000,216.00000000,162.00000000
60074,North Adams Landfill,MA,1,3.50000000,2.20000000,2015.00000000,20.00000000,180.00000000,42.66907200,-73.09204100,3499.00000000,18.15587381,48.00000000,249.00000000,259.00000000,334.00000000,423.00000000,407.00000000,428.00000000,382.00000000,388.00000000,339.00000000,189.00000000,53.00000000
60075,Fisher Road Solar,MA,1,6.00000000,4.60000000,2015.00000000,25.00000000,180.00000000,41.59331400,-71.01805300,7752.00000000,19.23764145,320.00000000,507.00000000,644.00000000,672.00000000,777.00000000,911.00000000,745.00000000,821.00000000,684.00000000,718.00000000,557.00000000,396.00000000
60076,Palmer Landfill,MA,1,5.00000000,4.00000000,2016.00000000,25.00000000,180.00000000,42.21663400,-72.31552600,6266.00000000,17.88242009,142.00000000,491.00000000,539.00000000,562.00000000,677.00000000,711.00000000,678.00000000,617.00000000,577.00000000,586.00000000,417.00000000,269.00000000
60085,AVS Lancaster 1,CA,1,5.00000000,3.70000000,2016.00000000,20.00000000,180.00000000,34.74889400,-117.97357100,8723.00000000,26.91287178,430.00000000,601.00000000,766.00000000,887.00000000,957.00000000,897.00000000,855.00000000,836.00000000,775.00000000,709.00000000,565.00000000,445.00000000
60086,US-TOPCO (Soccer Center),CA,1,3.70000000,3.00000000,2016.00000000,20.00000000,180.00000000,34.66072000,-118.08115200,6957.00000000,26.47260274,418.00000000,417.00000000,508.00000000,541.00000000,689.00000000,703.00000000,680.00000000,664.00000000,628.00000000,560.00000000,610.00000000,539.00000000
60089,Elkton Solar,MD,1,2.10000000,1.60000000,2015.00000000,15.00000000,180.00000000,39.60353100,-75.83623500,2562.00000000,18.27910959,75.00000000,208.00000000,241.00000000,253.00000000,251.00000000,311.00000000,278.00000000,221.00000000,181.00000000,252.00000000,171.00000000,120.00000000
60097,Onondaga County - Metro Water Board,NY,1,1.40000000,1.00000000,2016.00000000,10.00000000,180.00000000,43.18378200,-76.22407500,1099.00000000,12.54566210,20.00000000,68.00000000,98.00000000,125.00000000,162.00000000,100.00000000,149.00000000,132.00000000,76.00000000,88.00000000,62.00000000,19.00000000
60101,"Shelby Randolph Road Solar 1, LLC",NC,1,2.70000000,2.00000000,2015.00000000,15.00000000,180.00000000,35.30922900,-81.58843600,3281.00000000,18.72716895,185.00000000,250.00000000,291.00000000,343.00000000,368.00000000,370.00000000,369.00000000,320.00000000,155.00000000,283.00000000,190.00000000,157.00000000
60105,"Lafayette Solar I, LLC",NC,1,2.50000000,2.00000000,2015.00000000,10.00000000,180.00000000,35.23239600,-81.56424800,3334.00000000,19.02968037,168.00000000,226.00000000,289.00000000,320.00000000,359.00000000,377.00000000,349.00000000,370.00000000,234.00000000,317.00000000,178.00000000,147.00000000
60106,"Rockingham Solar, LLC",NC,1,6.80000000,5.00000000,2015.00000000,25.00000000,180.00000000,34.98066100,-79.60373200,9785.00000000,22.34018265,707.00000000,765.00000000,861.00000000,921.00000000,911.00000000,944.00000000,865.00000000,897.00000000,700.00000000,898.00000000,665.00000000,651.00000000
60107,"York Road Solar I, LLC",NC,1,2.60000000,2.00000000,2015.00000000,25.00000000,180.00000000,35.22220800,-81.33370200,3488.00000000,19.90867580,226.00000000,272.00000000,320.00000000,351.00000000,348.00000000,351.00000000,343.00000000,342.00000000,228.00000000,316.00000000,206.00000000,185.00000000
60108,"SID Solar I, LLC",NC,1,6.40000000,5.00000000,2015.00000000,10.00000000,180.00000000,35.25864700,-81.50560600,7894.00000000,18.02283105,359.00000000,491.00000000,704.00000000,856.00000000,896.00000000,897.00000000,862.00000000,900.00000000,528.00000000,627.00000000,435.00000000,339.00000000
60110,Town of Needham VNEM CSG,MA,1,3.60000000,3.00000000,2016.00000000,25.00000000,180.00000000,42.27671700,-71.25939400,3344.00000000,12.72450533,51.00000000,331.00000000,326.00000000,394.00000000,444.00000000,403.00000000,239.00000000,185.00000000,241.00000000,316.00000000,254.00000000,160.00000000
60111,Williamsburg Solar LLC VNEM CSG,MA,1,3.00000000,2.20000000,2016.00000000,20.00000000,180.00000000,42.38708800,-72.71344200,2997.00000000,15.55105853,69.00000000,281.00000000,304.00000000,301.00000000,359.00000000,260.00000000,266.00000000,259.00000000,323.00000000,216.00000000,221.00000000,138.00000000
60112,Oregon Convention Center,OR,1,2.00000000,1.40000000,2016.00000000,2.00000000,180.00000000,45.52845700,-122.66317000,1559.00000000,12.71200261,24.00000000,67.00000000,131.00000000,130.00000000,216.00000000,222.00000000,247.00000000,201.00000000,143.00000000,96.00000000,46.00000000,36.00000000
60113,Jackson Board of Education-Liberty HS,NJ,1,1.40000000,1.20000000,2016.00000000,20.00000000,180.00000000,40.09267200,-74.26200100,1796.00000000,17.08523592,45.00000000,124.00000000,161.00000000,171.00000000,176.00000000,220.00000000,182.00000000,188.00000000,145.00000000,133.00000000,83.00000000,168.00000000
60114,Oneida County- DPW,NY,1,2.00000000,1.50000000,2017.00000000,25.00000000,180.00000000,43.15076100,-75.37125800,1776.00000000,13.51598174,36.00000000,115.00000000,150.00000000,170.00000000,238.00000000,166.00000000,226.00000000,182.00000000,186.00000000,175.00000000,102.00000000,30.00000000
60115,Town of Halfmoon,NY,1,1.30000000,1.00000000,2017.00000000,30.00000000,180.00000000,42.83497800,-73.67567500,1455.00000000,16.60958904,27.00000000,125.00000000,116.00000000,136.00000000,180.00000000,159.00000000,176.00000000,137.00000000,120.00000000,145.00000000,90.00000000,44.00000000
60117,Western Michigan Solar Gardens,MI,1,1.10000000,1.00000000,2016.00000000,25.00000000,180.00000000,42.25250000,-85.64273000,1569.00000000,17.91095890,15.00000000,120.00000000,124.00000000,164.00000000,193.00000000,189.00000000,187.00000000,181.00000000,164.00000000,155.00000000,52.00000000,25.00000000
60118,Grand Valley Solar Gardens,MI,1,3.10000000,3.00000000,2016.00000000,25.00000000,180.00000000,42.95310000,-85.90117000,4120.00000000,15.67732116,37.00000000,293.00000000,328.00000000,448.00000000,504.00000000,449.00000000,498.00000000,460.00000000,481.00000000,441.00000000,142.00000000,39.00000000
60121,"HCE Johnston I, LLC",NC,1,2.60000000,1.90000000,2015.00000000,25.00000000,180.00000000,35.56000200,-78.59453000,3462.00000000,20.80028839,224.00000000,272.00000000,272.00000000,302.00000000,360.00000000,340.00000000,304.00000000,280.00000000,324.00000000,246.00000000,318.00000000,220.00000000
60129,"Red Toad 1425 A Powatan Road, LLC",NC,1,2.80000000,2.00000000,2015.00000000,20.00000000,180.00000000,35.60420800,-78.37087500,4022.00000000,22.95662100,259.00000000,308.00000000,351.00000000,376.00000000,371.00000000,424.00000000,373.00000000,383.00000000,307.00000000,375.00000000,257.00000000,238.00000000
60131,Durham Solar,NC,1,4.60000000,3.50000000,2015.00000000,20.00000000,180.00000000,36.00494100,-78.84847500,5009.00000000,16.33724723,222.00000000,410.00000000,477.00000000,438.00000000,443.00000000,617.00000000,561.00000000,533.00000000,346.00000000,417.00000000,322.00000000,223.00000000
60133,"Morgan Farm, LLC",NC,1,6.70000000,5.00000000,2015.00000000,20.00000000,180.00000000,36.09557200,-78.15198700,9536.00000000,21.77168950,607.00000000,733.00000000,836.00000000,906.00000000,943.00000000,1007.00000000,854.00000000,912.00000000,654.00000000,884.00000000,617.00000000,583.00000000
60134,"Nashville Farms, LLC",NC,1,2.60000000,2.00000000,2015.00000000,25.00000000,180.00000000,36.03435400,-78.01061100,3339.00000000,19.05821918,223.00000000,276.00000000,297.00000000,333.00000000,336.00000000,358.00000000,267.00000000,319.00000000,245.00000000,229.00000000,231.00000000,225.00000000
60135,"Cedar Solar, LLC",NC,1,6.70000000,5.00000000,2015.00000000,20.00000000,180.00000000,34.91576700,-77.77574300,9367.00000000,21.38584475,670.00000000,745.00000000,844.00000000,916.00000000,927.00000000,968.00000000,871.00000000,790.00000000,672.00000000,827.00000000,566.00000000,571.00000000
60136,"Elm Solar, LLC",NC,1,6.70000000,5.00000000,2015.00000000,20.00000000,180.00000000,35.45382800,-79.18952500,9302.00000000,21.23744292,607.00000000,701.00000000,801.00000000,852.00000000,860.00000000,918.00000000,829.00000000,895.00000000,720.00000000,908.00000000,624.00000000,587.00000000
60144,"Baltimore Church Solar, LLC",NC,1,5.60000000,5.40000000,2017.00000000,20.00000000,180.00000000,34.46668800,-79.15244300,5930.00000000,12.53593776,309.00000000,394.00000000,462.00000000,491.00000000,459.00000000,502.00000000,494.00000000,678.00000000,539.00000000,697.00000000,501.00000000,404.00000000
60146,"Cohen Farm Solar, LLC",NC,1,7.00000000,4.90000000,2016.00000000,20.00000000,180.00000000,35.55722400,-79.19578900,9870.00000000,22.99412916,632.00000000,744.00000000,828.00000000,882.00000000,919.00000000,1003.00000000,890.00000000,947.00000000,775.00000000,956.00000000,668.00000000,626.00000000
60147,"Floyd Solar, LLC",NC,1,6.60000000,6.50000000,2016.00000000,20.00000000,180.00000000,34.50912800,-79.13587500,9343.00000000,16.40850018,639.00000000,725.00000000,853.00000000,908.00000000,867.00000000,944.00000000,867.00000000,847.00000000,678.00000000,821.00000000,607.00000000,587.00000000
60150,Cornell Geneva Solar Farm,NY,1,2.80000000,2.00000000,2015.00000000,17.00000000,180.00000000,42.86600000,-77.03100000,3171.00000000,18.09931507,59.00000000,201.00000000,259.00000000,279.00000000,385.00000000,365.00000000,418.00000000,348.00000000,324.00000000,291.00000000,165.00000000,77.00000000
60151,Building F,CA,1,1.80000000,1.30000000,2016.00000000,10.00000000,180.00000000,33.91435600,-118.05018900,2302.00000000,20.21426063,141.00000000,131.00000000,203.00000000,225.00000000,222.00000000,249.00000000,277.00000000,266.00000000,202.00000000,171.00000000,141.00000000,74.00000000
60153,Building G,CA,1,1.70000000,1.20000000,2016.00000000,10.00000000,180.00000000,33.91291700,-118.05056100,1996.00000000,18.98782344,142.00000000,131.00000000,207.00000000,31.00000000,144.00000000,253.00000000,273.00000000,260.00000000,202.00000000,172.00000000,103.00000000,78.00000000
60154,Buidling L,CA,1,1.20000000,1.00000000,2016.00000000,10.00000000,180.00000000,33.91291700,-118.04194400,2316.00000000,26.43835616,125.00000000,36.00000000,180.00000000,268.00000000,257.00000000,276.00000000,316.00000000,238.00000000,217.00000000,170.00000000,144.00000000,89.00000000
60156,Shelter Solar,NC,1,7.10000000,5.00000000,2018.00000000,20.00000000,180.00000000,34.98377200,-79.26802600,9614.00000000,21.94977169,638.00000000,738.00000000,866.00000000,900.00000000,903.00000000,960.00000000,890.00000000,940.00000000,745.00000000,911.00000000,548.00000000,575.00000000
60157,Heedeh Solar,NC,1,5.40000000,4.50000000,2018.00000000,20.00000000,180.00000000,34.30874400,-78.22147500,6705.00000000,17.00913242,463.00000000,531.00000000,632.00000000,662.00000000,671.00000000,715.00000000,602.00000000,527.00000000,498.00000000,597.00000000,420.00000000,387.00000000
60160,Tate Solar,NC,1,6.50000000,5.00000000,2020.00000000,20.00000000,180.00000000,36.06610900,-78.02961200,8824.00000000,20.14611872,589.00000000,742.00000000,845.00000000,930.00000000,665.00000000,1016.00000000,422.00000000,794.00000000,704.00000000,905.00000000,629.00000000,583.00000000
60161,Eagle Solar,NC,1,5.60000000,4.00000000,2020.00000000,20.00000000,180.00000000,36.45832700,-78.15508700,7336.00000000,20.93607306,464.00000000,576.00000000,672.00000000,729.00000000,778.00000000,818.00000000,633.00000000,783.00000000,568.00000000,672.00000000,216.00000000,427.00000000
60165,Robin Solar,NC,1,5.00000000,3.80000000,2021.00000000,60.00000000,180.00000000,35.26441800,-78.08138900,8092.00000000,24.30906032,484.00000000,571.00000000,709.00000000,814.00000000,853.00000000,927.00000000,829.00000000,808.00000000,585.00000000,729.00000000,396.00000000,387.00000000
60179,Daystar Solar,NC,1,7.10000000,5.00000000,2017.00000000,20.00000000,180.00000000,35.03558900,-77.20245300,9556.00000000,21.81735160,674.00000000,744.00000000,841.00000000,930.00000000,894.00000000,991.00000000,878.00000000,826.00000000,690.00000000,866.00000000,622.00000000,600.00000000
60180,Kathleen Solar,NC,1,7.00000000,5.00000000,2018.00000000,20.00000000,180.00000000,35.51376900,-78.80238400,9900.00000000,22.60273973,617.00000000,740.00000000,856.00000000,908.00000000,942.00000000,1000.00000000,927.00000000,957.00000000,773.00000000,943.00000000,641.00000000,596.00000000
60182,Dulles,CA,1,2.40000000,2.00000000,2016.00000000,10.00000000,180.00000000,34.03011900,-117.51775300,2348.00000000,13.40182648,196.00000000,149.00000000,113.00000000,208.00000000,244.00000000,342.00000000,236.00000000,240.00000000,241.00000000,199.00000000,115.00000000,65.00000000
60183,Freeway Springs,CA,1,2.80000000,2.00000000,2016.00000000,10.00000000,180.00000000,33.89261400,-118.03756400,3091.00000000,17.64269406,105.00000000,153.00000000,248.00000000,277.00000000,267.00000000,295.00000000,427.00000000,412.00000000,318.00000000,271.00000000,211.00000000,107.00000000
60190,HMW Minster PV I,OH,1,4.30000000,3.00000000,2015.00000000,25.00000000,180.00000000,40.39036200,-84.40159500,8252.00000000,31.40030441,257.00000000,601.00000000,677.00000000,775.00000000,865.00000000,902.00000000,926.00000000,922.00000000,757.00000000,833.00000000,398.00000000,339.00000000
60191,"TWE New Bern Solar Project, LLC",NC,1,4.50000000,4.00000000,2016.00000000,20.00000000,180.00000000,35.15427300,-77.13432000,6344.00000000,18.10502283,428.00000000,480.00000000,559.00000000,628.00000000,640.00000000,670.00000000,571.00000000,540.00000000,461.00000000,577.00000000,393.00000000,397.00000000
60193,Whitethorn Solar LLC,CA,1,3.90000000,3.30000000,2016.00000000,15.00000000,180.00000000,37.69100000,-121.71700000,4245.00000000,14.68451640,220.00000000,297.00000000,401.00000000,521.00000000,657.00000000,348.00000000,343.00000000,317.00000000,268.00000000,272.00000000,328.00000000,273.00000000
60199,"County Home Solar Center, LLC",NC,1,2.60000000,2.00000000,2016.00000000,25.00000000,180.00000000,35.26325500,-81.50868400,3205.00000000,18.29337900,215.00000000,257.00000000,294.00000000,312.00000000,300.00000000,310.00000000,309.00000000,336.00000000,218.00000000,283.00000000,187.00000000,184.00000000
60200,"Laurinburg Solar, LLC (Heelstone)",NC,1,2.70000000,2.00000000,2015.00000000,20.00000000,180.00000000,34.70764400,-79.29538000,4144.00000000,23.65296804,273.00000000,303.00000000,357.00000000,386.00000000,389.00000000,431.00000000,404.00000000,384.00000000,311.00000000,379.00000000,266.00000000,261.00000000
60201,CES Cherry Hill Solar,NJ,1,1.60000000,1.20000000,2016.00000000,5.00000000,173.00000000,39.94185300,-75.02620800,1674.00000000,15.92465753,44.00000000,114.00000000,150.00000000,166.00000000,176.00000000,226.00000000,188.00000000,146.00000000,165.00000000,149.00000000,88.00000000,62.00000000
60208,"Long Farm 46 Solar, LLC",NC,1,6.90000000,5.00000000,2016.00000000,25.00000000,180.00000000,36.46702100,-77.61795700,8179.00000000,18.67351598,554.00000000,684.00000000,797.00000000,869.00000000,853.00000000,903.00000000,619.00000000,548.00000000,469.00000000,848.00000000,595.00000000,440.00000000
60209,HXNAir Solar One,NC,1,7.00000000,5.00000000,2017.00000000,20.00000000,180.00000000,36.34873400,-77.63151100,7748.00000000,17.68949772,527.00000000,717.00000000,745.00000000,812.00000000,681.00000000,769.00000000,819.00000000,734.00000000,692.00000000,148.00000000,482.00000000,622.00000000
60219,Strata Roof 1,CA,1,1.10000000,1.00000000,2013.00000000,10.00000000,180.00000000,38.64352700,-121.50550600,1511.00000000,17.24885845,124.00000000,90.00000000,130.00000000,163.00000000,193.00000000,177.00000000,106.00000000,150.00000000,144.00000000,124.00000000,83.00000000,27.00000000
60225,CMEEC - Bozrah,CT,1,3.20000000,2.50000000,2016.00000000,25.00000000,180.00000000,41.57058400,-72.15860700,3032.00000000,13.84474886,59.00000000,221.00000000,309.00000000,305.00000000,315.00000000,333.00000000,329.00000000,277.00000000,320.00000000,316.00000000,178.00000000,70.00000000
60227,BJ's Wholesale Club Inc Dist Center,NJ,1,2.00000000,1.40000000,2016.00000000,1.00000000,186.00000000,40.09845800,-74.82592500,2146.00000000,17.49836921,56.00000000,118.00000000,209.00000000,234.00000000,227.00000000,268.00000000,289.00000000,213.00000000,177.00000000,181.00000000,106.00000000,68.00000000
60228,Conn Mun Electric Energy Coop,CT,1,1.20000000,1.00000000,2016.00000000,20.00000000,180.00000000,41.53832400,-72.12254400,1142.00000000,13.03652968,25.00000000,65.00000000,103.00000000,123.00000000,109.00000000,89.00000000,140.00000000,138.00000000,111.00000000,114.00000000,79.00000000,46.00000000
60229,Orange County Solar Farm (NY),NY,1,2.10000000,1.50000000,2017.00000000,20.00000000,180.00000000,41.40487900,-74.35949500,2457.00000000,18.69863014,163.00000000,211.00000000,198.00000000,198.00000000,238.00000000,266.00000000,269.00000000,229.00000000,224.00000000,236.00000000,147.00000000,78.00000000
60238,"McDonald Solar Farm, LLC",IN,1,7.00000000,5.20000000,2015.00000000,20.00000000,180.00000000,39.59458000,-87.47400000,7831.00000000,17.19134176,290.00000000,679.00000000,812.00000000,731.00000000,843.00000000,814.00000000,835.00000000,804.00000000,787.00000000,634.00000000,399.00000000,203.00000000
60239,"Pastime Farm, LLC",IN,1,7.00000000,5.20000000,2015.00000000,20.00000000,180.00000000,39.52086000,-87.18155000,9001.00000000,19.75983491,349.00000000,679.00000000,818.00000000,823.00000000,932.00000000,929.00000000,938.00000000,965.00000000,831.00000000,908.00000000,445.00000000,384.00000000
60240,"Yanceyville Farm 3, LLC",NC,1,6.40000000,4.90000000,2015.00000000,20.00000000,180.00000000,36.42860800,-79.34888600,8567.00000000,19.95853136,729.00000000,632.00000000,769.00000000,783.00000000,820.00000000,882.00000000,824.00000000,831.00000000,609.00000000,729.00000000,499.00000000,460.00000000
60251,IMPA Huntingburg Solar Park,IN,1,2.50000000,2.00000000,2016.00000000,25.00000000,180.00000000,38.31962300,-86.96807400,2922.00000000,16.67808219,111.00000000,253.00000000,267.00000000,289.00000000,278.00000000,284.00000000,303.00000000,337.00000000,273.00000000,287.00000000,141.00000000,99.00000000
60252,IMPA Washington Solar Park,IN,1,4.90000000,4.00000000,2016.00000000,25.00000000,180.00000000,38.65345500,-87.20921500,4014.00000000,11.45547945,149.00000000,370.00000000,437.00000000,18.00000000,187.00000000,496.00000000,478.00000000,547.00000000,426.00000000,495.00000000,237.00000000,174.00000000
60253,IMPA Anderson Solar Park,IN,1,6.20000000,5.00000000,2017.00000000,25.00000000,180.00000000,40.05155600,-85.73712900,7542.00000000,17.21917808,240.00000000,570.00000000,558.00000000,724.00000000,813.00000000,854.00000000,846.00000000,871.00000000,691.00000000,729.00000000,346.00000000,300.00000000
60257,Stainback Solar Farm,NC,1,6.90000000,5.00000000,2016.00000000,20.00000000,180.00000000,36.39528600,-78.32829400,9574.00000000,21.85844749,596.00000000,749.00000000,862.00000000,926.00000000,924.00000000,1023.00000000,903.00000000,927.00000000,692.00000000,856.00000000,558.00000000,558.00000000
60265,Junction Road,NJ,1,5.40000000,4.40000000,2016.00000000,20.00000000,180.00000000,40.52370000,-74.84339800,7039.00000000,18.26224575,204.00000000,517.00000000,637.00000000,657.00000000,686.00000000,820.00000000,777.00000000,687.00000000,591.00000000,691.00000000,467.00000000,305.00000000
60266,Cedar Branch,NJ,1,7.10000000,6.10000000,2016.00000000,20.00000000,180.00000000,39.50333700,-74.96448200,9644.00000000,18.04775807,357.00000000,737.00000000,888.00000000,867.00000000,850.00000000,1132.00000000,1011.00000000,972.00000000,757.00000000,943.00000000,626.00000000,504.00000000
60267,Sharon Station,NJ,1,3.30000000,2.70000000,2016.00000000,25.00000000,180.00000000,40.18262300,-74.53900300,4458.00000000,18.84830036,107.00000000,357.00000000,409.00000000,401.00000000,417.00000000,507.00000000,465.00000000,441.00000000,361.00000000,460.00000000,307.00000000,226.00000000
60274,"CED Westfield Solar, LLC",MA,1,2.60000000,2.00000000,2016.00000000,25.00000000,180.00000000,42.17562500,-72.75518100,3193.00000000,18.22488584,73.00000000,277.00000000,289.00000000,301.00000000,345.00000000,376.00000000,369.00000000,294.00000000,318.00000000,321.00000000,107.00000000,123.00000000
60278,Southbridge Solar,MA,1,2.60000000,1.90000000,2016.00000000,25.00000000,180.00000000,42.09093200,-72.01167200,2483.00000000,14.91828887,68.00000000,76.00000000,236.00000000,250.00000000,158.00000000,285.00000000,265.00000000,270.00000000,266.00000000,271.00000000,216.00000000,122.00000000
60284,Organ Church Solar,NC,1,7.60000000,5.00000000,2019.00000000,20.00000000,180.00000000,35.52558400,-80.45112500,10244.00000000,23.38812785,712.00000000,783.00000000,866.00000000,952.00000000,947.00000000,1034.00000000,980.00000000,1006.00000000,655.00000000,997.00000000,674.00000000,638.00000000
60287,Willard Solar,NC,1,6.00000000,5.00000000,2020.00000000,20.00000000,180.00000000,34.70249000,-77.96970000,8537.00000000,19.49086758,568.00000000,629.00000000,751.00000000,815.00000000,841.00000000,908.00000000,784.00000000,793.00000000,627.00000000,763.00000000,539.00000000,519.00000000
60288,Ajax Solar,NC,1,6.00000000,5.00000000,2017.00000000,20.00000000,180.00000000,34.83091000,-79.11940000,3765.00000000,8.59589041,278.00000000,306.00000000,358.00000000,372.00000000,379.00000000,414.00000000,371.00000000,343.00000000,231.00000000,200.00000000,258.00000000,255.00000000
60290,Jester Solar,NC,1,7.10000000,5.00000000,2020.00000000,20.00000000,180.00000000,35.36118000,-77.88610000,9311.00000000,21.25799087,617.00000000,702.00000000,794.00000000,898.00000000,950.00000000,1015.00000000,888.00000000,600.00000000,780.00000000,919.00000000,577.00000000,571.00000000
60291,Trinity Solar,NC,1,7.00000000,5.00000000,2019.00000000,10.00000000,180.00000000,35.87025000,-79.92820000,7446.00000000,17.00000000,550.00000000,649.00000000,810.00000000,613.00000000,489.00000000,581.00000000,921.00000000,535.00000000,517.00000000,832.00000000,486.00000000,463.00000000
60298,"Pine Valley Solar Farm, LLC",NC,1,6.50000000,5.00000000,2022.00000000,20.00000000,180.00000000,35.21812000,-79.52933300,9398.00000000,21.45662100,627.00000000,699.00000000,822.00000000,876.00000000,883.00000000,925.00000000,898.00000000,912.00000000,685.00000000,888.00000000,617.00000000,566.00000000
60312,"Howell Midland Farm, LLC",NC,1,6.40000000,4.90000000,2015.00000000,20.00000000,180.00000000,35.22566900,-80.54308600,8969.00000000,20.89507036,833.00000000,644.00000000,743.00000000,818.00000000,806.00000000,860.00000000,811.00000000,872.00000000,646.00000000,834.00000000,557.00000000,545.00000000
60313,"Augustus Farm, LLC",NC,1,6.80000000,4.90000000,2015.00000000,20.00000000,190.00000000,35.59968500,-77.63910900,9895.00000000,23.05237163,877.00000000,728.00000000,806.00000000,907.00000000,940.00000000,1015.00000000,886.00000000,907.00000000,731.00000000,877.00000000,623.00000000,598.00000000
60327,East Amwell,NJ,1,2.20000000,1.80000000,2016.00000000,25.00000000,180.00000000,40.44326600,-74.87637300,2554.00000000,16.19736175,63.00000000,175.00000000,239.00000000,248.00000000,244.00000000,305.00000000,283.00000000,256.00000000,219.00000000,261.00000000,164.00000000,97.00000000
60344,Sudbury Solar,VT,1,2.80000000,2.00000000,2016.00000000,30.00000000,180.00000000,43.83300000,-73.19200000,1789.00000000,10.21118721,48.00000000,147.00000000,81.00000000,172.00000000,222.00000000,207.00000000,102.00000000,137.00000000,211.00000000,242.00000000,144.00000000,76.00000000
60348,O'Shea Solar Farm,MI,1,2.50000000,2.00000000,2017.00000000,30.00000000,180.00000000,42.37800100,-83.20006400,2954.00000000,16.86073059,69.00000000,236.00000000,249.00000000,322.00000000,368.00000000,334.00000000,342.00000000,330.00000000,201.00000000,291.00000000,123.00000000,89.00000000
60350,"Solar Las Vegas MB 2, LLC",NV,1,1.90000000,1.50000000,2016.00000000,26.00000000,180.00000000,36.08742600,-115.17538100,4559.00000000,34.69558600,213.00000000,227.00000000,394.00000000,500.00000000,539.00000000,515.00000000,485.00000000,468.00000000,411.00000000,350.00000000,276.00000000,181.00000000
60353,Cecil County CCVT HS,MD,1,2.60000000,2.00000000,2015.00000000,20.00000000,180.00000000,39.65100200,-75.80833100,3425.00000000,19.54908676,104.00000000,275.00000000,300.00000000,311.00000000,311.00000000,395.00000000,374.00000000,343.00000000,278.00000000,339.00000000,232.00000000,163.00000000
60361,Wortham Solar Farm,NC,1,6.50000000,5.00000000,2016.00000000,20.00000000,180.00000000,36.35248900,-78.37634400,9042.00000000,20.64383562,526.00000000,681.00000000,800.00000000,866.00000000,892.00000000,969.00000000,865.00000000,909.00000000,639.00000000,852.00000000,533.00000000,510.00000000
60363,"White Farm Solar, LLC",NC,1,7.20000000,5.20000000,2016.00000000,20.00000000,180.00000000,36.34764000,-77.22244000,9596.00000000,21.06603442,585.00000000,708.00000000,826.00000000,885.00000000,938.00000000,1037.00000000,914.00000000,903.00000000,674.00000000,891.00000000,644.00000000,591.00000000
60365,Vulcraft Solar,NY,1,2.20000000,1.60000000,2013.00000000,2.00000000,145.00000000,42.00587400,-76.61935000,2003.00000000,14.29081050,44.00000000,134.00000000,170.00000000,198.00000000,263.00000000,281.00000000,300.00000000,191.00000000,161.00000000,143.00000000,77.00000000,41.00000000
60367,"Snow Camp Solar, LLC",NC,1,8.20000000,5.20000000,2016.00000000,20.00000000,180.00000000,35.86267000,-79.42346000,11101.00000000,24.36995083,631.00000000,804.00000000,988.00000000,1072.00000000,1113.00000000,1179.00000000,1041.00000000,1113.00000000,821.00000000,1065.00000000,684.00000000,590.00000000
60369,Battleboro Farm,NC,1,6.80000000,5.20000000,2016.00000000,20.00000000,180.00000000,36.05864000,-77.76077000,8023.00000000,17.61283808,479.00000000,643.00000000,586.00000000,826.00000000,875.00000000,847.00000000,831.00000000,771.00000000,627.00000000,594.00000000,472.00000000,472.00000000
60370,"Flint Hill Solar, LLC",NC,1,7.10000000,5.20000000,2016.00000000,20.00000000,180.00000000,35.40274000,-79.55308000,8853.00000000,19.43493151,570.00000000,670.00000000,795.00000000,844.00000000,872.00000000,905.00000000,821.00000000,840.00000000,649.00000000,824.00000000,563.00000000,500.00000000
60371,Legoland Solar,FL,1,1.80000000,1.40000000,2016.00000000,10.00000000,90.00000000,27.98616300,-81.69017200,2294.00000000,18.70515329,131.00000000,179.00000000,218.00000000,257.00000000,251.00000000,220.00000000,225.00000000,200.00000000,182.00000000,159.00000000,145.00000000,127.00000000
60375,ILR Landfill,NJ,1,7.70000000,6.60000000,2016.00000000,10.00000000,180.00000000,40.47053900,-74.38361600,9630.00000000,16.65628892,189.00000000,593.00000000,877.00000000,959.00000000,1023.00000000,1236.00000000,1148.00000000,991.00000000,864.00000000,874.00000000,526.00000000,350.00000000
60378,NHA at Mansfield NJ,NJ,1,6.00000000,5.00000000,2016.00000000,25.00000000,180.00000000,40.76000000,-74.93500000,2602.00000000,5.94063927,66.00000000,225.00000000,207.00000000,257.00000000,274.00000000,244.00000000,233.00000000,375.00000000,357.00000000,162.00000000,93.00000000,109.00000000
60384,Hertford Solar Farm,NC,1,7.00000000,5.00000000,2016.00000000,25.00000000,180.00000000,36.13026000,-76.49091500,8581.00000000,19.59132420,596.00000000,681.00000000,792.00000000,851.00000000,715.00000000,866.00000000,801.00000000,777.00000000,638.00000000,812.00000000,518.00000000,534.00000000
60393,Warbler Holdings,NC,1,5.80000000,4.00000000,2021.00000000,20.00000000,180.00000000,35.31882400,-81.62393400,7242.00000000,20.66780822,443.00000000,547.00000000,583.00000000,734.00000000,648.00000000,841.00000000,739.00000000,703.00000000,743.00000000,338.00000000,486.00000000,437.00000000
60394,Tamworth Holdings,NC,1,6.80000000,5.00000000,2019.00000000,25.00000000,180.00000000,34.74561700,-78.42118500,7319.00000000,16.71004566,431.00000000,385.00000000,645.00000000,571.00000000,878.00000000,969.00000000,846.00000000,794.00000000,423.00000000,642.00000000,361.00000000,374.00000000
60396,"St. Pauls Solar 1, LLC",NC,1,6.70000000,4.90000000,2017.00000000,20.00000000,180.00000000,34.77160000,-78.98360000,9245.00000000,21.53806728,491.00000000,737.00000000,824.00000000,863.00000000,909.00000000,978.00000000,869.00000000,869.00000000,714.00000000,826.00000000,593.00000000,572.00000000
60397,"Kennedy Solar, LLC",NC,1,6.60000000,4.90000000,2017.00000000,20.00000000,180.00000000,35.01228200,-78.09218500,8987.00000000,20.93700494,623.00000000,693.00000000,803.00000000,865.00000000,885.00000000,826.00000000,777.00000000,744.00000000,698.00000000,865.00000000,599.00000000,609.00000000
60398,Innovative Solar 65,NC,1,6.70000000,4.90000000,2016.00000000,20.00000000,180.00000000,34.75870000,-79.50000000,9060.00000000,21.10707297,660.00000000,713.00000000,831.00000000,871.00000000,829.00000000,911.00000000,809.00000000,695.00000000,653.00000000,852.00000000,616.00000000,620.00000000
60399,"Lincoln Solar, LLC (NC)",NC,1,6.40000000,4.90000000,2016.00000000,20.00000000,180.00000000,35.37950500,-81.81758200,9040.00000000,21.06047899,666.00000000,709.00000000,819.00000000,835.00000000,885.00000000,930.00000000,882.00000000,914.00000000,596.00000000,747.00000000,531.00000000,526.00000000
60400,"Exum Farm Solar, LLC",NC,1,6.40000000,4.90000000,2016.00000000,20.00000000,180.00000000,35.37044100,-77.45490000,9258.00000000,21.56835337,605.00000000,698.00000000,781.00000000,879.00000000,893.00000000,957.00000000,844.00000000,863.00000000,706.00000000,822.00000000,597.00000000,613.00000000
60401,"Bizzell Church Solar 1, LLC",NC,1,6.90000000,5.20000000,2015.00000000,20.00000000,180.00000000,35.54940100,-78.17985900,9722.00000000,21.34264138,592.00000000,721.00000000,845.00000000,939.00000000,959.00000000,1055.00000000,922.00000000,839.00000000,758.00000000,922.00000000,608.00000000,562.00000000
60402,"CB Bladen Solar, LLC",NC,1,7.00000000,5.20000000,2016.00000000,20.00000000,180.00000000,34.82286900,-78.62427800,9519.00000000,20.89699684,642.00000000,724.00000000,850.00000000,883.00000000,907.00000000,960.00000000,865.00000000,865.00000000,735.00000000,871.00000000,615.00000000,602.00000000
60403,"Currin Solar, LLC",NC,1,6.40000000,5.20000000,2015.00000000,20.00000000,180.00000000,36.28962500,-78.63328300,6580.00000000,14.44502986,447.00000000,581.00000000,711.00000000,758.00000000,708.00000000,737.00000000,451.00000000,531.00000000,448.00000000,493.00000000,363.00000000,352.00000000
60408,"Nash 97 Solar, LLC",NC,1,7.10000000,5.20000000,2016.00000000,20.00000000,180.00000000,35.84927000,-78.21152000,9393.00000000,20.62038988,523.00000000,678.00000000,793.00000000,874.00000000,879.00000000,983.00000000,925.00000000,956.00000000,722.00000000,931.00000000,597.00000000,532.00000000
60409,"South Winston Farm, LLC",NC,1,7.00000000,5.20000000,2016.00000000,20.00000000,180.00000000,36.02880000,-80.30200000,8756.00000000,19.22198806,543.00000000,637.00000000,813.00000000,893.00000000,898.00000000,949.00000000,874.00000000,808.00000000,651.00000000,770.00000000,495.00000000,425.00000000
60410,"Sullivan Solar, LLC",IN,1,7.10000000,5.20000000,2016.00000000,20.00000000,180.00000000,39.13199000,-87.41383000,8322.00000000,18.26923077,307.00000000,680.00000000,802.00000000,783.00000000,738.00000000,716.00000000,777.00000000,858.00000000,839.00000000,946.00000000,477.00000000,399.00000000
60411,"Coventry Photovoltaic, LLC",VT,1,2.70000000,2.20000000,2014.00000000,25.00000000,180.00000000,44.91015200,-72.21975000,2241.00000000,11.62826899,30.00000000,163.00000000,204.00000000,221.00000000,221.00000000,219.00000000,257.00000000,205.00000000,312.00000000,267.00000000,109.00000000,33.00000000
60412,Munro Valley Solar,CA,1,6.80000000,4.00000000,2016.00000000,25.00000000,180.00000000,36.26470000,-117.99550000,10709.00000000,30.56221461,693.00000000,705.00000000,908.00000000,1040.00000000,1180.00000000,959.00000000,980.00000000,1040.00000000,937.00000000,867.00000000,762.00000000,638.00000000
60416,"Maxton Solar, LLC",NC,1,7.00000000,4.90000000,2016.00000000,20.00000000,180.00000000,34.71472000,-79.31463000,9808.00000000,22.84968782,678.00000000,767.00000000,894.00000000,964.00000000,951.00000000,1039.00000000,965.00000000,930.00000000,756.00000000,892.00000000,526.00000000,446.00000000
60417,Modlin Solar Farm,NC,1,6.90000000,4.90000000,2016.00000000,20.00000000,180.00000000,35.85028000,-77.11023000,8883.00000000,20.69471624,562.00000000,410.00000000,682.00000000,927.00000000,928.00000000,1040.00000000,845.00000000,869.00000000,638.00000000,884.00000000,513.00000000,585.00000000
60423,Fairhaven C CSG,MA,1,2.40000000,1.60000000,2017.00000000,25.00000000,180.00000000,41.66303000,-70.86323000,2896.00000000,20.66210046,120.00000000,187.00000000,236.00000000,231.00000000,308.00000000,346.00000000,293.00000000,305.00000000,261.00000000,266.00000000,203.00000000,140.00000000
60424,West Bridgewater AB CSG,MA,1,2.20000000,1.70000000,2017.00000000,25.00000000,180.00000000,42.02530000,-71.03360000,2684.00000000,18.02309965,85.00000000,192.00000000,218.00000000,255.00000000,280.00000000,316.00000000,283.00000000,255.00000000,236.00000000,248.00000000,195.00000000,121.00000000
60425,Skidmore College,NY,1,2.10000000,1.80000000,2014.00000000,25.00000000,180.00000000,43.09368200,-73.81132000,2227.00000000,14.12354135,19.00000000,172.00000000,209.00000000,209.00000000,257.00000000,290.00000000,257.00000000,240.00000000,262.00000000,154.00000000,106.00000000,52.00000000
60427,CoServ Community Solar Station,TX,1,2.60000000,2.00000000,2015.00000000,25.00000000,180.00000000,33.27060000,-96.97916800,1606.00000000,9.16666667,130.00000000,115.00000000,92.00000000,85.00000000,111.00000000,160.00000000,171.00000000,170.00000000,162.00000000,178.00000000,132.00000000,100.00000000
60428,CA Dept of Public Health at Richmond,CA,1,2.70000000,2.20000000,2017.00000000,12.00000000,179.00000000,37.92000000,-122.34400000,3992.00000000,20.71398921,172.00000000,227.00000000,347.00000000,429.00000000,433.00000000,489.00000000,433.00000000,432.00000000,361.00000000,286.00000000,206.00000000,177.00000000
60431,Tompkins Cortland Community College,NY,1,2.60000000,2.00000000,2015.00000000,25.00000000,180.00000000,42.50250000,-76.28650000,2449.00000000,13.97831050,42.00000000,177.00000000,206.00000000,228.00000000,282.00000000,275.00000000,328.00000000,246.00000000,272.00000000,225.00000000,126.00000000,42.00000000
60437,Bernards Solar,NJ,1,3.70000000,2.90000000,2016.00000000,20.00000000,180.00000000,40.70266000,-74.58158000,4370.00000000,17.20201543,112.00000000,298.00000000,401.00000000,408.00000000,439.00000000,504.00000000,485.00000000,438.00000000,376.00000000,440.00000000,285.00000000,184.00000000
60438,Whitakers Farm (Fisher Rd),NC,1,4.50000000,3.40000000,2016.00000000,20.00000000,180.00000000,36.11554200,-77.72514700,6126.00000000,20.56809025,509.00000000,462.00000000,544.00000000,578.00000000,597.00000000,622.00000000,566.00000000,567.00000000,418.00000000,509.00000000,387.00000000,367.00000000
60442,Carver MA 1 Community Solar,MA,1,2.70000000,2.00000000,2016.00000000,20.00000000,180.00000000,41.94279600,-70.76114000,2975.00000000,16.98059361,107.00000000,188.00000000,235.00000000,282.00000000,327.00000000,354.00000000,319.00000000,312.00000000,254.00000000,265.00000000,193.00000000,139.00000000
60443,Wareham MA 1 Community Solar,MA,1,2.70000000,2.00000000,2016.00000000,25.00000000,180.00000000,41.80167000,-70.70463000,3131.00000000,17.87100457,131.00000000,202.00000000,244.00000000,297.00000000,327.00000000,360.00000000,310.00000000,315.00000000,267.00000000,297.00000000,213.00000000,168.00000000
60448,Valdosta,GA,1,1.30000000,1.00000000,2013.00000000,25.00000000,180.00000000,30.81012000,-83.22595800,1405.00000000,16.03881279,103.00000000,129.00000000,103.00000000,141.00000000,122.00000000,157.00000000,114.00000000,136.00000000,100.00000000,101.00000000,111.00000000,88.00000000
60450,Corcoran,CA,1,1.30000000,1.10000000,2014.00000000,30.00000000,180.00000000,36.10230700,-119.56651600,1659.00000000,17.21668742,81.00000000,118.00000000,166.00000000,190.00000000,219.00000000,190.00000000,181.00000000,165.00000000,108.00000000,77.00000000,89.00000000,75.00000000
60451,Brookside,RI,1,1.20000000,1.00000000,2015.00000000,30.00000000,180.00000000,41.98757900,-71.58396300,1532.00000000,17.48858447,42.00000000,92.00000000,148.00000000,150.00000000,156.00000000,175.00000000,167.00000000,167.00000000,171.00000000,143.00000000,121.00000000,0.00000000
60452,Calverton,NY,1,3.90000000,3.00000000,2015.00000000,20.00000000,174.00000000,40.92108600,-72.74370100,4494.00000000,17.10045662,121.00000000,262.00000000,395.00000000,448.00000000,470.00000000,597.00000000,414.00000000,449.00000000,491.00000000,316.00000000,370.00000000,161.00000000
60453,"Cummins, Inc",NY,1,2.00000000,1.80000000,2015.00000000,10.00000000,135.00000000,42.08124000,-79.36125000,1486.00000000,9.42415018,23.00000000,69.00000000,95.00000000,144.00000000,187.00000000,235.00000000,182.00000000,214.00000000,170.00000000,110.00000000,51.00000000,6.00000000
60454,Houghton,NY,1,2.60000000,2.00000000,2015.00000000,25.00000000,180.00000000,42.42673100,-78.15658900,2003.00000000,11.43264840,39.00000000,84.00000000,117.00000000,147.00000000,152.00000000,202.00000000,248.00000000,357.00000000,263.00000000,232.00000000,125.00000000,37.00000000
60455,Oneida - South,NY,1,2.60000000,1.90000000,2015.00000000,25.00000000,180.00000000,43.16635300,-75.38686600,2485.00000000,14.93030522,38.00000000,163.00000000,184.00000000,208.00000000,296.00000000,301.00000000,325.00000000,278.00000000,305.00000000,198.00000000,141.00000000,48.00000000
60456,Oneida - West,NY,1,2.60000000,1.90000000,2015.00000000,25.00000000,180.00000000,43.16961700,-75.40486600,2485.00000000,14.93030522,38.00000000,163.00000000,184.00000000,208.00000000,296.00000000,301.00000000,325.00000000,278.00000000,305.00000000,198.00000000,141.00000000,48.00000000
60458,Hardwick-Athol & Eagle Hill,MA,1,3.40000000,2.80000000,2015.00000000,25.00000000,180.00000000,42.30839100,-72.18958000,2636.00000000,10.74690150,49.00000000,225.00000000,243.00000000,249.00000000,293.00000000,307.00000000,292.00000000,252.00000000,238.00000000,234.00000000,159.00000000,95.00000000
60461,The Clorox Company,MD,1,2.20000000,1.60000000,2016.00000000,8.00000000,180.00000000,39.47212800,-76.20134200,2415.00000000,17.23030822,67.00000000,166.00000000,216.00000000,238.00000000,251.00000000,316.00000000,290.00000000,254.00000000,191.00000000,199.00000000,130.00000000,97.00000000
60462,Onondaga County- Clearwater,NY,1,2.50000000,2.00000000,2017.00000000,25.00000000,180.00000000,43.42931700,-76.51571700,2839.00000000,16.20433790,42.00000000,186.00000000,249.00000000,257.00000000,357.00000000,296.00000000,380.00000000,320.00000000,320.00000000,252.00000000,128.00000000,52.00000000
60465,Chesapeake College,MD,1,2.10000000,1.50000000,2016.00000000,30.00000000,180.00000000,38.95338900,-76.08324400,2374.00000000,18.06697108,77.00000000,176.00000000,226.00000000,224.00000000,223.00000000,278.00000000,258.00000000,244.00000000,194.00000000,237.00000000,143.00000000,94.00000000
60473,Westport MA 1 Community Solar,MA,1,1.80000000,1.30000000,2016.00000000,20.00000000,180.00000000,41.62106800,-71.05696300,2124.00000000,18.65121180,83.00000000,132.00000000,184.00000000,194.00000000,224.00000000,257.00000000,203.00000000,222.00000000,181.00000000,185.00000000,150.00000000,109.00000000
60476,Westport MA 2 Community Solar,MA,1,1.60000000,1.20000000,2016.00000000,20.00000000,180.00000000,41.62106800,-71.05696300,1799.00000000,17.11377473,68.00000000,108.00000000,154.00000000,161.00000000,188.00000000,222.00000000,171.00000000,190.00000000,159.00000000,158.00000000,132.00000000,88.00000000
60477,Bethlehem - East,NY,1,2.40000000,1.70000000,2016.00000000,25.00000000,180.00000000,42.53900600,-73.82429500,2089.00000000,14.02766586,46.00000000,173.00000000,154.00000000,185.00000000,235.00000000,220.00000000,251.00000000,199.00000000,220.00000000,210.00000000,133.00000000,63.00000000
60478,Bethlehem - West,NY,1,1.20000000,1.00000000,2016.00000000,25.00000000,180.00000000,42.53900600,-73.82429500,2092.00000000,23.88127854,46.00000000,173.00000000,157.00000000,185.00000000,235.00000000,220.00000000,251.00000000,199.00000000,220.00000000,210.00000000,133.00000000,63.00000000
60480,"Germantown Solar, LLC",NC,1,2.10000000,1.50000000,2015.00000000,20.00000000,180.00000000,36.24634000,-80.25463000,2810.00000000,21.38508371,175.00000000,212.00000000,257.00000000,177.00000000,283.00000000,297.00000000,275.00000000,299.00000000,219.00000000,277.00000000,176.00000000,163.00000000
60484,"Williamston West Farm, LLC",NC,1,6.30000000,4.90000000,2016.00000000,20.00000000,178.00000000,35.83654400,-77.10804400,8696.00000000,20.25906253,715.00000000,676.00000000,774.00000000,857.00000000,796.00000000,932.00000000,789.00000000,815.00000000,632.00000000,715.00000000,564.00000000,431.00000000
60489,Hamilton Solar-Crosswicks,NJ,2,8.60000000,7.50000000,2011.00000000,22.00000000,180.00000000,40.16895800,-74.63009500,9064.00000000,13.79604262,550.00000000,694.00000000,891.00000000,1006.00000000,1041.00000000,1068.00000000,934.00000000,722.00000000,595.00000000,742.00000000,472.00000000,349.00000000
60492,Rail Trail,MA,1,2.80000000,2.00000000,2016.00000000,25.00000000,180.00000000,42.24313400,-73.36384900,3319.00000000,18.94406393,97.00000000,263.00000000,255.00000000,300.00000000,377.00000000,328.00000000,390.00000000,326.00000000,334.00000000,322.00000000,204.00000000,123.00000000
60493,Rising Paper,MA,1,3.30000000,2.50000000,2016.00000000,15.00000000,180.00000000,42.22862200,-73.34446300,3733.00000000,17.04566210,69.00000000,279.00000000,271.00000000,341.00000000,444.00000000,459.00000000,411.00000000,390.00000000,387.00000000,361.00000000,214.00000000,107.00000000
60494,Hampden,MA,1,4.30000000,3.20000000,2015.00000000,20.00000000,180.00000000,42.04466300,-72.43875200,5156.00000000,18.39326484,109.00000000,364.00000000,449.00000000,471.00000000,564.00000000,602.00000000,624.00000000,499.00000000,465.00000000,480.00000000,327.00000000,202.00000000
60495,Little Bay,RI,1,1.50000000,1.30000000,2014.00000000,14.00000000,180.00000000,41.79920100,-71.43604800,1601.00000000,14.05865824,39.00000000,89.00000000,136.00000000,159.00000000,188.00000000,212.00000000,187.00000000,180.00000000,143.00000000,134.00000000,84.00000000,50.00000000
60496,MEBA,MD,1,2.00000000,1.50000000,2014.00000000,20.00000000,180.00000000,38.77290300,-76.13891200,2394.00000000,18.21917808,99.00000000,188.00000000,223.00000000,227.00000000,227.00000000,226.00000000,255.00000000,239.00000000,180.00000000,240.00000000,163.00000000,127.00000000
60498,Shirley Water,MA,1,2.60000000,2.00000000,2016.00000000,15.00000000,180.00000000,42.55458400,-71.62348000,3081.00000000,17.58561644,51.00000000,225.00000000,284.00000000,310.00000000,359.00000000,386.00000000,387.00000000,291.00000000,288.00000000,255.00000000,154.00000000,91.00000000
60500,Westside Avenue,NJ,1,1.10000000,1.00000000,2011.00000000,10.00000000,170.00000000,40.81409200,-74.02132500,1059.00000000,12.08904110,29.00000000,61.00000000,94.00000000,101.00000000,113.00000000,135.00000000,131.00000000,108.00000000,93.00000000,94.00000000,59.00000000,41.00000000
60501,Hartz Way,NJ,1,1.10000000,1.00000000,2010.00000000,10.00000000,202.00000000,40.78282900,-74.07278200,768.00000000,8.76712329,37.00000000,66.00000000,55.00000000,60.00000000,68.00000000,73.00000000,72.00000000,60.00000000,52.00000000,105.00000000,69.00000000,51.00000000
60512,Greenville,GA,1,2.00000000,1.00000000,2014.00000000,25.00000000,180.00000000,33.04580100,-84.71443400,1378.00000000,15.73059361,85.00000000,114.00000000,97.00000000,146.00000000,121.00000000,149.00000000,103.00000000,144.00000000,111.00000000,129.00000000,92.00000000,87.00000000
60513,Richland (GA),GA,1,1.00000000,1.00000000,2014.00000000,25.00000000,180.00000000,32.08898200,-84.66352900,1510.00000000,17.23744292,124.00000000,115.00000000,105.00000000,164.00000000,113.00000000,116.00000000,137.00000000,161.00000000,127.00000000,145.00000000,105.00000000,98.00000000
60535,"Saluda Solar, LLC",SC,1,10.00000000,6.80000000,2016.00000000,20.00000000,180.00000000,33.96839000,-81.78290000,13051.00000000,21.90941445,916.00000000,858.00000000,1073.00000000,1277.00000000,1166.00000000,1356.00000000,1346.00000000,1383.00000000,878.00000000,1110.00000000,888.00000000,800.00000000
60537,Limerick Road Solar Farm,VT,1,3.00000000,2.20000000,2013.00000000,30.00000000,194.00000000,44.36888900,-73.24708300,2814.00000000,14.60149440,52.00000000,220.00000000,249.00000000,308.00000000,369.00000000,332.00000000,333.00000000,216.00000000,299.00000000,241.00000000,119.00000000,76.00000000
60538,"Langdon Solar Farm, LLC",NC,1,6.50000000,5.00000000,2015.00000000,20.00000000,180.00000000,35.44727800,-78.41348100,8977.00000000,20.49543379,823.00000000,661.00000000,757.00000000,817.00000000,832.00000000,903.00000000,779.00000000,816.00000000,653.00000000,824.00000000,573.00000000,539.00000000
60544,Tri-County Solar Facility,GA,1,1.40000000,1.00000000,2016.00000000,22.00000000,180.00000000,33.30811300,-83.38960100,1773.00000000,20.23972603,127.00000000,128.00000000,145.00000000,179.00000000,161.00000000,180.00000000,157.00000000,186.00000000,127.00000000,169.00000000,103.00000000,111.00000000
60547,GMP Solar - Richmond,VT,1,2.00000000,1.90000000,2016.00000000,20.00000000,180.00000000,44.42691000,-73.00848900,2861.00000000,17.18937755,36.00000000,148.00000000,175.00000000,301.00000000,373.00000000,361.00000000,408.00000000,325.00000000,333.00000000,244.00000000,123.00000000,34.00000000
60549,"ZV Solar 3, LLC",NC,1,6.90000000,5.00000000,2016.00000000,20.00000000,180.00000000,34.81618200,-79.20021800,9401.00000000,21.46347032,625.00000000,729.00000000,860.00000000,889.00000000,848.00000000,988.00000000,886.00000000,869.00000000,711.00000000,870.00000000,579.00000000,547.00000000
60553,Southerland Farm Solar,NC,1,6.80000000,5.00000000,2016.00000000,20.00000000,180.00000000,36.26561100,-78.36780600,9507.00000000,21.70547945,876.00000000,717.00000000,821.00000000,881.00000000,882.00000000,968.00000000,834.00000000,821.00000000,647.00000000,876.00000000,621.00000000,563.00000000
60575,Wadesboro Farm 2,NC,1,6.50000000,5.00000000,2016.00000000,20.00000000,180.00000000,35.02340600,-80.09319200,9835.00000000,22.45433790,894.00000000,698.00000000,816.00000000,893.00000000,890.00000000,925.00000000,955.00000000,950.00000000,715.00000000,894.00000000,627.00000000,578.00000000
60576,Wadesboro Farm 3,NC,1,6.50000000,5.00000000,2016.00000000,20.00000000,190.00000000,34.96935600,-80.05102800,9701.00000000,22.14840183,878.00000000,680.00000000,807.00000000,881.00000000,876.00000000,942.00000000,940.00000000,941.00000000,706.00000000,878.00000000,604.00000000,568.00000000
60577,Hector Farm,NC,1,6.60000000,5.00000000,2017.00000000,20.00000000,180.00000000,35.37623600,-79.90971900,9359.00000000,21.36757991,852.00000000,689.00000000,805.00000000,864.00000000,877.00000000,960.00000000,862.00000000,914.00000000,662.00000000,852.00000000,554.00000000,468.00000000
60578,Kojak Farm,NC,1,6.50000000,5.00000000,2016.00000000,20.00000000,182.00000000,35.79915000,-78.10217800,9253.00000000,21.12557078,853.00000000,690.00000000,768.00000000,824.00000000,830.00000000,931.00000000,798.00000000,865.00000000,675.00000000,854.00000000,594.00000000,571.00000000
60579,Meriwether Farm,NC,1,6.70000000,5.00000000,2016.00000000,20.00000000,183.00000000,36.28891100,-78.60458900,8547.00000000,19.51369863,639.00000000,684.00000000,791.00000000,819.00000000,850.00000000,907.00000000,785.00000000,778.00000000,610.00000000,640.00000000,547.00000000,497.00000000
60580,Soluga Farms III,NC,1,6.50000000,5.00000000,2015.00000000,20.00000000,180.00000000,35.21927200,-78.67333100,9914.00000000,22.63470320,899.00000000,697.00000000,840.00000000,875.00000000,920.00000000,1015.00000000,923.00000000,920.00000000,728.00000000,899.00000000,617.00000000,581.00000000
60585,Mount Vernon Solar,GA,1,1.30000000,1.00000000,2015.00000000,20.00000000,180.00000000,33.83880000,-83.63800000,1821.00000000,20.78767123,123.00000000,131.00000000,155.00000000,173.00000000,169.00000000,179.00000000,164.00000000,189.00000000,129.00000000,179.00000000,111.00000000,119.00000000
60586,Pleasant Valley Solar,GA,1,3.30000000,2.50000000,2016.00000000,20.00000000,180.00000000,33.73680000,-83.69710000,4492.00000000,20.51141553,312.00000000,330.00000000,381.00000000,427.00000000,403.00000000,441.00000000,422.00000000,484.00000000,302.00000000,442.00000000,256.00000000,292.00000000
60597,Wayne Solar III LLC,NC,1,6.50000000,5.00000000,2014.00000000,25.00000000,180.00000000,35.32437700,-77.87122500,4371.00000000,9.97945205,87.00000000,371.00000000,366.00000000,474.00000000,571.00000000,579.00000000,479.00000000,206.00000000,119.00000000,429.00000000,372.00000000,318.00000000
60598,Wayne Solar II LLC,NC,1,6.50000000,5.00000000,2014.00000000,25.00000000,180.00000000,35.31556000,-78.07948000,3315.00000000,7.56849315,206.00000000,388.00000000,356.00000000,470.00000000,374.00000000,499.00000000,197.00000000,97.00000000,72.00000000,272.00000000,222.00000000,162.00000000
60599,Duplin Solar I LLC (160 Houston Lane),NC,1,6.50000000,5.00000000,2014.00000000,25.00000000,191.00000000,34.96008300,-77.98038800,2496.00000000,5.69863014,88.00000000,245.00000000,309.00000000,396.00000000,299.00000000,290.00000000,124.00000000,99.00000000,76.00000000,187.00000000,215.00000000,168.00000000
60600,Old Pageland Monroe Road Solar Farm,NC,1,7.10000000,5.30000000,2015.00000000,20.00000000,180.00000000,34.95233000,-80.48191000,8769.00000000,18.88730938,593.00000000,678.00000000,767.00000000,851.00000000,830.00000000,797.00000000,854.00000000,888.00000000,607.00000000,839.00000000,592.00000000,473.00000000
60603,Jacobson 5 MW Solar,AZ,1,5.00000000,4.40000000,2017.00000000,25.00000000,180.00000000,35.30452800,-114.01183000,9605.00000000,24.91957244,600.00000000,615.00000000,830.00000000,929.00000000,945.00000000,906.00000000,885.00000000,870.00000000,861.00000000,795.00000000,718.00000000,651.00000000
60604,Wye Mills VNEM CSG,MD,1,13.70000000,10.00000000,2016.00000000,20.00000000,180.00000000,38.94037000,-76.04565800,18452.00000000,21.06392694,644.00000000,1104.00000000,1649.00000000,1771.00000000,1784.00000000,2514.00000000,2177.00000000,1989.00000000,1441.00000000,1627.00000000,1017.00000000,735.00000000
60605,CMEEC - Rogers Rd Solar,CT,1,1.50000000,1.30000000,2017.00000000,25.00000000,180.00000000,41.53832400,-72.12254400,875.00000000,7.68352652,36.00000000,99.00000000,159.00000000,6.00000000,0.00000000,0.00000000,0.00000000,79.00000000,157.00000000,152.00000000,111.00000000,76.00000000
60608,CMEEC - Navy NE Trident,CT,1,1.40000000,1.00000000,2017.00000000,20.00000000,180.00000000,41.39546000,-72.07919100,1275.00000000,14.55479452,35.00000000,86.00000000,119.00000000,120.00000000,140.00000000,158.00000000,132.00000000,135.00000000,111.00000000,110.00000000,78.00000000,51.00000000
60612,Morin Solar 2013 LLC,MA,1,5.60000000,4.00000000,2013.00000000,25.00000000,180.00000000,42.16699500,-72.19289600,4953.00000000,14.13527397,104.00000000,388.00000000,353.00000000,294.00000000,441.00000000,601.00000000,657.00000000,586.00000000,517.00000000,544.00000000,305.00000000,163.00000000
60613,Brookfield Solar 2013 LLC,MA,1,2.50000000,2.00000000,2013.00000000,25.00000000,180.00000000,42.25609000,-72.06787700,2474.00000000,14.12100457,66.00000000,58.00000000,154.00000000,245.00000000,214.00000000,214.00000000,298.00000000,239.00000000,312.00000000,239.00000000,236.00000000,199.00000000
60614,WYM 1250 Palmer LLC,MA,1,1.20000000,1.00000000,2013.00000000,25.00000000,180.00000000,42.15109200,-72.26974000,1017.00000000,11.60958904,27.00000000,61.00000000,105.00000000,69.00000000,19.00000000,57.00000000,158.00000000,148.00000000,141.00000000,90.00000000,82.00000000,60.00000000
60615,Southern Sky Renew Energy Berkley LLC,MA,1,3.60000000,3.00000000,2014.00000000,30.00000000,180.00000000,41.83777000,-71.09129600,3388.00000000,12.89193303,125.00000000,132.00000000,228.00000000,220.00000000,345.00000000,347.00000000,302.00000000,362.00000000,360.00000000,417.00000000,336.00000000,214.00000000
60621,Worcester Landfill,MA,1,8.20000000,6.50000000,2017.00000000,25.00000000,180.00000000,42.21900000,-71.79100000,8198.00000000,14.39761152,338.00000000,516.00000000,834.00000000,466.00000000,980.00000000,1120.00000000,1016.00000000,922.00000000,547.00000000,634.00000000,504.00000000,321.00000000
60625,Renew Canal 1 CSG LLC,MA,1,1.50000000,1.20000000,2017.00000000,20.00000000,180.00000000,41.76698700,-70.52117200,1878.00000000,17.86529680,71.00000000,124.00000000,152.00000000,183.00000000,196.00000000,231.00000000,203.00000000,194.00000000,172.00000000,166.00000000,111.00000000,75.00000000
60627,BRE NC Solar 3,NC,1,6.70000000,5.00000000,2021.00000000,60.00000000,180.00000000,36.38300000,-78.61200000,9996.00000000,22.82191781,482.00000000,672.00000000,919.00000000,997.00000000,1085.00000000,1204.00000000,967.00000000,937.00000000,715.00000000,964.00000000,562.00000000,492.00000000
60629,"Perkins Solar, LLC",NC,1,2.80000000,2.00000000,2016.00000000,20.00000000,180.00000000,36.43741000,-78.97198000,3804.00000000,21.71232877,225.00000000,281.00000000,337.00000000,350.00000000,370.00000000,399.00000000,377.00000000,376.00000000,279.00000000,353.00000000,242.00000000,215.00000000
60631,Empire Solar,MN,1,7.00000000,5.00000000,2016.00000000,20.00000000,180.00000000,44.66438000,-93.10880900,5738.00000000,13.10045662,252.00000000,458.00000000,662.00000000,627.00000000,572.00000000,539.00000000,666.00000000,481.00000000,523.00000000,511.00000000,295.00000000,152.00000000
60632,Blue Lake Solar,MN,1,3.90000000,3.00000000,2016.00000000,20.00000000,180.00000000,44.79642000,-93.42959300,4231.00000000,16.09969559,128.00000000,327.00000000,476.00000000,461.00000000,580.00000000,483.00000000,524.00000000,511.00000000,345.00000000,177.00000000,143.00000000,76.00000000
60633,"Gainey Solar, LLC",NC,1,2.80000000,2.00000000,2016.00000000,20.00000000,180.00000000,34.49900000,-78.65300000,3774.00000000,21.54109589,265.00000000,291.00000000,337.00000000,349.00000000,357.00000000,374.00000000,344.00000000,347.00000000,282.00000000,357.00000000,230.00000000,241.00000000
60634,"Auten Road Farm, LLC",NC,1,7.00000000,5.00000000,2017.00000000,20.00000000,180.00000000,35.30498000,-81.13735000,8610.00000000,19.65753425,582.00000000,602.00000000,783.00000000,889.00000000,809.00000000,849.00000000,830.00000000,710.00000000,549.00000000,837.00000000,566.00000000,604.00000000
60635,"Creech Solar 2, LLC",NC,1,6.80000000,5.00000000,2016.00000000,20.00000000,180.00000000,35.72196000,-78.60434000,8924.00000000,20.37442922,568.00000000,694.00000000,791.00000000,843.00000000,858.00000000,924.00000000,802.00000000,834.00000000,662.00000000,836.00000000,572.00000000,540.00000000
60636,"Bunn Level Farm, LLC",NC,1,6.50000000,5.00000000,2016.00000000,20.00000000,180.00000000,35.30863900,-78.77433100,9388.00000000,21.43378995,874.00000000,683.00000000,814.00000000,857.00000000,872.00000000,969.00000000,871.00000000,825.00000000,726.00000000,874.00000000,461.00000000,562.00000000
60640,"Solar Mule, LLC",ME,1,1.80000000,1.50000000,2017.00000000,30.00000000,180.00000000,44.55772500,-69.67136400,1987.00000000,15.12176560,65.00000000,178.00000000,125.00000000,195.00000000,229.00000000,238.00000000,248.00000000,198.00000000,193.00000000,153.00000000,97.00000000,68.00000000
60644,"West Brookfield Solar, LLC",MA,1,1.80000000,1.40000000,2016.00000000,35.00000000,180.00000000,42.22279800,-72.12952500,1866.00000000,15.21526419,49.00000000,161.00000000,177.00000000,174.00000000,157.00000000,177.00000000,165.00000000,189.00000000,175.00000000,187.00000000,161.00000000,94.00000000
60651,"North Nash Farm, LLC",NC,1,6.50000000,5.00000000,2015.00000000,20.00000000,180.00000000,36.07033600,-78.03831900,9485.00000000,21.65525114,865.00000000,664.00000000,781.00000000,862.00000000,894.00000000,995.00000000,855.00000000,882.00000000,657.00000000,866.00000000,599.00000000,565.00000000
60652,Dickinson Solar Array,MN,1,2.60000000,2.30000000,2016.00000000,30.00000000,180.00000000,45.11444000,-93.81379900,2672.00000000,13.26186222,82.00000000,201.00000000,292.00000000,288.00000000,358.00000000,298.00000000,307.00000000,244.00000000,339.00000000,160.00000000,39.00000000,64.00000000
60653,Belchertown,MA,1,1.30000000,1.00000000,2015.00000000,20.00000000,180.00000000,42.25954800,-72.40042900,1475.00000000,16.83789954,25.00000000,104.00000000,131.00000000,137.00000000,167.00000000,182.00000000,171.00000000,151.00000000,142.00000000,133.00000000,86.00000000,46.00000000
60662,Archdiocese of Baltimore J,MD,1,2.70000000,2.00000000,2015.00000000,20.00000000,180.00000000,39.44500000,-76.21700000,3261.00000000,18.61301370,103.00000000,257.00000000,297.00000000,304.00000000,314.00000000,370.00000000,364.00000000,334.00000000,270.00000000,319.00000000,178.00000000,151.00000000
60663,Archdiocese of Baltimore L,MD,1,2.70000000,2.00000000,2015.00000000,20.00000000,180.00000000,39.44500000,-76.21700000,3270.00000000,18.66438356,105.00000000,264.00000000,289.00000000,302.00000000,283.00000000,336.00000000,373.00000000,336.00000000,275.00000000,326.00000000,223.00000000,158.00000000
60664,Baltimore City B,MD,1,2.50000000,2.00000000,2015.00000000,25.00000000,180.00000000,39.43600000,-76.22000000,2017.00000000,11.51255708,18.00000000,259.00000000,286.00000000,285.00000000,264.00000000,0.00000000,49.00000000,211.00000000,174.00000000,215.00000000,149.00000000,107.00000000
60665,Baltimore City D,MD,1,2.50000000,2.00000000,2015.00000000,25.00000000,180.00000000,39.43600000,-76.22000000,3065.00000000,17.49429224,78.00000000,251.00000000,275.00000000,275.00000000,275.00000000,345.00000000,330.00000000,300.00000000,250.00000000,313.00000000,217.00000000,156.00000000
60666,Baltimore City F,MD,1,2.50000000,2.00000000,2015.00000000,25.00000000,180.00000000,39.43600000,-76.22000000,3052.00000000,17.42009132,102.00000000,252.00000000,256.00000000,277.00000000,278.00000000,337.00000000,327.00000000,299.00000000,247.00000000,307.00000000,214.00000000,156.00000000
60667,Baltimore City G,MD,1,2.50000000,2.00000000,2015.00000000,25.00000000,180.00000000,39.43600000,-76.22000000,2937.00000000,16.76369863,104.00000000,195.00000000,277.00000000,259.00000000,273.00000000,301.00000000,324.00000000,279.00000000,247.00000000,309.00000000,214.00000000,155.00000000
60668,City of Havre De Grace C,MD,1,2.70000000,2.00000000,2015.00000000,25.00000000,180.00000000,39.43600000,-76.22000000,3324.00000000,18.97260274,118.00000000,274.00000000,299.00000000,299.00000000,292.00000000,347.00000000,358.00000000,328.00000000,271.00000000,339.00000000,233.00000000,166.00000000
60669,Sod Run WTP A,MD,1,2.70000000,2.00000000,2015.00000000,25.00000000,180.00000000,39.43600000,-76.22000000,3277.00000000,18.70433790,97.00000000,263.00000000,299.00000000,302.00000000,306.00000000,352.00000000,355.00000000,311.00000000,267.00000000,334.00000000,232.00000000,159.00000000
60673,"Nixa Solar, LLC",MO,1,11.20000000,7.90000000,2017.00000000,25.00000000,180.00000000,37.04390300,-93.33896900,15089.00000000,21.80365297,744.00000000,1133.00000000,1391.00000000,1388.00000000,1422.00000000,1551.00000000,1474.00000000,1456.00000000,1280.00000000,1511.00000000,961.00000000,778.00000000
60677,Tannery Road Landfill,NY,1,2.80000000,2.00000000,2016.00000000,25.00000000,180.00000000,43.23900400,-75.53458800,1823.00000000,10.40525114,37.00000000,69.00000000,0.00000000,67.00000000,179.00000000,187.00000000,231.00000000,289.00000000,266.00000000,285.00000000,168.00000000,45.00000000
60679,Fort Rucker Solar Array,AL,1,12.70000000,10.60000000,2017.00000000,20.00000000,188.00000000,31.33114800,-85.73019000,12521.00000000,13.48431981,270.00000000,980.00000000,1087.00000000,1271.00000000,1285.00000000,1389.00000000,1252.00000000,1375.00000000,862.00000000,1139.00000000,730.00000000,881.00000000
60680,ANAD Solar Array,AL,1,9.70000000,7.40000000,2017.00000000,20.00000000,180.00000000,33.62672800,-85.96948100,12895.00000000,19.89232383,792.00000000,858.00000000,1047.00000000,1169.00000000,1299.00000000,1315.00000000,1141.00000000,1467.00000000,961.00000000,1324.00000000,811.00000000,711.00000000
60681,"Annapolis Solar Park, LLC",MD,1,18.00000000,12.00000000,2018.00000000,12.00000000,180.00000000,38.99214400,-76.57377300,21567.00000000,20.51655251,621.00000000,1604.00000000,1941.00000000,1987.00000000,2102.00000000,2439.00000000,2461.00000000,2271.00000000,1705.00000000,2120.00000000,1312.00000000,1004.00000000
60684,Amphitheater High School Solar,AZ,1,1.20000000,1.00000000,2016.00000000,12.00000000,180.00000000,32.26900000,-110.97500000,1833.00000000,20.92465753,119.00000000,135.00000000,170.00000000,192.00000000,196.00000000,168.00000000,178.00000000,163.00000000,156.00000000,136.00000000,108.00000000,112.00000000
60685,Canyon Del Oro High School Solar,AZ,2,2.70000000,1.60000000,2016.00000000,12.00000000,180.00000000,32.37400000,-110.97400000,2401.00000000,17.13042237,161.00000000,160.00000000,160.00000000,262.00000000,276.00000000,227.00000000,231.00000000,213.00000000,215.00000000,190.00000000,153.00000000,153.00000000
60686,Pierre Solar,SD,1,1.30000000,1.00000000,2016.00000000,30.00000000,180.00000000,44.38875300,-100.30704300,1985.00000000,22.65981735,107.00000000,114.00000000,171.00000000,179.00000000,200.00000000,198.00000000,222.00000000,199.00000000,214.00000000,170.00000000,121.00000000,90.00000000
60694,WakeSun LLC,MN,3,4.10000000,3.00000000,2017.00000000,30.00000000,180.00000000,45.47288900,-94.40641700,4363.00000000,16.60197869,117.00000000,364.00000000,462.00000000,474.00000000,607.00000000,539.00000000,594.00000000,435.00000000,8.00000000,413.00000000,214.00000000,136.00000000
60695,BentonSun LLC,MN,5,6.90000000,5.00000000,2016.00000000,25.00000000,180.00000000,44.76616700,-93.85794400,8507.00000000,19.42237443,267.00000000,570.00000000,864.00000000,815.00000000,1017.00000000,887.00000000,994.00000000,869.00000000,947.00000000,701.00000000,355.00000000,221.00000000
60704,Trenton Solar Farm (MO),MO,1,3.30000000,2.80000000,2015.00000000,27.00000000,180.00000000,40.11550000,-93.61220000,4591.00000000,18.71738421,102.00000000,408.00000000,411.00000000,455.00000000,476.00000000,486.00000000,482.00000000,438.00000000,427.00000000,450.00000000,249.00000000,207.00000000
60705,Rolla Solar Farm (MO),MO,1,3.20000000,2.80000000,2016.00000000,25.00000000,180.00000000,37.98530000,-91.71690000,4147.00000000,16.90720809,194.00000000,331.00000000,391.00000000,381.00000000,406.00000000,438.00000000,385.00000000,395.00000000,344.00000000,431.00000000,247.00000000,204.00000000
60706,Waynesville Solar Farm (MO),MO,1,3.20000000,2.80000000,2016.00000000,25.00000000,180.00000000,37.80410000,-92.25350000,4532.00000000,18.47684279,218.00000000,355.00000000,431.00000000,419.00000000,445.00000000,461.00000000,436.00000000,431.00000000,374.00000000,456.00000000,273.00000000,233.00000000
60707,Marshall Solar Farm (MO),MO,1,3.20000000,2.80000000,2016.00000000,25.00000000,185.00000000,39.09480000,-93.21040000,4132.00000000,16.84605349,153.00000000,274.00000000,308.00000000,373.00000000,443.00000000,463.00000000,437.00000000,419.00000000,390.00000000,442.00000000,246.00000000,184.00000000
60708,Havre de Grace II - E at Perryman,MD,1,1.50000000,1.40000000,2016.00000000,25.00000000,180.00000000,39.43600000,-76.22000000,1916.00000000,15.62296151,67.00000000,159.00000000,176.00000000,176.00000000,155.00000000,200.00000000,210.00000000,191.00000000,157.00000000,195.00000000,134.00000000,96.00000000
60709,IFF Hazlet,NJ,1,4.00000000,3.00000000,2014.00000000,10.00000000,180.00000000,40.43819000,-74.16014700,4111.00000000,15.64307458,115.00000000,251.00000000,381.00000000,411.00000000,436.00000000,486.00000000,489.00000000,444.00000000,374.00000000,362.00000000,215.00000000,147.00000000
60710,Stone Hill Solar CSG,MA,1,2.70000000,2.00000000,2014.00000000,25.00000000,180.00000000,42.05910400,-71.08915700,2782.00000000,15.87899543,98.00000000,241.00000000,267.00000000,293.00000000,291.00000000,288.00000000,264.00000000,257.00000000,231.00000000,248.00000000,193.00000000,111.00000000
60711,Chisago Community Solar,MN,4,5.20000000,4.00000000,2016.00000000,35.00000000,185.00000000,45.41335700,-92.68295700,6535.00000000,18.65011416,481.00000000,492.00000000,658.00000000,559.00000000,686.00000000,587.00000000,691.00000000,661.00000000,772.00000000,594.00000000,232.00000000,122.00000000
60712,Ursa Community Solar,MN,5,6.50000000,5.00000000,2017.00000000,35.00000000,185.00000000,44.67158100,-93.08255500,7911.00000000,18.06164384,312.00000000,588.00000000,778.00000000,685.00000000,833.00000000,736.00000000,844.00000000,828.00000000,912.00000000,763.00000000,379.00000000,253.00000000
60713,Sunrise Community Solar,MN,5,6.50000000,5.00000000,2016.00000000,35.00000000,185.00000000,45.47499400,-92.89109200,7817.00000000,17.84703196,266.00000000,639.00000000,809.00000000,700.00000000,840.00000000,771.00000000,903.00000000,804.00000000,924.00000000,727.00000000,326.00000000,108.00000000
60714,Rosemount Community Solar,MN,5,6.50000000,5.00000000,2016.00000000,35.00000000,185.00000000,44.72241000,-93.02290900,8292.00000000,18.93150685,319.00000000,626.00000000,826.00000000,725.00000000,887.00000000,782.00000000,878.00000000,880.00000000,960.00000000,767.00000000,386.00000000,256.00000000
60715,Paynesville Community Solar,MN,5,6.50000000,5.00000000,2017.00000000,35.00000000,185.00000000,45.40254300,-94.71547200,8092.00000000,18.47488584,198.00000000,571.00000000,815.00000000,768.00000000,924.00000000,792.00000000,899.00000000,804.00000000,966.00000000,762.00000000,365.00000000,228.00000000
60716,Orion Community Solar,MN,3,3.90000000,3.00000000,2017.00000000,35.00000000,185.00000000,45.58789900,-94.40143900,4832.00000000,18.38660578,177.00000000,361.00000000,452.00000000,439.00000000,540.00000000,491.00000000,558.00000000,493.00000000,573.00000000,421.00000000,198.00000000,129.00000000
60717,Northfield Community Solar,MN,5,6.50000000,5.00000000,2016.00000000,35.00000000,185.00000000,44.47543300,-93.19830800,8398.00000000,19.17351598,333.00000000,605.00000000,802.00000000,720.00000000,910.00000000,808.00000000,906.00000000,869.00000000,988.00000000,800.00000000,404.00000000,253.00000000
60727,East Orange Solar,NJ,1,5.50000000,4.50000000,2015.00000000,20.00000000,180.00000000,40.74758200,-74.33576200,5779.00000000,14.66007103,146.00000000,343.00000000,479.00000000,573.00000000,631.00000000,693.00000000,695.00000000,615.00000000,522.00000000,598.00000000,387.00000000,97.00000000
60728,Howell Solar,NJ,1,8.90000000,7.00000000,2016.00000000,20.00000000,180.00000000,40.14700900,-74.16751600,9562.00000000,15.59360731,303.00000000,584.00000000,707.00000000,919.00000000,1019.00000000,1328.00000000,1143.00000000,1067.00000000,615.00000000,965.00000000,660.00000000,252.00000000
60729,Raritan Solar,NJ,1,10.00000000,7.50000000,2016.00000000,25.00000000,180.00000000,40.46422100,-74.85787900,11801.00000000,17.96194825,331.00000000,776.00000000,1079.00000000,1104.00000000,1166.00000000,1410.00000000,1316.00000000,1170.00000000,990.00000000,1203.00000000,773.00000000,483.00000000
60730,Bridgewater Solar CSG,MA,2,4.00000000,2.30000000,2015.00000000,25.00000000,180.00000000,41.96411600,-70.97193100,3942.00000000,19.56521739,85.00000000,298.00000000,374.00000000,427.00000000,410.00000000,470.00000000,451.00000000,438.00000000,329.00000000,368.00000000,204.00000000,88.00000000
60731,Holliston Solar CSG,MA,1,1.40000000,1.00000000,2015.00000000,17.00000000,180.00000000,42.16964100,-71.46822300,1145.00000000,13.07077626,42.00000000,97.00000000,138.00000000,10.00000000,0.00000000,42.00000000,187.00000000,176.00000000,152.00000000,147.00000000,96.00000000,58.00000000
60732,Frankford Solar,NJ,1,9.80000000,8.20000000,2012.00000000,25.00000000,180.00000000,41.16656600,-74.70164500,8925.00000000,12.42482459,186.00000000,651.00000000,812.00000000,777.00000000,1011.00000000,899.00000000,883.00000000,926.00000000,973.00000000,978.00000000,569.00000000,260.00000000
60733,Brickyard Solar,NJ,1,2.00000000,1.50000000,2015.00000000,20.00000000,180.00000000,40.18942500,-74.15448300,1826.00000000,13.89649924,22.00000000,126.00000000,180.00000000,181.00000000,186.00000000,232.00000000,225.00000000,153.00000000,131.00000000,177.00000000,133.00000000,80.00000000
60734,Bordentown Solar,NJ,1,8.50000000,6.80000000,2015.00000000,19.00000000,148.00000000,40.03890000,-74.77660000,9285.00000000,15.58722804,273.00000000,788.00000000,925.00000000,845.00000000,810.00000000,1166.00000000,957.00000000,865.00000000,727.00000000,946.00000000,561.00000000,422.00000000
60736,Wilmington Solar,MA,1,2.80000000,2.00000000,2015.00000000,10.00000000,141.00000000,42.54628100,-71.17528100,2646.00000000,15.10273973,57.00000000,183.00000000,223.00000000,279.00000000,300.00000000,347.00000000,328.00000000,275.00000000,240.00000000,196.00000000,134.00000000,84.00000000
60737,Church Hill,MD,1,7.30000000,6.00000000,2016.00000000,20.00000000,180.00000000,39.10094700,-75.95968100,7308.00000000,13.90410959,295.00000000,618.00000000,662.00000000,604.00000000,634.00000000,903.00000000,862.00000000,747.00000000,548.00000000,668.00000000,433.00000000,334.00000000
60738,Fall River Solar CSG,MA,1,2.50000000,2.00000000,2013.00000000,1.00000000,43.00000000,41.75134700,-71.11453600,2490.00000000,14.21232877,72.00000000,123.00000000,233.00000000,270.00000000,318.00000000,348.00000000,308.00000000,285.00000000,194.00000000,197.00000000,95.00000000,47.00000000
60739,DSM Solar,NJ,1,6.00000000,4.50000000,2014.00000000,10.00000000,148.00000000,40.84369900,-75.06515500,5623.00000000,14.26433283,109.00000000,295.00000000,542.00000000,525.00000000,632.00000000,700.00000000,758.00000000,551.00000000,485.00000000,550.00000000,312.00000000,164.00000000
60740,Pittsgrove Solar,NJ,1,2.30000000,2.00000000,2014.00000000,23.00000000,180.00000000,39.53904200,-75.17934200,2422.00000000,13.82420091,75.00000000,172.00000000,196.00000000,183.00000000,171.00000000,215.00000000,204.00000000,306.00000000,241.00000000,302.00000000,194.00000000,163.00000000
60746,Silvi Gibraltar Rock,NJ,1,3.00000000,2.50000000,2016.00000000,15.00000000,180.00000000,40.45091600,-74.71707700,2721.00000000,12.42465753,73.00000000,180.00000000,334.00000000,343.00000000,297.00000000,318.00000000,327.00000000,199.00000000,159.00000000,188.00000000,170.00000000,133.00000000
60747,Seabrook Village,NJ,1,4.00000000,3.10000000,2016.00000000,15.00000000,180.00000000,40.23417700,-74.08722500,3875.00000000,14.26940639,115.00000000,240.00000000,306.00000000,325.00000000,389.00000000,456.00000000,519.00000000,466.00000000,253.00000000,356.00000000,258.00000000,192.00000000
60752,Gloucester Community College Solar,NJ,1,3.00000000,2.30000000,2014.00000000,15.00000000,209.00000000,39.78078900,-75.12288700,3945.00000000,19.58010721,122.00000000,279.00000000,329.00000000,408.00000000,400.00000000,493.00000000,406.00000000,356.00000000,302.00000000,373.00000000,270.00000000,207.00000000
60753,Shirley Landfill,MA,1,1.30000000,1.00000000,2017.00000000,20.00000000,180.00000000,42.54171000,-71.67636000,1462.00000000,16.68949772,27.00000000,125.00000000,140.00000000,151.00000000,158.00000000,167.00000000,157.00000000,157.00000000,142.00000000,129.00000000,66.00000000,43.00000000
60754,DDR Shoppers World,MA,1,1.70000000,1.30000000,2017.00000000,10.00000000,180.00000000,42.30074500,-71.39622800,1899.00000000,16.67544784,30.00000000,124.00000000,165.00000000,197.00000000,225.00000000,248.00000000,223.00000000,197.00000000,170.00000000,152.00000000,105.00000000,63.00000000
60755,Spartan,NJ,1,9.90000000,8.30000000,2017.00000000,25.00000000,180.00000000,40.04776900,-74.61646100,13191.00000000,18.14243274,390.00000000,985.00000000,1138.00000000,1239.00000000,1227.00000000,1509.00000000,1319.00000000,1290.00000000,1096.00000000,1350.00000000,950.00000000,698.00000000
60759,Freeze Solar,NJ,1,1.80000000,1.50000000,2013.00000000,10.00000000,211.00000000,40.37629200,-74.52784900,1990.00000000,15.14459665,56.00000000,134.00000000,191.00000000,193.00000000,187.00000000,238.00000000,215.00000000,210.00000000,159.00000000,201.00000000,124.00000000,82.00000000
60761,"Roper Farm, LLC",NC,1,6.40000000,5.00000000,2015.00000000,20.00000000,180.00000000,35.18747500,-81.44071700,9568.00000000,21.84474886,855.00000000,681.00000000,795.00000000,865.00000000,899.00000000,906.00000000,935.00000000,966.00000000,708.00000000,855.00000000,563.00000000,540.00000000
60762,Pfizer Peapack Solar,NJ,1,8.00000000,6.20000000,2016.00000000,15.00000000,180.00000000,40.71188200,-74.66343400,7291.00000000,13.42428929,221.00000000,558.00000000,713.00000000,745.00000000,825.00000000,836.00000000,515.00000000,611.00000000,652.00000000,779.00000000,495.00000000,341.00000000
60763,Holland Solar,NJ,1,3.50000000,3.00000000,2015.00000000,25.00000000,180.00000000,40.59974300,-75.10862200,3001.00000000,11.41933029,73.00000000,219.00000000,253.00000000,286.00000000,300.00000000,329.00000000,358.00000000,263.00000000,249.00000000,337.00000000,224.00000000,110.00000000
60765,L'Oreal Franklin,NJ,1,1.20000000,1.00000000,2012.00000000,5.00000000,215.00000000,40.48790600,-74.52136600,1251.00000000,14.28082192,38.00000000,65.00000000,132.00000000,119.00000000,123.00000000,134.00000000,139.00000000,154.00000000,126.00000000,116.00000000,66.00000000,39.00000000
60766,L'Oreal Monmouth,NJ,1,2.40000000,2.00000000,2013.00000000,10.00000000,219.00000000,40.40027300,-74.50468900,2563.00000000,14.62899543,65.00000000,154.00000000,229.00000000,253.00000000,275.00000000,335.00000000,305.00000000,265.00000000,226.00000000,233.00000000,147.00000000,76.00000000
60769,Lower Cape May HS,NJ,1,1.80000000,1.50000000,2012.00000000,20.00000000,180.00000000,38.97671800,-74.90651300,1928.00000000,14.67275495,86.00000000,123.00000000,163.00000000,161.00000000,169.00000000,145.00000000,175.00000000,237.00000000,191.00000000,222.00000000,144.00000000,112.00000000
60771,Timber Creek HS,NJ,1,1.40000000,1.30000000,2013.00000000,20.00000000,208.00000000,39.76017200,-75.01479100,1414.00000000,12.41657885,47.00000000,119.00000000,140.00000000,118.00000000,141.00000000,173.00000000,138.00000000,125.00000000,105.00000000,149.00000000,88.00000000,71.00000000
60775,Deerfield CSG Solar,MA,1,6.00000000,4.50000000,2017.00000000,20.00000000,21.00000000,42.56288000,-72.58918600,6332.00000000,16.06291223,114.00000000,525.00000000,532.00000000,604.00000000,747.00000000,764.00000000,798.00000000,534.00000000,615.00000000,526.00000000,371.00000000,202.00000000
60776,Community Foodbank of NJ,NJ,1,1.10000000,1.00000000,2012.00000000,5.00000000,164.00000000,40.69725900,-74.21223500,884.00000000,10.09132420,22.00000000,45.00000000,85.00000000,90.00000000,98.00000000,113.00000000,113.00000000,93.00000000,74.00000000,76.00000000,47.00000000,28.00000000
60778,"Hew Fulton Farm, LLC",NC,1,6.50000000,5.00000000,2015.00000000,20.00000000,200.00000000,34.78403900,-79.47454200,9447.00000000,21.56849315,824.00000000,669.00000000,821.00000000,869.00000000,877.00000000,978.00000000,909.00000000,869.00000000,695.00000000,824.00000000,564.00000000,548.00000000
60779,"McGoogan Farm, LLC",NC,1,6.50000000,5.00000000,2015.00000000,20.00000000,180.00000000,34.88873600,-79.06270800,9653.00000000,22.03881279,854.00000000,705.00000000,825.00000000,865.00000000,891.00000000,994.00000000,862.00000000,896.00000000,723.00000000,855.00000000,601.00000000,582.00000000
60782,"Barnhill Road Solar, LLC",NC,1,4.20000000,3.10000000,2016.00000000,20.00000000,180.00000000,36.26917500,-76.29946900,5111.00000000,18.82088673,333.00000000,361.00000000,533.00000000,618.00000000,572.00000000,578.00000000,573.00000000,427.00000000,263.00000000,341.00000000,255.00000000,257.00000000
60784,Jersey Holdings,NC,1,6.90000000,5.00000000,2017.00000000,20.00000000,180.00000000,34.56430700,-79.03748300,9002.00000000,20.55251142,649.00000000,731.00000000,872.00000000,906.00000000,883.00000000,960.00000000,792.00000000,890.00000000,632.00000000,893.00000000,412.00000000,382.00000000
60788,Suwannee Solar Facility,FL,1,14.20000000,8.80000000,2017.00000000,20.00000000,180.00000000,30.37625400,-83.17411400,16212.00000000,21.03051059,1159.00000000,1361.00000000,1535.00000000,1743.00000000,1671.00000000,1717.00000000,1561.00000000,1500.00000000,831.00000000,1272.00000000,930.00000000,932.00000000
60790,"PVN Milliken, LLC",CA,1,3.20000000,3.00000000,2017.00000000,22.00000000,180.00000000,34.03843300,-117.56580200,4763.00000000,18.12404871,337.00000000,301.00000000,422.00000000,495.00000000,455.00000000,484.00000000,486.00000000,464.00000000,360.00000000,332.00000000,320.00000000,307.00000000
60795,Eichtens Community Solar,MN,1,4.80000000,3.90000000,2016.00000000,30.00000000,180.00000000,45.38266200,-92.77253800,6218.00000000,18.20044491,180.00000000,347.00000000,632.00000000,1295.00000000,51.00000000,554.00000000,764.00000000,686.00000000,745.00000000,468.00000000,310.00000000,186.00000000
60796,Red Wing Community Solar,MN,1,6.10000000,4.90000000,2016.00000000,30.00000000,180.00000000,44.53509000,-92.51608300,7788.00000000,18.14369583,207.00000000,472.00000000,755.00000000,1537.00000000,88.00000000,660.00000000,937.00000000,869.00000000,943.00000000,774.00000000,389.00000000,157.00000000
60798,South Atlantic Services Solar Farm I,NC,1,2.10000000,1.60000000,2013.00000000,20.00000000,180.00000000,34.29018900,-77.97566800,2861.00000000,20.41238584,205.00000000,226.00000000,243.00000000,287.00000000,285.00000000,319.00000000,271.00000000,169.00000000,193.00000000,246.00000000,207.00000000,210.00000000
60799,"Iron Horse Solar 4, LLC",MA,1,5.90000000,4.50000000,2017.00000000,20.00000000,180.00000000,42.58004700,-71.26032500,6892.00000000,17.48351091,185.00000000,542.00000000,629.00000000,707.00000000,539.00000000,614.00000000,841.00000000,750.00000000,697.00000000,606.00000000,465.00000000,317.00000000
60800,Catawba Solar LLC,NC,1,2.40000000,2.00000000,2016.00000000,15.00000000,180.00000000,35.61000000,-80.53000000,2899.00000000,16.54680365,239.00000000,257.00000000,285.00000000,301.00000000,291.00000000,297.00000000,279.00000000,304.00000000,206.00000000,15.00000000,211.00000000,214.00000000
60805,Beaver Run,NJ,1,10.00000000,7.40000000,2015.00000000,20.00000000,180.00000000,41.15295500,-74.63807700,6801.00000000,10.49148464,195.00000000,374.00000000,601.00000000,783.00000000,718.00000000,344.00000000,693.00000000,731.00000000,770.00000000,813.00000000,510.00000000,269.00000000
60806,North Bergen Solar,NJ,1,2.10000000,1.60000000,2016.00000000,10.00000000,215.00000000,40.81800000,-74.01700000,2196.00000000,15.66780822,51.00000000,88.00000000,177.00000000,219.00000000,257.00000000,265.00000000,282.00000000,239.00000000,206.00000000,197.00000000,123.00000000,92.00000000
60809,"Summit Water Nexus Mt. Holly, LLC Solar",NJ,1,1.10000000,1.00000000,2013.00000000,25.00000000,180.00000000,39.98728100,-74.80180700,1251.00000000,14.28082192,45.00000000,116.00000000,133.00000000,119.00000000,114.00000000,127.00000000,110.00000000,104.00000000,104.00000000,136.00000000,92.00000000,51.00000000
60810,Sabert Solar,NJ,1,2.10000000,1.60000000,2011.00000000,1.00000000,80.00000000,40.47547700,-74.32093300,2230.00000000,15.91038813,37.00000000,65.00000000,217.00000000,154.00000000,251.00000000,270.00000000,328.00000000,281.00000000,229.00000000,189.00000000,121.00000000,88.00000000
60816,Town of Lexington Solar,MA,1,2.20000000,1.60000000,2017.00000000,10.00000000,180.00000000,42.46913500,-71.25546000,2575.00000000,18.37186073,59.00000000,193.00000000,218.00000000,252.00000000,288.00000000,319.00000000,284.00000000,271.00000000,233.00000000,211.00000000,152.00000000,95.00000000
60817,Sullivan County - Adult Care Solar,NY,1,2.50000000,2.00000000,2017.00000000,30.00000000,180.00000000,41.79660000,-74.70807700,2441.00000000,13.93264840,60.00000000,219.00000000,232.00000000,220.00000000,286.00000000,114.00000000,307.00000000,253.00000000,260.00000000,264.00000000,154.00000000,72.00000000
60818,Oswego County - Fulton Solar,NY,1,2.50000000,2.00000000,2018.00000000,30.00000000,180.00000000,43.34243700,-76.34325000,2165.00000000,12.35730594,38.00000000,161.00000000,230.00000000,234.00000000,236.00000000,303.00000000,314.00000000,283.00000000,57.00000000,166.00000000,131.00000000,12.00000000
60819,Jefferson-Lewis BOCES Solar,NY,1,2.40000000,2.00000000,2017.00000000,25.00000000,180.00000000,43.97095800,-75.96980500,2625.00000000,14.98287671,19.00000000,157.00000000,252.00000000,262.00000000,342.00000000,311.00000000,340.00000000,290.00000000,298.00000000,235.00000000,94.00000000,25.00000000
60820,Montgomery County Correctional Facility,MD,1,2.00000000,1.40000000,2017.00000000,25.00000000,250.00000000,39.23794500,-77.29321700,1973.00000000,16.08773646,62.00000000,97.00000000,211.00000000,205.00000000,203.00000000,190.00000000,200.00000000,188.00000000,175.00000000,218.00000000,135.00000000,89.00000000
60821,Weber State University - Davis Campus PV,UT,1,1.80000000,1.30000000,2017.00000000,25.00000000,180.00000000,41.09895700,-111.98216700,2696.00000000,23.67404285,94.00000000,144.00000000,184.00000000,252.00000000,288.00000000,311.00000000,320.00000000,302.00000000,280.00000000,247.00000000,157.00000000,117.00000000
60824,Valley Sanitary District WTP Solar,CA,1,1.10000000,1.00000000,2016.00000000,20.00000000,180.00000000,33.70866100,-116.19888500,1387.00000000,15.83333333,108.00000000,108.00000000,149.00000000,146.00000000,75.00000000,93.00000000,124.00000000,82.00000000,148.00000000,146.00000000,119.00000000,89.00000000
60830,Webster Holdco Solar CSG,MN,1,6.70000000,5.00000000,2017.00000000,30.00000000,180.00000000,44.52970300,-93.41062200,7376.00000000,16.84018265,252.00000000,318.00000000,485.00000000,739.00000000,921.00000000,793.00000000,891.00000000,839.00000000,915.00000000,720.00000000,327.00000000,176.00000000
60832,Farmington Holdco Solar,MN,1,6.20000000,5.00000000,2017.00000000,30.00000000,180.00000000,44.62311700,-93.13400200,7971.00000000,18.19863014,301.00000000,554.00000000,787.00000000,724.00000000,890.00000000,781.00000000,888.00000000,853.00000000,897.00000000,730.00000000,356.00000000,210.00000000
60833,Dodge Holdco Solar CSG,MN,1,6.10000000,5.00000000,2017.00000000,30.00000000,180.00000000,44.02237400,-92.75697200,7559.00000000,17.25799087,211.00000000,584.00000000,742.00000000,670.00000000,833.00000000,736.00000000,842.00000000,847.00000000,873.00000000,724.00000000,312.00000000,185.00000000
60834,Hwy 14 Holdco Solar CSG,MN,1,6.70000000,5.00000000,2017.00000000,30.00000000,180.00000000,44.02184800,-92.59219200,7896.00000000,18.02739726,277.00000000,678.00000000,662.00000000,577.00000000,742.00000000,661.00000000,938.00000000,948.00000000,981.00000000,828.00000000,371.00000000,233.00000000
60835,Pine Island Solar CSG,MN,1,4.80000000,3.90000000,2017.00000000,30.00000000,180.00000000,44.22012200,-92.65432400,5933.00000000,17.36623346,201.00000000,443.00000000,497.00000000,537.00000000,669.00000000,589.00000000,684.00000000,675.00000000,631.00000000,574.00000000,268.00000000,165.00000000
60836,Big Lake Holdco Solar CSG,MN,1,6.90000000,5.00000000,2017.00000000,25.00000000,180.00000000,45.33457500,-93.77557700,8326.00000000,19.00913242,258.00000000,562.00000000,827.00000000,803.00000000,1002.00000000,756.00000000,972.00000000,851.00000000,973.00000000,739.00000000,378.00000000,205.00000000
60837,Forest Lake Solar CSG,MN,1,6.50000000,5.00000000,2017.00000000,30.00000000,180.00000000,45.25348800,-92.89397000,6951.00000000,15.86986301,237.00000000,569.00000000,791.00000000,739.00000000,725.00000000,742.00000000,742.00000000,670.00000000,744.00000000,578.00000000,256.00000000,158.00000000
60838,Wabasha Holdco Solar CSG,MN,1,4.10000000,3.00000000,2017.00000000,25.00000000,180.00000000,44.36714000,-92.01928000,2027.00000000,7.71308980,56.00000000,143.00000000,190.00000000,179.00000000,233.00000000,222.00000000,263.00000000,242.00000000,230.00000000,161.00000000,64.00000000,44.00000000
60839,"Goya Foods, Inc- Jersey City Solar",NJ,1,3.50000000,2.50000000,2015.00000000,10.00000000,157.00000000,40.76006900,-74.06539400,3619.00000000,16.52511416,98.00000000,167.00000000,301.00000000,354.00000000,477.00000000,460.00000000,427.00000000,375.00000000,313.00000000,314.00000000,216.00000000,117.00000000
60840,"Goya Foods, Inc- Secaucus Solar",NJ,1,2.10000000,1.60000000,2016.00000000,5.00000000,166.00000000,40.77312000,-74.07739700,2143.00000000,15.28966895,59.00000000,119.00000000,199.00000000,222.00000000,255.00000000,292.00000000,192.00000000,216.00000000,195.00000000,193.00000000,113.00000000,88.00000000
60841,Prudential 55 Livingston Roseland Solar,NJ,1,1.60000000,1.20000000,2013.00000000,10.00000000,205.00000000,40.81458600,-74.29709800,1000.00000000,9.51293760,26.00000000,83.00000000,138.00000000,117.00000000,137.00000000,184.00000000,195.00000000,60.00000000,60.00000000,0.00000000,0.00000000,0.00000000
60842,Prudential 80 Livingston Roseland Solar,NJ,1,2.30000000,1.70000000,2013.00000000,10.00000000,202.00000000,40.81536300,-74.30498900,2630.00000000,17.66048885,67.00000000,153.00000000,272.00000000,369.00000000,290.00000000,332.00000000,292.00000000,237.00000000,206.00000000,209.00000000,128.00000000,75.00000000
60843,River Terminal Development Solar,NJ,6,3.26000000,2.90000000,2020.00000000,8.00613497,202.00000000,40.72780000,-74.11420000,3416.00000000,13.44670131,93.00000000,180.00000000,274.00000000,320.00000000,336.00000000,472.00000000,408.00000000,354.00000000,373.00000000,244.00000000,206.00000000,156.00000000
60844,Genentech Vacaville Meter #1,CA,2,9.00000000,6.10000000,2017.00000000,25.00000000,180.00000000,38.39075600,-121.94777000,11049.00000000,20.67707164,400.00000000,555.00000000,779.00000000,926.00000000,1262.00000000,1175.00000000,1386.00000000,1350.00000000,1208.00000000,976.00000000,590.00000000,442.00000000
60846,US GSA - Sacramento,CA,1,1.60000000,1.10000000,2018.00000000,7.00000000,180.00000000,38.60135400,-121.39792900,1957.00000000,20.30925695,82.00000000,109.00000000,159.00000000,195.00000000,252.00000000,240.00000000,215.00000000,205.00000000,186.00000000,147.00000000,99.00000000,68.00000000
60847,Garrett County - DPU Treatment Plant,MD,1,1.70000000,1.20000000,2017.00000000,20.00000000,180.00000000,39.50518700,-79.39299100,1713.00000000,16.29566210,22.00000000,115.00000000,169.00000000,131.00000000,188.00000000,219.00000000,223.00000000,212.00000000,176.00000000,148.00000000,73.00000000,37.00000000
60849,Emmitsburg Solar Arrays,MD,1,2.40000000,1.70000000,2014.00000000,25.00000000,172.00000000,39.69373000,-77.31442700,2545.00000000,17.08971260,105.00000000,228.00000000,263.00000000,246.00000000,249.00000000,264.00000000,207.00000000,226.00000000,188.00000000,255.00000000,184.00000000,130.00000000
60851,Curtis Hill Solar CSG,MA,1,2.90000000,2.00000000,2016.00000000,25.00000000,25.00000000,42.17500000,-71.98600000,2822.00000000,16.10730594,79.00000000,222.00000000,279.00000000,132.00000000,271.00000000,331.00000000,306.00000000,303.00000000,283.00000000,286.00000000,204.00000000,126.00000000
60852,Depot Hill Solar CSG,MA,1,2.90000000,2.00000000,2016.00000000,25.00000000,180.00000000,42.15300000,-71.98800000,3135.00000000,17.89383562,89.00000000,199.00000000,261.00000000,274.00000000,330.00000000,385.00000000,281.00000000,330.00000000,300.00000000,303.00000000,234.00000000,149.00000000
60853,SR Houston,MS,1,3.90000000,3.10000000,2016.00000000,15.00000000,180.00000000,33.92666600,-88.99756300,2286.00000000,8.41802916,185.00000000,231.00000000,208.00000000,161.00000000,232.00000000,247.00000000,242.00000000,306.00000000,133.00000000,139.00000000,109.00000000,93.00000000
60854,Bird Machine Solar Farm,MA,1,4.60000000,3.50000000,2017.00000000,25.00000000,180.00000000,42.10956400,-71.26674300,5908.00000000,19.26940639,174.00000000,450.00000000,496.00000000,528.00000000,624.00000000,692.00000000,642.00000000,604.00000000,504.00000000,515.00000000,436.00000000,243.00000000
60855,Iron Horse Solar I CSG,MA,1,3.70000000,2.90000000,2016.00000000,20.00000000,180.00000000,42.58285500,-71.24638900,4260.00000000,16.76901275,104.00000000,324.00000000,377.00000000,431.00000000,416.00000000,509.00000000,514.00000000,446.00000000,416.00000000,282.00000000,266.00000000,175.00000000
60857,NES Rutgers Solar,NJ,1,1.40000000,1.00000000,2012.00000000,10.00000000,212.00000000,40.07087900,-74.16115300,1064.00000000,12.14611872,16.00000000,40.00000000,50.00000000,60.00000000,113.00000000,164.00000000,145.00000000,137.00000000,102.00000000,111.00000000,71.00000000,55.00000000
60858,126 Grove Solar LLC,MA,1,2.20000000,2.00000000,2012.00000000,5.00000000,183.00000000,42.07611900,-71.42270700,1608.00000000,9.17808219,47.00000000,124.00000000,153.00000000,164.00000000,185.00000000,180.00000000,142.00000000,133.00000000,138.00000000,148.00000000,131.00000000,63.00000000
60860,VEC Alburgh Array,VT,1,1.20000000,1.00000000,2016.00000000,25.00000000,180.00000000,44.96234000,-73.27414600,1422.00000000,16.23287671,30.00000000,89.00000000,121.00000000,136.00000000,172.00000000,160.00000000,182.00000000,146.00000000,155.00000000,129.00000000,65.00000000,37.00000000
60861,Dept of General Services -FTB,CA,1,3.40000000,2.70000000,2017.00000000,12.00000000,180.00000000,38.56500000,-121.34300000,5082.00000000,21.48655505,166.00000000,284.00000000,400.00000000,515.00000000,593.00000000,599.00000000,590.00000000,573.00000000,503.00000000,405.00000000,265.00000000,189.00000000
60864,"Kokomo Solar 1, LLC",IN,1,7.00000000,5.40000000,2016.00000000,30.00000000,180.00000000,40.47300000,-86.14600000,6422.00000000,13.57601894,6.00000000,363.00000000,514.00000000,373.00000000,815.00000000,838.00000000,533.00000000,676.00000000,841.00000000,663.00000000,451.00000000,349.00000000
60866,"Bashaw Solar CSG 1, LLC",MA,1,2.40000000,2.00000000,2017.00000000,20.00000000,180.00000000,42.78932700,-70.88003200,3196.00000000,18.24200913,77.00000000,288.00000000,254.00000000,300.00000000,344.00000000,371.00000000,404.00000000,325.00000000,292.00000000,246.00000000,192.00000000,103.00000000
60867,Kearsarge Southwick LLC,MA,1,4.90000000,3.30000000,2015.00000000,35.00000000,180.00000000,42.01627000,-72.77523900,4496.00000000,15.55278816,179.00000000,433.00000000,416.00000000,395.00000000,419.00000000,399.00000000,361.00000000,355.00000000,340.00000000,532.00000000,370.00000000,297.00000000
60874,GMP Solar - Hartford,VT,1,7.00000000,5.00000000,2016.00000000,21.00000000,180.00000000,43.63207400,-72.41856600,7701.00000000,17.58219178,127.00000000,613.00000000,560.00000000,729.00000000,882.00000000,912.00000000,988.00000000,820.00000000,809.00000000,709.00000000,424.00000000,128.00000000
60875,GMP Solar - Williston,VT,1,6.80000000,4.70000000,2016.00000000,20.00000000,180.00000000,44.46548500,-73.10324100,6891.00000000,16.73710289,91.00000000,375.00000000,466.00000000,700.00000000,885.00000000,854.00000000,910.00000000,749.00000000,800.00000000,626.00000000,305.00000000,130.00000000
60876,Eastern Iowa Solar,IA,1,2.30000000,1.80000000,2016.00000000,30.00000000,180.00000000,41.59695900,-91.03629500,2899.00000000,18.38533739,67.00000000,232.00000000,242.00000000,282.00000000,325.00000000,311.00000000,292.00000000,319.00000000,284.00000000,282.00000000,142.00000000,121.00000000
60877,GMP Solar - Williamstown,VT,1,7.00000000,5.00000000,2016.00000000,21.00000000,180.00000000,44.13605100,-72.51050900,7417.00000000,16.93378995,104.00000000,513.00000000,545.00000000,740.00000000,880.00000000,885.00000000,1003.00000000,808.00000000,840.00000000,636.00000000,377.00000000,86.00000000
60879,Nexamp Peak CSG,MA,1,2.30000000,2.00000000,2015.00000000,22.00000000,202.00000000,42.56209100,-73.28706500,2281.00000000,13.01940639,29.00000000,156.00000000,182.00000000,211.00000000,238.00000000,274.00000000,313.00000000,255.00000000,259.00000000,210.00000000,127.00000000,27.00000000
60880,Stafford MS Ground Mount Community Solar,CT,2,2.60000000,2.00000000,2016.00000000,20.00000000,180.00000000,41.96400000,-72.30900000,3127.00000000,17.84817352,76.00000000,240.00000000,279.00000000,284.00000000,335.00000000,369.00000000,325.00000000,283.00000000,287.00000000,289.00000000,221.00000000,139.00000000
60881,Bernhardt Furniture Solar Farm,NC,1,1.40000000,1.10000000,2015.00000000,10.00000000,193.30000000,35.84995000,-81.54086100,1539.00000000,15.97135741,97.00000000,81.00000000,132.00000000,163.00000000,150.00000000,174.00000000,161.00000000,145.00000000,150.00000000,86.00000000,106.00000000,94.00000000
60882,Carl Friedrich Gauss Solar,NC,1,7.00000000,5.00000000,2018.00000000,25.00000000,180.00000000,36.34584200,-77.63347700,5676.00000000,12.95890411,515.00000000,697.00000000,806.00000000,700.00000000,477.00000000,558.00000000,292.00000000,304.00000000,359.00000000,535.00000000,259.00000000,174.00000000
60908,Northampton Landfill Solar PV,MA,1,3.20000000,2.40000000,2017.00000000,20.00000000,180.00000000,42.29371700,-72.71401100,3772.00000000,17.94140030,76.00000000,300.00000000,300.00000000,341.00000000,421.00000000,443.00000000,440.00000000,376.00000000,366.00000000,334.00000000,229.00000000,146.00000000
60909,Hartford Landfill Solar EGF,CT,1,1.20000000,1.00000000,2014.00000000,30.00000000,180.00000000,41.79150000,-72.65090000,1187.00000000,13.55022831,42.00000000,120.00000000,136.00000000,135.00000000,153.00000000,159.00000000,145.00000000,79.00000000,7.00000000,71.00000000,61.00000000,79.00000000
60914,Westmont 300B,CA,1,3.30000000,3.00000000,2016.00000000,30.00000000,190.00000000,33.76606700,-118.28473300,5124.00000000,19.49771689,314.00000000,305.00000000,490.00000000,534.00000000,527.00000000,536.00000000,552.00000000,509.00000000,431.00000000,380.00000000,304.00000000,242.00000000
60919,Shakopee Met Council WTP,MN,1,1.60000000,1.30000000,2016.00000000,25.00000000,180.00000000,44.79661100,-93.43697100,1927.00000000,16.92132069,68.00000000,131.00000000,195.00000000,188.00000000,233.00000000,161.00000000,218.00000000,202.00000000,225.00000000,174.00000000,85.00000000,47.00000000
60920,Viper Solar,NC,1,2.60000000,2.00000000,2017.00000000,20.00000000,180.00000000,34.93488600,-78.96215900,3928.00000000,22.42009132,277.00000000,304.00000000,355.00000000,370.00000000,377.00000000,413.00000000,381.00000000,356.00000000,275.00000000,339.00000000,244.00000000,237.00000000
60921,Scarlet Solar,NC,1,2.80000000,2.00000000,2017.00000000,20.00000000,180.00000000,35.28780300,-77.79506100,3699.00000000,21.11301370,269.00000000,299.00000000,340.00000000,373.00000000,384.00000000,401.00000000,351.00000000,303.00000000,113.00000000,350.00000000,258.00000000,258.00000000
60922,Ruskin Solar,NC,1,2.80000000,2.00000000,2017.00000000,20.00000000,180.00000000,35.27400000,-78.02200000,3927.00000000,22.41438356,269.00000000,283.00000000,307.00000000,362.00000000,398.00000000,406.00000000,354.00000000,359.00000000,298.00000000,366.00000000,260.00000000,265.00000000
60929,"Red Oak Solar Farm, LLC",NC,1,6.90000000,5.00000000,2016.00000000,20.00000000,180.00000000,35.99301500,-77.93351800,8577.00000000,19.58219178,619.00000000,740.00000000,841.00000000,905.00000000,939.00000000,1032.00000000,893.00000000,127.00000000,357.00000000,909.00000000,629.00000000,586.00000000
60935,GRE Marshan Solar,MN,1,1.20000000,1.00000000,2017.00000000,25.00000000,180.00000000,44.69220000,-92.81690000,1526.00000000,17.42009132,54.00000000,102.00000000,150.00000000,141.00000000,176.00000000,155.00000000,176.00000000,167.00000000,173.00000000,133.00000000,63.00000000,36.00000000
60936,New Auburn DPC Solar,WI,1,3.70000000,2.50000000,2018.00000000,25.00000000,180.00000000,45.21000000,-91.43530000,4609.00000000,21.04566210,73.00000000,374.00000000,462.00000000,413.00000000,555.00000000,513.00000000,597.00000000,498.00000000,548.00000000,336.00000000,148.00000000,92.00000000
60937,Antlia Community Solar,MN,2,2.60000000,2.00000000,2017.00000000,35.00000000,185.00000000,43.90652400,-96.13823500,3453.00000000,19.70890411,180.00000000,251.00000000,314.00000000,314.00000000,361.00000000,322.00000000,368.00000000,329.00000000,388.00000000,314.00000000,177.00000000,135.00000000
60938,Aries Community Solar,MN,4,5.20000000,4.00000000,2017.00000000,35.00000000,185.00000000,44.04492400,-92.98856900,6782.00000000,19.35502283,248.00000000,564.00000000,662.00000000,575.00000000,697.00000000,630.00000000,693.00000000,730.00000000,768.00000000,664.00000000,324.00000000,227.00000000
60939,Centaurus Community Solar,MN,2,2.60000000,2.00000000,2017.00000000,35.00000000,185.00000000,44.94905300,-95.51125700,3280.00000000,18.72146119,136.00000000,221.00000000,269.00000000,306.00000000,364.00000000,330.00000000,367.00000000,326.00000000,400.00000000,295.00000000,152.00000000,114.00000000
60940,Gemini Community Solar,MN,3,3.90000000,3.00000000,2017.00000000,35.00000000,185.00000000,45.30029400,-92.80436100,4756.00000000,18.09741248,163.00000000,366.00000000,496.00000000,421.00000000,516.00000000,462.00000000,539.00000000,480.00000000,571.00000000,441.00000000,196.00000000,105.00000000
60941,Mapleton Community Solar,MN,3,3.90000000,3.00000000,2017.00000000,35.00000000,185.00000000,43.92885100,-93.95606400,4985.00000000,18.96879756,201.00000000,363.00000000,491.00000000,458.00000000,531.00000000,485.00000000,520.00000000,477.00000000,569.00000000,481.00000000,251.00000000,158.00000000
60942,Morgan Community Solar,MN,3,3.90000000,3.00000000,2017.00000000,35.00000000,185.00000000,44.41318600,-94.90761900,5048.00000000,19.20852359,234.00000000,337.00000000,462.00000000,455.00000000,548.00000000,493.00000000,548.00000000,489.00000000,583.00000000,475.00000000,256.00000000,168.00000000
60943,Spica Community Solar,MN,2,2.60000000,2.00000000,2017.00000000,35.00000000,185.00000000,44.93614600,-94.85409700,3246.00000000,18.52739726,112.00000000,204.00000000,314.00000000,303.00000000,364.00000000,323.00000000,393.00000000,291.00000000,378.00000000,298.00000000,158.00000000,108.00000000
60944,Vega Community Solar,MN,5,6.50000000,5.00000000,2017.00000000,35.00000000,185.00000000,45.38281300,-95.20374100,8241.00000000,18.81506849,254.00000000,560.00000000,789.00000000,780.00000000,904.00000000,856.00000000,946.00000000,829.00000000,1010.00000000,738.00000000,344.00000000,231.00000000
60945,"Spartan PV 1, LLC",MI,1,13.50000000,10.50000000,2017.00000000,7.00000000,180.00000000,42.71510000,-84.48240000,11977.00000000,13.02130898,95.00000000,820.00000000,850.00000000,1474.00000000,1861.00000000,1720.00000000,1693.00000000,1117.00000000,815.00000000,950.00000000,400.00000000,182.00000000
60951,West Dubuque Solar,IA,1,5.00000000,3.80000000,2017.00000000,25.00000000,177.00000000,42.49175400,-90.79225000,6471.00000000,19.43943764,499.00000000,530.00000000,557.00000000,559.00000000,667.00000000,636.00000000,666.00000000,663.00000000,639.00000000,588.00000000,250.00000000,217.00000000
60953,Owens Valley Solar Project 11,CA,1,1.10000000,1.00000000,2016.00000000,30.00000000,190.00000000,36.27514400,-118.01215100,2977.00000000,33.98401826,197.00000000,201.00000000,254.00000000,288.00000000,298.00000000,261.00000000,291.00000000,294.00000000,271.00000000,222.00000000,211.00000000,189.00000000
60954,VEC Magee Hill Solar,VT,1,1.70000000,1.30000000,2017.00000000,25.00000000,180.00000000,44.36820000,-73.06080000,1661.00000000,14.58552863,20.00000000,91.00000000,110.00000000,155.00000000,194.00000000,197.00000000,249.00000000,193.00000000,206.00000000,152.00000000,75.00000000,19.00000000
60958,Nesvold Watertown Solar,MN,5,7.00000000,5.00000000,2018.00000000,19.00000000,180.00000000,44.93709800,-93.82867200,8789.00000000,20.06621005,282.00000000,578.00000000,842.00000000,818.00000000,984.00000000,909.00000000,1035.00000000,944.00000000,990.00000000,768.00000000,398.00000000,241.00000000
60961,Violet Solar,NC,1,7.70000000,5.00000000,2018.00000000,20.00000000,180.00000000,35.40109100,-80.41850000,8012.00000000,18.29223744,251.00000000,236.00000000,429.00000000,765.00000000,875.00000000,954.00000000,834.00000000,814.00000000,676.00000000,969.00000000,630.00000000,579.00000000
60965,"Cotten Farm, LLC",NC,1,6.80000000,5.00000000,2016.00000000,20.00000000,180.00000000,35.52848900,-79.19848100,8979.00000000,20.50000000,640.00000000,733.00000000,828.00000000,882.00000000,869.00000000,825.00000000,774.00000000,773.00000000,688.00000000,894.00000000,544.00000000,529.00000000
60966,Lind Solar CSG,MN,1,6.10000000,4.90000000,2017.00000000,30.00000000,180.00000000,44.80235500,-93.90871900,7632.00000000,17.78026279,243.00000000,410.00000000,704.00000000,1534.00000000,176.00000000,645.00000000,941.00000000,797.00000000,934.00000000,681.00000000,374.00000000,193.00000000
60967,Onyx - Lamphear Road CSG,NY,1,2.80000000,2.00000000,2016.00000000,20.00000000,180.00000000,43.18413000,-75.47672400,2717.00000000,15.50799087,40.00000000,169.00000000,215.00000000,230.00000000,364.00000000,298.00000000,358.00000000,305.00000000,305.00000000,239.00000000,152.00000000,42.00000000
60971,Michael Solar,MN,4,5.60000000,4.00000000,2017.00000000,25.00000000,180.00000000,45.66747200,-94.70833400,7110.00000000,20.29109589,191.00000000,465.00000000,669.00000000,679.00000000,794.00000000,761.00000000,875.00000000,738.00000000,839.00000000,609.00000000,293.00000000,197.00000000
60978,CSUF State College,CA,1,1.10000000,1.00000000,2016.00000000,10.00000000,180.00000000,33.87912000,-117.88870000,1580.00000000,18.03652968,91.00000000,92.00000000,146.00000000,168.00000000,160.00000000,174.00000000,182.00000000,165.00000000,130.00000000,117.00000000,92.00000000,63.00000000
60979,CSUF Nutwood Solar,CA,1,2.20000000,1.90000000,2016.00000000,10.00000000,180.00000000,33.87912000,-117.88870000,3059.00000000,18.37899543,166.00000000,173.00000000,282.00000000,328.00000000,312.00000000,336.00000000,352.00000000,322.00000000,251.00000000,225.00000000,182.00000000,130.00000000
60980,ZV Solar 1,NC,1,7.00000000,5.00000000,2016.00000000,20.00000000,180.00000000,34.81319000,-79.20143000,9106.00000000,20.78995434,648.00000000,727.00000000,848.00000000,884.00000000,889.00000000,964.00000000,868.00000000,848.00000000,709.00000000,868.00000000,482.00000000,371.00000000
60982,Atkinson Farm Solar,NC,1,6.50000000,5.00000000,2015.00000000,20.00000000,180.00000000,34.89695300,-77.79516900,9509.00000000,21.71004566,837.00000000,706.00000000,802.00000000,879.00000000,925.00000000,964.00000000,862.00000000,837.00000000,703.00000000,837.00000000,578.00000000,579.00000000
60984,Lindberg Field Solar 2,CA,1,2.20000000,1.90000000,2017.00000000,7.50000000,207.00000000,32.72944400,-117.20508300,1685.00000000,10.12376832,105.00000000,110.00000000,157.00000000,173.00000000,162.00000000,161.00000000,175.00000000,179.00000000,140.00000000,124.00000000,108.00000000,91.00000000
60985,Elizabethtown Solar,PA,1,2.60000000,2.00000000,2016.00000000,30.00000000,180.00000000,40.15269300,-76.58140100,2464.00000000,14.06392694,86.00000000,229.00000000,268.00000000,270.00000000,270.00000000,314.00000000,291.00000000,254.00000000,201.00000000,0.00000000,162.00000000,119.00000000
60990,"Florence Solar W3-080, LLC",NJ,1,9.90000000,7.90000000,2016.00000000,15.00000000,180.00000000,40.09561100,-74.78761100,8932.00000000,12.90676839,264.00000000,732.00000000,866.00000000,895.00000000,893.00000000,891.00000000,728.00000000,770.00000000,733.00000000,876.00000000,781.00000000,503.00000000
60993,"Darlington Solar, LLC",SC,1,14.00000000,10.00000000,2016.00000000,20.00000000,180.00000000,34.32000000,-79.91700000,19254.00000000,21.97945205,1332.00000000,1435.00000000,1684.00000000,1860.00000000,1642.00000000,1871.00000000,1842.00000000,1804.00000000,1452.00000000,1861.00000000,1223.00000000,1248.00000000
60994,French's Landfill PV,NJ,1,6.10000000,5.10000000,2014.00000000,8.70000000,180.00000000,40.10967700,-74.13019800,5315.00000000,11.89676784,120.00000000,206.00000000,457.00000000,528.00000000,624.00000000,717.00000000,630.00000000,585.00000000,384.00000000,476.00000000,348.00000000,240.00000000
60995,Ramona Solar Energy,CA,1,4.90000000,4.30000000,2017.00000000,20.00000000,180.00000000,33.01848600,-116.86071300,5028.00000000,13.34820006,222.00000000,241.00000000,293.00000000,785.00000000,841.00000000,864.00000000,384.00000000,256.00000000,371.00000000,318.00000000,268.00000000,185.00000000
60997,Everett PV1,NC,1,13.00000000,10.00000000,2019.00000000,20.00000000,190.00000000,35.82113700,-77.30957000,23651.00000000,26.99885845,1289.00000000,1511.00000000,1696.00000000,1829.00000000,1808.00000000,2014.00000000,3228.00000000,4284.00000000,1471.00000000,1889.00000000,1355.00000000,1277.00000000
60998,Underwood PV2,NC,1,20.00000000,16.00000000,2020.00000000,20.00000000,190.00000000,36.41935300,-77.04953700,30015.00000000,21.41481164,1780.00000000,2316.00000000,2606.00000000,2833.00000000,2800.00000000,3197.00000000,2802.00000000,2918.00000000,2206.00000000,2419.00000000,2127.00000000,2011.00000000
61003,Musgrave East Solar Farm,NY,1,2.80000000,2.00000000,2016.00000000,17.00000000,180.00000000,42.73149600,-76.66366500,2780.52000000,15.87054795,62.00000000,195.00000000,240.00000000,278.00000000,341.00000000,245.52000000,298.00000000,302.00000000,284.00000000,296.00000000,154.00000000,85.00000000
61007,Redbrook Community Solar 1,MA,1,5.60000000,4.00000000,2017.00000000,20.00000000,180.00000000,41.82911700,-70.61483900,3599.00000000,10.27111872,157.00000000,239.00000000,281.00000000,339.00000000,368.00000000,402.00000000,378.00000000,363.00000000,306.00000000,352.00000000,243.00000000,171.00000000
61008,Brook Street Solar 1 CSG,MA,1,6.50000000,5.00000000,2017.00000000,20.00000000,180.00000000,41.95589700,-70.78612500,3414.00000000,7.79452055,133.00000000,234.00000000,269.00000000,317.00000000,359.00000000,397.00000000,357.00000000,352.00000000,305.00000000,294.00000000,222.00000000,175.00000000
61009,Spring Street Solar 1 CSG,MA,1,2.50000000,2.00000000,2017.00000000,20.00000000,180.00000000,41.94252200,-70.76640300,3238.00000000,18.48173516,122.00000000,215.00000000,259.00000000,292.00000000,333.00000000,379.00000000,346.00000000,338.00000000,291.00000000,285.00000000,213.00000000,165.00000000
61010,Bullock Road Solar 1,MA,1,2.90000000,1.90000000,2018.00000000,25.00000000,180.00000000,41.72893600,-70.99045300,3500.00000000,21.02859889,147.00000000,256.00000000,179.00000000,319.00000000,416.00000000,427.00000000,377.00000000,396.00000000,172.00000000,351.00000000,269.00000000,191.00000000
61013,Marin Clean Energy Solar One,CA,1,13.00000000,10.50000000,2017.00000000,15.00000000,180.00000000,37.94529600,-122.37720200,21279.00000000,23.13437704,861.00000000,1072.00000000,1526.00000000,1945.00000000,2247.00000000,2482.00000000,2690.00000000,2669.00000000,2236.00000000,1714.00000000,1046.00000000,791.00000000
61015,Musgrave West Solar Farm,NY,1,2.80000000,2.00000000,2016.00000000,17.00000000,180.00000000,42.73149600,-76.66366500,2889.00000000,16.48972603,61.00000000,136.00000000,246.00000000,273.00000000,365.00000000,330.00000000,392.00000000,325.00000000,311.00000000,296.00000000,87.00000000,67.00000000
61016,Stafford St Solar 1 CSG,MA,1,6.90000000,2.00000000,2017.00000000,25.00000000,180.00000000,42.22404400,-71.87065000,3565.00000000,20.34817352,90.00000000,255.00000000,350.00000000,317.00000000,361.00000000,399.00000000,378.00000000,356.00000000,317.00000000,328.00000000,258.00000000,156.00000000
61017,Stafford St 2 Community Solar,MA,1,2.80000000,1.90000000,2018.00000000,25.00000000,180.00000000,42.22404400,-71.87065000,3607.00000000,21.67147320,94.00000000,271.00000000,261.00000000,326.00000000,367.00000000,404.00000000,386.00000000,363.00000000,355.00000000,341.00000000,270.00000000,169.00000000
61018,Stafford St Solar 3 CSG,MA,1,6.90000000,1.00000000,2017.00000000,25.00000000,180.00000000,42.22404400,-71.87065000,1746.00000000,19.93150685,45.00000000,131.00000000,132.00000000,162.00000000,180.00000000,202.00000000,189.00000000,178.00000000,159.00000000,162.00000000,128.00000000,78.00000000
61019,"Siler 421 Farm, LLC",NC,1,6.90000000,5.00000000,2016.00000000,20.00000000,180.00000000,35.74737200,-79.44967500,9577.00000000,21.86529680,628.00000000,740.00000000,851.00000000,906.00000000,937.00000000,1014.00000000,914.00000000,958.00000000,680.00000000,825.00000000,583.00000000,541.00000000
61030,Harford Solar Farm,NY,1,2.80000000,2.00000000,2016.00000000,20.00000000,180.00000000,42.44800000,-76.24500000,2845.00000000,16.23858447,41.00000000,190.00000000,219.00000000,267.00000000,376.00000000,329.00000000,328.00000000,300.00000000,307.00000000,291.00000000,154.00000000,43.00000000
61042,Canandaigua Westbrook Solar Array,NY,1,1.60000000,1.30000000,2017.00000000,25.00000000,180.00000000,42.86908600,-77.28446000,1829.00000000,16.06076572,27.00000000,130.00000000,160.00000000,156.00000000,216.00000000,209.00000000,231.00000000,201.00000000,184.00000000,171.00000000,97.00000000,47.00000000
61043,Canandaigua Solar Array,NY,1,2.50000000,2.00000000,2016.00000000,30.00000000,180.00000000,42.86887000,-77.28456100,2391.00000000,13.64726027,38.00000000,169.00000000,218.00000000,214.00000000,291.00000000,274.00000000,260.00000000,258.00000000,240.00000000,235.00000000,132.00000000,62.00000000
61055,DG AMP Solar Front Royal,VA,1,3.50000000,2.50000000,2017.00000000,25.00000000,180.00000000,38.92900000,-78.18000000,3950.00000000,18.03652968,165.00000000,313.00000000,384.00000000,388.00000000,383.00000000,450.00000000,287.00000000,398.00000000,332.00000000,393.00000000,253.00000000,204.00000000
61058,Kramer Solar CSG,MN,3,4.50000000,3.00000000,2017.00000000,30.00000000,180.00000000,44.74699400,-94.70573500,5578.00000000,21.22526636,225.00000000,358.00000000,519.00000000,511.00000000,615.00000000,548.00000000,627.00000000,566.00000000,627.00000000,507.00000000,285.00000000,190.00000000
61059,Novel OYA of Osakis CSG,MN,1,7.20000000,5.00000000,2018.00000000,35.00000000,180.00000000,45.85000000,-95.15000000,8798.00000000,20.08675799,212.00000000,683.00000000,786.00000000,794.00000000,995.00000000,954.00000000,1040.00000000,895.00000000,1028.00000000,799.00000000,363.00000000,249.00000000
61060,Novel - OYA of Mapleton CSG,MN,1,7.20000000,3.50000000,2018.00000000,35.00000000,180.00000000,43.93000000,-93.96000000,6344.00000000,20.69145466,245.00000000,464.00000000,613.00000000,554.00000000,676.00000000,618.00000000,679.00000000,649.00000000,716.00000000,617.00000000,321.00000000,192.00000000
61069,"BWC Wading River One, Two, Three CSG",MA,1,4.10000000,3.00000000,2017.00000000,20.00000000,180.00000000,42.08527800,-71.52666700,5033.00000000,19.15144597,121.00000000,371.00000000,437.00000000,469.00000000,541.00000000,596.00000000,538.00000000,527.00000000,441.00000000,451.00000000,338.00000000,203.00000000
61073,Pemberton Road I,NJ,1,10.00000000,8.80000000,2017.00000000,20.00000000,180.00000000,39.98176400,-74.69736900,13088.00000000,16.97799917,385.00000000,1017.00000000,1214.00000000,1235.00000000,1232.00000000,1505.00000000,1358.00000000,1347.00000000,1060.00000000,1289.00000000,861.00000000,585.00000000
61074,Pemberton Road II,NJ,1,10.00000000,8.80000000,2017.00000000,20.00000000,180.00000000,39.97993600,-74.70191700,13000.00000000,16.86384392,380.00000000,998.00000000,1218.00000000,1231.00000000,1227.00000000,1505.00000000,1327.00000000,1314.00000000,1073.00000000,1294.00000000,851.00000000,582.00000000
61085,Stone Solar,NC,1,6.70000000,5.00000000,2016.00000000,20.00000000,180.00000000,34.58311900,-79.03183600,10018.00000000,22.87214612,904.00000000,721.00000000,863.00000000,914.00000000,923.00000000,996.00000000,908.00000000,924.00000000,746.00000000,904.00000000,619.00000000,596.00000000
61086,Tripple State Farm,NC,1,6.80000000,5.00000000,2016.00000000,20.00000000,180.00000000,35.73497200,-80.77486700,9831.00000000,22.44520548,917.00000000,718.00000000,818.00000000,898.00000000,907.00000000,872.00000000,911.00000000,975.00000000,731.00000000,917.00000000,604.00000000,563.00000000
61087,Wadesboro Farm 1,NC,1,6.50000000,5.00000000,2015.00000000,25.00000000,180.00000000,34.99115000,-80.09732000,8906.00000000,20.33333333,853.00000000,673.00000000,761.00000000,805.00000000,761.00000000,790.00000000,784.00000000,800.00000000,622.00000000,853.00000000,619.00000000,585.00000000
61088,Delco Farm,NC,1,6.60000000,5.00000000,2016.00000000,20.00000000,190.00000000,34.31899700,-78.20905000,8696.00000000,19.85388128,794.00000000,655.00000000,765.00000000,801.00000000,794.00000000,859.00000000,742.00000000,724.00000000,626.00000000,794.00000000,556.00000000,586.00000000
61089,Fisher Solar Farm - NC,NC,1,6.50000000,5.00000000,2015.00000000,20.00000000,180.00000000,35.24125000,-80.03465000,9135.00000000,20.85616438,842.00000000,677.00000000,780.00000000,844.00000000,825.00000000,884.00000000,836.00000000,879.00000000,625.00000000,842.00000000,553.00000000,548.00000000
61090,Kinston Davis Farm,NC,1,6.50000000,5.00000000,2015.00000000,20.00000000,180.00000000,35.21840000,-77.64259000,9029.00000000,20.61415525,798.00000000,704.00000000,782.00000000,855.00000000,871.00000000,927.00000000,805.00000000,772.00000000,656.00000000,799.00000000,552.00000000,508.00000000
61091,Laurinburg Farm,NC,1,6.40000000,5.00000000,2015.00000000,20.00000000,180.00000000,34.76440300,-79.44296900,9479.00000000,21.64155251,829.00000000,642.00000000,827.00000000,887.00000000,882.00000000,989.00000000,921.00000000,865.00000000,703.00000000,829.00000000,532.00000000,573.00000000
61092,Independence Solar Farm,MO,1,3.60000000,3.00000000,2017.00000000,25.00000000,180.00000000,39.11714200,-94.28816100,5137.00000000,19.54718417,195.00000000,447.00000000,492.00000000,529.00000000,518.00000000,528.00000000,517.00000000,458.00000000,448.00000000,490.00000000,283.00000000,232.00000000
61093,Mills Anson Farm,NC,1,6.50000000,5.00000000,2016.00000000,20.00000000,180.00000000,34.96805600,-79.93584400,8846.00000000,20.19634703,830.00000000,650.00000000,751.00000000,820.00000000,733.00000000,836.00000000,784.00000000,812.00000000,654.00000000,830.00000000,589.00000000,557.00000000
61094,Old Wire Farm,NC,1,7.10000000,5.00000000,2016.00000000,20.00000000,180.00000000,34.81783600,-79.51392800,10319.00000000,23.55936073,935.00000000,739.00000000,864.00000000,947.00000000,944.00000000,1064.00000000,951.00000000,955.00000000,732.00000000,935.00000000,657.00000000,596.00000000
61095,Railroad Farm 2,NC,1,6.80000000,5.00000000,2014.00000000,20.00000000,186.00000000,34.80790300,-78.95049400,9744.00000000,22.24657534,885.00000000,707.00000000,841.00000000,880.00000000,907.00000000,977.00000000,896.00000000,894.00000000,713.00000000,885.00000000,591.00000000,568.00000000
61096,Sampson Solar,NC,1,2.70000000,2.00000000,2015.00000000,20.00000000,180.00000000,34.96103900,-78.47053600,3966.00000000,22.63698630,353.00000000,287.00000000,333.00000000,359.00000000,378.00000000,391.00000000,372.00000000,359.00000000,298.00000000,354.00000000,244.00000000,238.00000000
61097,Syncarpha Freetown,MA,1,5.20000000,3.90000000,2016.00000000,25.00000000,180.00000000,41.76891900,-70.78649400,6163.00000000,18.03945674,252.00000000,427.00000000,284.00000000,561.00000000,674.00000000,746.00000000,656.00000000,666.00000000,580.00000000,505.00000000,473.00000000,339.00000000
61115,Manteca Land PV,CA,1,1.30000000,1.00000000,2017.00000000,20.00000000,180.00000000,37.84013000,-121.21619100,1603.00000000,18.29908676,117.00000000,51.00000000,145.00000000,167.00000000,190.00000000,172.00000000,164.00000000,168.00000000,148.00000000,118.00000000,98.00000000,65.00000000
61118,Bakersfield Industrial PV 1,CA,1,1.50000000,1.00000000,2017.00000000,20.00000000,180.00000000,35.33003200,-118.99311900,2052.00000000,23.42465753,117.00000000,145.00000000,157.00000000,162.00000000,234.00000000,247.00000000,236.00000000,213.00000000,181.00000000,149.00000000,91.00000000,120.00000000
61124,Elizabeth Mines Solar 1,VT,1,7.00000000,5.00000000,2017.00000000,21.00000000,180.00000000,43.82361100,-72.33111000,7369.00000000,16.82420091,85.00000000,538.00000000,515.00000000,753.00000000,853.00000000,922.00000000,927.00000000,832.00000000,879.00000000,587.00000000,423.00000000,55.00000000
61125,Nebraska Valley Solar Farm,VT,1,1.40000000,1.00000000,2016.00000000,20.00000000,190.00000000,44.46234000,-72.77085600,1315.00000000,15.01141553,10.00000000,75.00000000,87.00000000,137.00000000,158.00000000,164.00000000,188.00000000,152.00000000,155.00000000,119.00000000,63.00000000,7.00000000
61127,Gamble Solar,NC,1,4.50000000,3.00000000,2019.00000000,20.00000000,0.00000000,35.34837500,-81.81736200,5781.00000000,21.99771689,439.00000000,429.00000000,536.00000000,539.00000000,554.00000000,491.00000000,563.00000000,609.00000000,397.00000000,479.00000000,382.00000000,363.00000000
61128,Salisbury Solar,NC,1,5.80000000,3.80000000,2018.00000000,20.00000000,180.00000000,35.63258500,-80.42262600,7640.00000000,22.95121365,526.00000000,590.00000000,662.00000000,717.00000000,720.00000000,738.00000000,697.00000000,765.00000000,523.00000000,737.00000000,478.00000000,487.00000000
61129,Wadesboro Solar,NC,1,7.70000000,5.00000000,2017.00000000,20.00000000,180.00000000,34.97386300,-80.02898700,8883.00000000,20.28082192,620.00000000,664.00000000,767.00000000,824.00000000,728.00000000,894.00000000,876.00000000,828.00000000,639.00000000,822.00000000,617.00000000,604.00000000
61135,Lebanon Solar Farm (MO),MO,1,3.10000000,2.50000000,2017.00000000,25.00000000,180.00000000,37.66783100,-92.67062800,4265.00000000,19.47488584,206.00000000,325.00000000,399.00000000,399.00000000,412.00000000,443.00000000,416.00000000,403.00000000,356.00000000,423.00000000,265.00000000,218.00000000
61138,Armstrong Solar,MN,1,3.70000000,3.00000000,2018.00000000,25.00000000,180.00000000,45.64225200,-95.35635000,4804.00000000,18.28006088,93.00000000,302.00000000,452.00000000,481.00000000,567.00000000,543.00000000,599.00000000,503.00000000,581.00000000,414.00000000,174.00000000,95.00000000
61139,Marmas Solar CSG,MN,4,5.60000000,4.00000000,2018.00000000,30.00000000,180.00000000,45.55605600,-94.11711200,6447.00000000,18.39897260,172.00000000,449.00000000,619.00000000,537.00000000,769.00000000,695.00000000,796.00000000,689.00000000,755.00000000,569.00000000,245.00000000,152.00000000
61140,"CF Novel Solar CSG Gardens Two, LLC",MN,1,2.20000000,1.80000000,2017.00000000,20.00000000,180.00000000,43.84590500,-93.83675000,3067.00000000,19.45078640,122.00000000,212.00000000,308.00000000,300.00000000,336.00000000,324.00000000,244.00000000,351.00000000,355.00000000,263.00000000,160.00000000,92.00000000
61141,"CF Novel Solar CSG Gardens Eleven, LLC",MN,1,3.60000000,3.00000000,2017.00000000,20.00000000,180.00000000,44.24000000,-93.96000000,4757.00000000,18.10121766,146.00000000,320.00000000,487.00000000,467.00000000,604.00000000,365.00000000,580.00000000,506.00000000,552.00000000,450.00000000,180.00000000,100.00000000
61142,WasecaSun,MN,5,7.00000000,5.00000000,2018.00000000,30.00000000,180.00000000,44.05144800,-93.38645800,9208.00000000,21.02283105,314.00000000,703.00000000,909.00000000,845.00000000,1025.00000000,887.00000000,831.00000000,985.00000000,1067.00000000,898.00000000,463.00000000,281.00000000
61156,St. Pauls Solar 2,NC,1,7.00000000,5.00000000,2017.00000000,20.00000000,180.00000000,34.76910000,-78.98100000,8445.00000000,19.28082192,688.00000000,773.00000000,899.00000000,936.00000000,839.00000000,915.00000000,804.00000000,592.00000000,407.00000000,486.00000000,540.00000000,566.00000000
61157,Boaz Farm Solar,NC,1,6.90000000,5.00000000,2017.00000000,20.00000000,180.00000000,35.46777000,-79.13444000,8708.00000000,19.88127854,492.00000000,585.00000000,683.00000000,854.00000000,856.00000000,912.00000000,834.00000000,868.00000000,672.00000000,846.00000000,579.00000000,527.00000000
61158,Bizzell Church Solar 2,NC,1,7.00000000,5.00000000,2017.00000000,20.00000000,180.00000000,35.54440500,-78.17720400,8712.00000000,19.89041096,597.00000000,617.00000000,779.00000000,837.00000000,878.00000000,947.00000000,782.00000000,702.00000000,458.00000000,894.00000000,628.00000000,593.00000000
61163,Onset East Community Solar Facility,MA,1,1.40000000,1.00000000,2016.00000000,25.00000000,180.00000000,41.76576100,-70.64447700,1809.00000000,20.65068493,77.00000000,112.00000000,142.00000000,167.00000000,178.00000000,208.00000000,182.00000000,185.00000000,161.00000000,167.00000000,133.00000000,97.00000000
61164,Onset West Community Solar Facility,MA,1,1.40000000,1.00000000,2016.00000000,25.00000000,180.00000000,41.76576100,-70.64447700,1809.00000000,20.65068493,77.00000000,112.00000000,142.00000000,167.00000000,178.00000000,208.00000000,182.00000000,185.00000000,161.00000000,167.00000000,133.00000000,97.00000000
61173,IKEA Miami 327,FL,1,1.20000000,1.00000000,2015.00000000,12.00000000,180.00000000,25.79150000,-80.38380000,1603.00000000,18.29908676,105.00000000,124.00000000,146.00000000,170.00000000,172.00000000,131.00000000,149.00000000,125.00000000,138.00000000,112.00000000,119.00000000,112.00000000
61175,Pegasus Community Solar,MN,2,2.60000000,2.00000000,2017.00000000,35.00000000,185.00000000,45.49545300,-95.12468200,3244.00000000,18.51598174,88.00000000,218.00000000,301.00000000,315.00000000,362.00000000,341.00000000,385.00000000,323.00000000,384.00000000,292.00000000,140.00000000,95.00000000
61177,Corvus Community Solar,MN,5,6.50000000,5.00000000,2018.00000000,35.00000000,180.00000000,44.19135200,-93.94400200,8062.00000000,18.40639269,289.00000000,590.00000000,800.00000000,744.00000000,883.00000000,718.00000000,873.00000000,825.00000000,944.00000000,788.00000000,391.00000000,217.00000000
61178,Capella Community Solar,MN,5,6.50000000,5.00000000,2017.00000000,35.00000000,185.00000000,44.09010000,-96.16120400,8544.00000000,19.50684932,436.00000000,605.00000000,780.00000000,751.00000000,901.00000000,809.00000000,933.00000000,813.00000000,960.00000000,771.00000000,457.00000000,328.00000000
61179,Carina Community Solar,MN,4,5.20000000,4.00000000,2018.00000000,35.00000000,180.00000000,44.16467700,-92.24118700,6463.00000000,18.44463470,224.00000000,508.00000000,637.00000000,502.00000000,679.00000000,603.00000000,731.00000000,713.00000000,753.00000000,627.00000000,284.00000000,202.00000000
61180,Caelum Community Solar,MN,2,2.60000000,2.00000000,2017.00000000,35.40000000,185.00000000,45.66200600,-93.93678200,2803.00000000,15.99885845,56.00000000,83.00000000,285.00000000,289.00000000,340.00000000,307.00000000,356.00000000,313.00000000,349.00000000,259.00000000,107.00000000,59.00000000
61181,Andromeda Community Solar,MN,5,6.50000000,5.00000000,2017.00000000,35.00000000,175.93532161,44.90192600,-94.03162600,8310.00000000,18.97260274,291.00000000,579.00000000,828.00000000,750.00000000,959.00000000,795.00000000,922.00000000,819.00000000,948.00000000,757.00000000,399.00000000,263.00000000
61182,Lyra Community Solar,MN,3,3.90000000,3.00000000,2018.00000000,35.00000000,180.00000000,44.24034600,-93.58578700,4695.00000000,17.86529680,168.00000000,345.00000000,470.00000000,434.00000000,522.00000000,409.00000000,499.00000000,508.00000000,542.00000000,460.00000000,213.00000000,125.00000000
61183,Argo Navis Community Solar,MN,3,3.90000000,3.00000000,2018.00000000,35.00000000,180.00000000,45.25524500,-92.77228400,4747.00000000,18.06316591,162.00000000,357.00000000,491.00000000,423.00000000,520.00000000,441.00000000,546.00000000,486.00000000,571.00000000,446.00000000,202.00000000,102.00000000
61192,IKEA Joliet Rooftop PV System,IL,1,2.80000000,2.00000000,2017.00000000,10.00000000,180.00000000,41.48000000,-88.07000000,2489.00000000,14.20662100,20.00000000,130.00000000,153.00000000,172.00000000,222.00000000,281.00000000,357.00000000,341.00000000,302.00000000,302.00000000,124.00000000,85.00000000
61193,IKEA Las Vegas 462,NV,1,1.10000000,1.00000000,2016.00000000,10.00000000,180.00000000,36.06892600,-115.28082500,1393.00000000,15.90182648,68.00000000,80.00000000,109.00000000,147.00000000,165.00000000,156.00000000,152.00000000,171.00000000,82.00000000,71.00000000,107.00000000,85.00000000
61194,"Barker Solar, LLC",NC,1,6.60000000,5.00000000,2017.00000000,20.00000000,180.00000000,34.63559900,-78.92865700,8727.00000000,19.92465753,634.00000000,668.00000000,845.00000000,862.00000000,840.00000000,889.00000000,787.00000000,850.00000000,678.00000000,699.00000000,543.00000000,432.00000000
61195,"231 Dixon 74 Solar I, LLC",NC,1,2.80000000,2.00000000,2017.00000000,20.00000000,180.00000000,35.24412500,-81.43038500,3712.00000000,21.18721461,252.00000000,285.00000000,323.00000000,354.00000000,359.00000000,368.00000000,367.00000000,365.00000000,258.00000000,362.00000000,228.00000000,191.00000000
61196,"Mill Pond Solar Farm, LLC",NC,1,7.10000000,5.00000000,2017.00000000,20.00000000,180.00000000,34.30712100,-78.70146300,9135.00000000,20.85616438,632.00000000,687.00000000,835.00000000,874.00000000,874.00000000,944.00000000,843.00000000,815.00000000,688.00000000,824.00000000,581.00000000,538.00000000
61198,Merck - Upper Gwynedd Solar Array,PA,1,1.60000000,1.50000000,2011.00000000,10.00000000,225.00000000,40.21539900,-75.28309000,1602.00000000,12.19178082,41.00000000,107.00000000,151.00000000,167.00000000,150.00000000,182.00000000,193.00000000,187.00000000,151.00000000,138.00000000,82.00000000,53.00000000
61199,T0588 Phoenix - AZ,AZ,1,1.70000000,1.20000000,2017.00000000,10.00000000,180.00000000,33.44722500,-112.21766400,2090.00000000,19.88203957,143.00000000,169.00000000,143.00000000,178.00000000,210.00000000,197.00000000,200.00000000,143.00000000,241.00000000,203.00000000,156.00000000,107.00000000
61203,"Lahr 1, LLC",MN,1,7.10000000,5.00000000,2018.00000000,10.00000000,180.00000000,45.43118900,-94.42604100,8585.00000000,19.60045662,164.00000000,567.00000000,776.00000000,819.00000000,1033.00000000,926.00000000,1042.00000000,897.00000000,997.00000000,751.00000000,370.00000000,243.00000000
61206,Onyx - Allen Harim,DE,1,1.60000000,1.20000000,2017.00000000,25.00000000,180.00000000,38.71750900,-75.28878900,1917.00000000,18.23630137,89.00000000,145.00000000,168.00000000,164.00000000,165.00000000,217.00000000,188.00000000,184.00000000,152.00000000,202.00000000,135.00000000,108.00000000
61210,Finger Lakes Solar I,NY,1,2.90000000,1.90000000,2016.00000000,25.00000000,180.00000000,42.81402500,-77.04563100,2794.00000000,16.78683009,52.00000000,206.00000000,256.00000000,219.00000000,352.00000000,310.00000000,322.00000000,270.00000000,284.00000000,263.00000000,171.00000000,89.00000000
61211,IKEA Memphis 508,TN,1,1.40000000,1.10000000,2016.00000000,12.00000000,180.00000000,35.18999100,-89.79930200,934.00000000,9.69281860,32.00000000,67.00000000,85.00000000,91.00000000,96.00000000,101.00000000,87.00000000,93.00000000,62.00000000,80.00000000,77.00000000,63.00000000
61218,"Broadridge Solar, LLC",NC,1,7.10000000,5.00000000,2017.00000000,20.00000000,180.00000000,34.52294200,-78.95720600,9704.00000000,22.15525114,691.00000000,751.00000000,886.00000000,921.00000000,907.00000000,987.00000000,868.00000000,856.00000000,727.00000000,874.00000000,637.00000000,599.00000000
61219,"Kelly Solar, LLC",NC,1,6.90000000,5.00000000,2018.00000000,20.00000000,180.00000000,36.39119400,-78.44902400,8678.00000000,19.81278539,517.00000000,581.00000000,668.00000000,723.00000000,761.00000000,1012.00000000,892.00000000,918.00000000,624.00000000,815.00000000,604.00000000,563.00000000
61220,"Spencer Farm, LLC",NC,1,6.50000000,5.00000000,2017.00000000,20.00000000,190.00000000,35.71288600,-80.40785300,9512.00000000,21.71689498,893.00000000,697.00000000,816.00000000,878.00000000,879.00000000,894.00000000,869.00000000,918.00000000,702.00000000,893.00000000,554.00000000,519.00000000
61223,Chillicothe Solar Farm,MO,1,3.30000000,2.50000000,2017.00000000,25.00000000,180.00000000,39.78876900,-93.53683300,4358.00000000,19.89954338,94.00000000,340.00000000,378.00000000,441.00000000,460.00000000,466.00000000,474.00000000,415.00000000,412.00000000,442.00000000,241.00000000,195.00000000
61224,"350 Clark Solar, NG, LLC",NJ,1,1.90000000,1.80000000,2011.00000000,25.00000000,180.00000000,40.89419700,-74.73016200,2091.00000000,13.26103501,91.00000000,186.00000000,161.00000000,191.00000000,220.00000000,248.00000000,240.00000000,207.00000000,179.00000000,189.00000000,115.00000000,64.00000000
61237,"433 Purchase Solar NG, LLC",MA,1,3.10000000,2.50000000,2012.00000000,25.00000000,180.00000000,41.80935300,-71.19224400,3773.00000000,17.22831050,116.00000000,251.00000000,361.00000000,380.00000000,435.00000000,409.00000000,366.00000000,391.00000000,282.00000000,340.00000000,285.00000000,157.00000000
61243,Old Wardour Solar,MA,1,6.00000000,5.50000000,2016.00000000,25.00000000,180.00000000,42.23757800,-72.03745300,6620.00000000,13.74014114,146.00000000,505.00000000,614.00000000,652.00000000,783.00000000,829.00000000,776.00000000,502.00000000,483.00000000,614.00000000,454.00000000,262.00000000
61244,Shuman Solar,MA,1,2.50000000,2.20000000,2016.00000000,25.00000000,180.00000000,42.11491800,-71.06603900,2110.00000000,10.94852636,40.00000000,83.00000000,172.00000000,206.00000000,243.00000000,295.00000000,261.00000000,232.00000000,209.00000000,162.00000000,128.00000000,79.00000000
61245,Vuelta Solar,MA,1,6.00000000,5.50000000,2016.00000000,25.00000000,180.00000000,42.23757800,-72.03745300,6620.00000000,13.74014114,146.00000000,505.00000000,614.00000000,652.00000000,783.00000000,829.00000000,776.00000000,502.00000000,483.00000000,614.00000000,454.00000000,262.00000000
61246,ACE-Stanton PV,FL,1,6.80000000,4.80000000,2017.00000000,10.00000000,180.00000000,28.47735000,-81.18036000,9237.00000000,21.96775114,541.00000000,719.00000000,841.00000000,996.00000000,1005.00000000,852.00000000,876.00000000,815.00000000,710.00000000,706.00000000,635.00000000,541.00000000
61247,ACE-Stanton A PV,FL,1,5.70000000,4.10000000,2017.00000000,10.00000000,180.00000000,28.48455000,-81.17411000,7799.00000000,21.71455619,457.00000000,599.00000000,694.00000000,815.00000000,839.00000000,715.00000000,749.00000000,689.00000000,605.00000000,612.00000000,547.00000000,478.00000000
61249,Westmont 300A,CA,1,3.40000000,2.90000000,2017.00000000,10.00000000,180.00000000,33.76606700,-118.28892500,5008.00000000,19.71343096,303.00000000,296.00000000,477.00000000,515.00000000,507.00000000,528.00000000,567.00000000,529.00000000,416.00000000,356.00000000,285.00000000,229.00000000
61250,USPS PV,CA,1,8.10000000,7.40000000,2017.00000000,10.00000000,225.00000000,33.97792200,-118.25870000,10090.00000000,15.56522276,576.00000000,553.00000000,952.00000000,1084.00000000,1000.00000000,1051.00000000,1159.00000000,1058.00000000,891.00000000,738.00000000,593.00000000,435.00000000
61256,"Hood Farm Solar, LLC",NC,1,7.00000000,4.90000000,2017.00000000,20.00000000,180.00000000,35.20500000,-77.49700000,9427.00000000,21.96207250,617.00000000,718.00000000,781.00000000,877.00000000,931.00000000,978.00000000,862.00000000,812.00000000,704.00000000,886.00000000,629.00000000,632.00000000
61257,"ZV Solar 2, LLC",NC,1,7.00000000,4.90000000,2017.00000000,20.00000000,180.00000000,34.81600000,-79.20000000,8757.00000000,20.40117417,610.00000000,688.00000000,823.00000000,862.00000000,871.00000000,931.00000000,839.00000000,626.00000000,565.00000000,831.00000000,560.00000000,551.00000000
61258,"Innovative Solar 35, LLC",NC,1,2.80000000,1.90000000,2017.00000000,25.00000000,180.00000000,35.04600000,-77.82500000,3135.00000000,18.83561644,252.00000000,275.00000000,308.00000000,330.00000000,318.00000000,356.00000000,319.00000000,306.00000000,214.00000000,167.00000000,161.00000000,129.00000000
61259,"Innovative Solar 59, LLC",NC,1,2.80000000,1.90000000,2017.00000000,25.00000000,180.00000000,36.09471900,-77.97928000,1495.00000000,8.98221581,168.00000000,198.00000000,222.00000000,252.00000000,255.00000000,138.00000000,79.00000000,35.00000000,-3.00000000,29.00000000,48.00000000,74.00000000
61260,"Innovative Solar 60, LLC",NC,1,2.80000000,1.90000000,2017.00000000,25.00000000,180.00000000,36.09100000,-77.99200000,3139.00000000,18.85964912,254.00000000,296.00000000,259.00000000,266.00000000,272.00000000,295.00000000,253.00000000,260.00000000,221.00000000,311.00000000,239.00000000,213.00000000
61283,"Bladenboro Solar, LLC",NC,1,7.00000000,4.80000000,2015.00000000,20.00000000,180.00000000,34.54776100,-78.81765200,9378.00000000,22.30308219,638.00000000,714.00000000,846.00000000,880.00000000,883.00000000,933.00000000,843.00000000,869.00000000,710.00000000,904.00000000,594.00000000,564.00000000
61284,"Lux Solar, LLC",NC,1,2.80000000,2.00000000,2016.00000000,20.00000000,180.00000000,35.24114500,-81.42943300,3799.00000000,21.68378995,266.00000000,299.00000000,332.00000000,359.00000000,366.00000000,369.00000000,361.00000000,374.00000000,233.00000000,375.00000000,233.00000000,232.00000000
61287,"Sun Farm V, LLC",NC,1,6.90000000,5.00000000,2018.00000000,20.00000000,180.00000000,36.16062900,-76.48935700,8940.00000000,20.41095890,625.00000000,555.00000000,659.00000000,663.00000000,840.00000000,952.00000000,941.00000000,922.00000000,660.00000000,865.00000000,600.00000000,658.00000000
61288,"Roxboro Solar Farm, LLC",NC,1,7.00000000,5.00000000,2015.00000000,20.00000000,180.00000000,36.32682100,-78.62224200,8260.00000000,18.85844749,495.00000000,625.00000000,785.00000000,837.00000000,870.00000000,752.00000000,806.00000000,851.00000000,627.00000000,640.00000000,512.00000000,460.00000000
61294,Farley Road Community Solar,MA,1,2.40000000,1.90000000,2017.00000000,25.00000000,180.00000000,42.10000000,-72.00000000,1665.00000000,10.00360490,50.00000000,128.00000000,147.00000000,153.00000000,176.00000000,190.00000000,176.00000000,145.00000000,140.00000000,157.00000000,122.00000000,81.00000000
61295,Belchertown Renewables Community Solar,MA,1,5.10000000,4.00000000,2018.00000000,20.00000000,180.00000000,42.30000000,-72.30000000,6451.00000000,18.41038813,156.00000000,498.00000000,552.00000000,580.00000000,683.00000000,723.00000000,707.00000000,627.00000000,611.00000000,606.00000000,433.00000000,275.00000000
61296,Theodore Drive Community Solar,MA,1,2.00000000,1.50000000,2018.00000000,25.00000000,2.00000000,42.50000000,-71.80000000,2453.00000000,18.66818874,51.00000000,203.00000000,216.00000000,227.00000000,258.00000000,282.00000000,290.00000000,247.00000000,235.00000000,188.00000000,164.00000000,92.00000000
61297,Upton Community Solar,MA,1,2.50000000,2.00000000,2017.00000000,26.50000000,170.00000000,42.10000000,-71.70000000,3366.00000000,19.21232877,90.00000000,256.00000000,277.00000000,308.00000000,353.00000000,370.00000000,347.00000000,337.00000000,300.00000000,314.00000000,250.00000000,164.00000000
61298,Pleasantdale Road Community Solar,MA,1,1.30000000,1.00000000,2017.00000000,20.00000000,187.00000000,42.32224600,-71.98701500,1365.00000000,15.58219178,27.00000000,94.00000000,112.00000000,137.00000000,167.00000000,163.00000000,163.00000000,146.00000000,136.00000000,121.00000000,80.00000000,19.00000000
61299,Hatfield Renewables Community Solar,MA,1,2.50000000,1.90000000,2017.00000000,30.00000000,180.00000000,42.30000000,-72.70000000,2934.00000000,17.62797404,48.00000000,240.00000000,271.00000000,262.00000000,321.00000000,318.00000000,346.00000000,294.00000000,291.00000000,277.00000000,176.00000000,90.00000000
61307,Peterson Road Solar,MA,1,3.60000000,2.50000000,2017.00000000,30.00000000,175.00000000,42.10000000,-72.30000000,4380.00000000,20.00000000,113.00000000,364.00000000,387.00000000,388.00000000,465.00000000,387.00000000,476.00000000,440.00000000,426.00000000,441.00000000,325.00000000,168.00000000
61308,Sampson Road Community Solar,MA,1,2.60000000,2.00000000,2017.00000000,25.50000000,185.00000000,42.10000000,-72.00000000,3124.00000000,17.83105023,81.00000000,218.00000000,283.00000000,283.00000000,329.00000000,346.00000000,309.00000000,311.00000000,298.00000000,301.00000000,229.00000000,136.00000000
61310,Crittenden Solar Facility,KY,1,3.80000000,2.70000000,2017.00000000,25.00000000,180.00000000,38.75182200,-84.61325500,3967.00000000,16.77236597,158.00000000,381.00000000,183.00000000,169.00000000,342.00000000,366.00000000,404.00000000,414.00000000,438.00000000,432.00000000,337.00000000,343.00000000
61311,Walton 1 Solar Facility,KY,1,2.90000000,2.00000000,2017.00000000,25.00000000,180.00000000,38.85018000,-84.59226300,3093.00000000,17.65410959,115.00000000,314.00000000,155.00000000,143.00000000,250.00000000,266.00000000,299.00000000,309.00000000,324.00000000,320.00000000,328.00000000,270.00000000
61312,Walton 2 Solar Facility,KY,1,2.90000000,2.00000000,2017.00000000,25.00000000,180.00000000,38.85018000,-84.59226300,2906.00000000,16.58675799,105.00000000,300.00000000,144.00000000,127.00000000,230.00000000,247.00000000,279.00000000,295.00000000,313.00000000,299.00000000,307.00000000,260.00000000
61313,BPU Solar Farm,KS,1,1.30000000,1.00000000,2017.00000000,25.00000000,180.00000000,39.16643600,-94.69689200,1838.00000000,20.98173516,75.00000000,151.00000000,168.00000000,175.00000000,180.00000000,187.00000000,188.00000000,169.00000000,169.00000000,179.00000000,106.00000000,91.00000000
61315,Golden Hills Solar,MA,1,6.00000000,4.70000000,2017.00000000,27.00000000,177.00000000,42.40000000,-72.00000000,7815.00000000,18.98134655,200.00000000,606.00000000,634.00000000,713.00000000,791.00000000,905.00000000,838.00000000,796.00000000,738.00000000,713.00000000,544.00000000,337.00000000
61316,Higginsville Solar Farm,MO,1,3.20000000,2.50000000,2017.00000000,25.00000000,180.00000000,39.00213900,-93.72682500,4401.00000000,20.09589041,181.00000000,377.00000000,411.00000000,430.00000000,435.00000000,470.00000000,450.00000000,380.00000000,373.00000000,436.00000000,251.00000000,207.00000000
61319,Port of LA Solar FiT Project,CA,1,1.20000000,1.10000000,2015.00000000,10.00000000,168.00000000,33.72797700,-118.28003200,1531.00000000,15.88833541,93.00000000,86.00000000,144.00000000,155.00000000,162.00000000,159.00000000,178.00000000,171.00000000,131.00000000,101.00000000,86.00000000,65.00000000
61328,Crater Community Solar,MN,3,3.90000000,3.00000000,2017.00000000,35.00000000,185.00000000,44.79873300,-95.50833100,4910.00000000,18.68340944,165.00000000,334.00000000,476.00000000,416.00000000,542.00000000,493.00000000,565.00000000,495.00000000,597.00000000,441.00000000,228.00000000,158.00000000
61329,Delphinus Community Solar,MN,2,2.60000000,2.00000000,2018.00000000,35.00000000,180.00000000,45.61856500,-94.08875800,2580.00000000,14.72602740,48.00000000,52.00000000,264.00000000,244.00000000,296.00000000,262.00000000,332.00000000,297.00000000,338.00000000,258.00000000,117.00000000,72.00000000
61333,Oak Hill Solar Array,IN,1,2.70000000,2.00000000,2018.00000000,25.00000000,181.00000000,37.99000000,-87.53000000,3336.00000000,19.04109589,127.00000000,274.00000000,303.00000000,314.00000000,334.00000000,340.00000000,343.00000000,375.00000000,294.00000000,339.00000000,162.00000000,131.00000000
61338,Mill Creek Solar (OR),OR,1,3.20000000,2.20000000,2017.00000000,15.00000000,180.00000000,45.16964000,-123.13633000,3857.00000000,20.01349108,59.00000000,170.00000000,310.00000000,409.00000000,496.00000000,510.00000000,575.00000000,467.00000000,374.00000000,279.00000000,113.00000000,95.00000000
61340,Next Generation Solar Farm,VT,1,3.20000000,2.20000000,2017.00000000,20.00000000,180.00000000,44.08482400,-73.22664700,3693.00000000,19.16251557,77.00000000,239.00000000,311.00000000,384.00000000,430.00000000,344.00000000,505.00000000,385.00000000,425.00000000,332.00000000,164.00000000,97.00000000
61341,Grafton PV,MA,1,3.70000000,2.70000000,2016.00000000,20.00000000,180.00000000,42.22550400,-71.66261400,4482.00000000,18.94977169,109.00000000,324.00000000,383.00000000,406.00000000,482.00000000,513.00000000,487.00000000,455.00000000,415.00000000,398.00000000,319.00000000,191.00000000
61342,Barrett PV,MA,1,16.40000000,11.90000000,2016.00000000,25.00000000,180.00000000,42.16220700,-71.86445500,19548.00000000,18.75215840,518.00000000,1514.00000000,1521.00000000,1762.00000000,2020.00000000,2234.00000000,2079.00000000,1964.00000000,1782.00000000,1823.00000000,1442.00000000,889.00000000
61347,Long Henry Solar,NC,1,2.80000000,2.00000000,2017.00000000,20.00000000,180.00000000,35.19530200,-77.89512500,2971.00000000,16.95776256,217.00000000,0.00000000,160.00000000,357.00000000,379.00000000,317.00000000,0.00000000,332.00000000,309.00000000,373.00000000,262.00000000,265.00000000
61348,Westmont 400A,CA,1,2.40000000,2.30000000,2017.00000000,10.00000000,180.00000000,33.76422700,-118.28892500,3327.00000000,16.51280524,201.00000000,199.00000000,326.00000000,343.00000000,338.00000000,353.00000000,375.00000000,351.00000000,275.00000000,230.00000000,186.00000000,150.00000000
61349,Westmont 400B,CA,1,2.40000000,2.20000000,2017.00000000,10.00000000,180.00000000,33.76422700,-118.28473300,3609.00000000,18.72665006,220.00000000,216.00000000,355.00000000,376.00000000,369.00000000,379.00000000,387.00000000,377.00000000,306.00000000,254.00000000,206.00000000,164.00000000
61351,Bear Creek Solar (NC),NC,1,2.80000000,2.00000000,2017.00000000,20.00000000,180.00000000,35.54034400,-79.44905300,3818.00000000,21.79223744,255.00000000,295.00000000,323.00000000,365.00000000,375.00000000,390.00000000,337.00000000,366.00000000,285.00000000,356.00000000,241.00000000,230.00000000
61352,Bondi Solar,NC,1,6.20000000,5.00000000,2017.00000000,20.00000000,180.00000000,35.13405400,-77.53849000,9171.00000000,20.93835616,671.00000000,740.00000000,481.00000000,939.00000000,949.00000000,1000.00000000,897.00000000,860.00000000,624.00000000,750.00000000,626.00000000,634.00000000
61354,Princeton Solar Project,NJ,1,2.90000000,2.20000000,2017.00000000,10.00000000,180.00000000,40.37973600,-74.62569400,3469.00000000,18.00020756,83.00000000,221.00000000,315.00000000,333.00000000,363.00000000,434.00000000,409.00000000,368.00000000,305.00000000,327.00000000,201.00000000,110.00000000
61358,IGS Solar I - BWI5,MD,1,1.60000000,1.10000000,2016.00000000,10.00000000,177.00000000,39.27000000,-76.54800000,1990.00000000,20.65172271,62.00000000,141.00000000,155.00000000,176.00000000,195.00000000,249.00000000,237.00000000,208.00000000,171.00000000,185.00000000,120.00000000,91.00000000
61359,IGS Solar I - EWR5,NJ,1,2.90000000,1.90000000,2016.00000000,10.00000000,197.00000000,40.58200000,-74.25500000,3588.00000000,21.55731795,100.00000000,227.00000000,315.00000000,345.00000000,368.00000000,424.00000000,409.00000000,366.00000000,318.00000000,332.00000000,222.00000000,162.00000000
61360,IGS Solar I - EWR6,NJ,1,2.60000000,1.90000000,2016.00000000,10.00000000,196.00000000,40.58300000,-74.25700000,3270.00000000,19.64671954,86.00000000,199.00000000,284.00000000,309.00000000,352.00000000,405.00000000,381.00000000,338.00000000,286.00000000,294.00000000,195.00000000,141.00000000
61363,Equuleus Community Solar Gardens,MN,5,7.50000000,5.00000000,2017.00000000,34.00000000,180.00000000,44.72609800,-93.02268700,9230.00000000,21.07305936,376.00000000,667.00000000,916.00000000,831.00000000,1032.00000000,898.00000000,842.00000000,987.00000000,1062.00000000,875.00000000,447.00000000,297.00000000
61367,Smith & Wesson at Springfield MA PV,MA,1,2.60000000,1.90000000,2017.00000000,10.00000000,110.30000000,42.13794000,-72.55090000,2374.00000000,14.26339822,50.00000000,176.00000000,156.00000000,236.00000000,227.00000000,280.00000000,313.00000000,262.00000000,234.00000000,214.00000000,141.00000000,85.00000000
61370,Walnut Springs Solar,TX,1,7.00000000,5.00000000,2016.00000000,20.00000000,180.00000000,32.07868000,-97.76846400,8445.00000000,19.28082192,578.00000000,713.00000000,918.00000000,629.00000000,609.00000000,786.00000000,779.00000000,723.00000000,714.00000000,856.00000000,617.00000000,523.00000000
61371,Centaurus Solar - MA,MA,1,2.80000000,2.40000000,2016.00000000,20.00000000,168.00000000,42.25300000,-71.42600000,2712.00000000,12.89954338,3.00000000,7.00000000,0.00000000,244.00000000,453.00000000,408.00000000,380.00000000,349.00000000,300.00000000,269.00000000,191.00000000,108.00000000
61373,Kearsarge Bellingham PV,MA,1,4.10000000,2.90000000,2016.00000000,20.00000000,180.00000000,42.07117600,-71.45856200,4769.00000000,18.77263423,118.00000000,342.00000000,407.00000000,441.00000000,508.00000000,571.00000000,523.00000000,510.00000000,423.00000000,434.00000000,321.00000000,171.00000000
61376,Cedar Creek PV,NY,1,2.70000000,1.80000000,2017.00000000,15.00000000,171.00000000,40.64889000,-73.50667200,2776.00000000,17.60527651,43.00000000,140.00000000,225.00000000,258.00000000,336.00000000,360.00000000,315.00000000,323.00000000,227.00000000,269.00000000,168.00000000,112.00000000
61377,Amazon - Patterson PV,CA,1,3.30000000,2.50000000,2017.00000000,10.00000000,180.00000000,37.46888800,-121.16632600,4834.00000000,22.07305936,201.00000000,288.00000000,439.00000000,530.00000000,632.00000000,586.00000000,560.00000000,478.00000000,374.00000000,281.00000000,267.00000000,198.00000000
61379,DodgeSun CSG,MN,5,7.50000000,5.00000000,2017.00000000,30.00000000,180.00000000,44.04041800,-92.69000000,9492.00000000,21.67123288,302.00000000,771.00000000,928.00000000,773.00000000,1040.00000000,898.00000000,1028.00000000,1025.00000000,1064.00000000,910.00000000,453.00000000,300.00000000
61380,Johnson Solar CSG,MN,5,7.00000000,4.70000000,2018.00000000,30.00000000,180.00000000,43.91213800,-96.18703200,8873.00000000,21.55105411,381.00000000,637.00000000,810.00000000,828.00000000,956.00000000,801.00000000,1014.00000000,883.00000000,1008.00000000,826.00000000,447.00000000,282.00000000
61381,Koppelman Sun CSG,MN,5,7.50000000,5.00000000,2017.00000000,30.00000000,180.00000000,44.18260900,-93.87626700,8076.00000000,18.43835616,0.00000000,0.00000000,715.00000000,816.00000000,1013.00000000,910.00000000,1043.00000000,968.00000000,1017.00000000,876.00000000,452.00000000,266.00000000
61382,Lindstrom Solar CSG,MN,3,4.50000000,3.00000000,2018.00000000,30.00000000,180.00000000,45.31989200,-92.79659900,5298.00000000,20.15981735,182.00000000,384.00000000,530.00000000,474.00000000,598.00000000,534.00000000,628.00000000,530.00000000,626.00000000,487.00000000,209.00000000,116.00000000
61383,Rengstorf Solar CSG,MN,5,7.50000000,5.00000000,2017.00000000,30.00000000,180.00000000,44.25950400,-94.28907000,9078.00000000,20.72602740,307.00000000,600.00000000,856.00000000,852.00000000,1015.00000000,906.00000000,1012.00000000,941.00000000,1048.00000000,866.00000000,440.00000000,235.00000000
61384,St. Cloud Solar CSG,MN,5,7.50000000,5.00000000,2018.00000000,30.00000000,180.00000000,45.47739700,-94.12131400,8511.00000000,19.43150685,199.00000000,638.00000000,795.00000000,768.00000000,1037.00000000,930.00000000,1000.00000000,811.00000000,1015.00000000,779.00000000,353.00000000,186.00000000
61389,Letchworth Solar Project,NY,1,1.60000000,1.20000000,2017.00000000,28.00000000,180.00000000,42.61896900,-78.17952000,1783.00000000,16.96156773,35.00000000,128.00000000,158.00000000,162.00000000,226.00000000,207.00000000,201.00000000,195.00000000,191.00000000,177.00000000,84.00000000,19.00000000
61398,Canis Major Solar Farm,CT,1,2.90000000,2.00000000,2016.00000000,25.00000000,180.00000000,42.00900000,-72.65000000,3557.00000000,20.30251142,86.00000000,246.00000000,313.00000000,329.00000000,369.00000000,409.00000000,391.00000000,332.00000000,326.00000000,338.00000000,243.00000000,175.00000000
61399,Ashby Duffy CSG Solar Farm,MA,1,2.70000000,1.80000000,2017.00000000,25.00000000,180.00000000,42.68000000,-71.83000000,3178.00000000,20.15474378,84.00000000,262.00000000,278.00000000,302.00000000,333.00000000,366.00000000,352.00000000,282.00000000,290.00000000,296.00000000,183.00000000,150.00000000
61403,Deep Branch Farm,NC,1,6.50000000,5.00000000,2017.00000000,20.00000000,190.00000000,34.67084200,-79.19937500,9631.00000000,21.98858447,875.00000000,714.00000000,840.00000000,895.00000000,886.00000000,914.00000000,881.00000000,872.00000000,712.00000000,876.00000000,583.00000000,583.00000000
61405,"Moorings Farm 2, LLC",NC,1,6.70000000,5.00000000,2017.00000000,20.00000000,180.00000000,35.30574700,-77.82888900,8894.00000000,20.30593607,614.00000000,686.00000000,771.00000000,761.00000000,958.00000000,802.00000000,955.00000000,779.00000000,925.00000000,530.00000000,696.00000000,417.00000000
61409,Highway 56 Solar,TX,1,7.20000000,5.30000000,2017.00000000,20.00000000,180.00000000,33.61443600,-96.69044800,6607.00000000,14.23063668,347.00000000,452.00000000,602.00000000,603.00000000,686.00000000,673.00000000,688.00000000,622.00000000,662.00000000,592.00000000,384.00000000,296.00000000
61410,Whitesboro Solar,TX,1,7.10000000,5.00000000,2017.00000000,20.00000000,180.00000000,33.61652600,-96.86872100,9235.00000000,21.08447489,516.00000000,616.00000000,707.00000000,759.00000000,802.00000000,630.00000000,1217.00000000,1155.00000000,963.00000000,880.00000000,524.00000000,466.00000000
61411,Whitesboro Solar II,TX,1,7.10000000,5.00000000,2017.00000000,20.00000000,180.00000000,33.62485300,-96.86747400,10264.00000000,23.43378995,583.00000000,693.00000000,893.00000000,894.00000000,938.00000000,1156.00000000,1208.00000000,1167.00000000,933.00000000,882.00000000,472.00000000,445.00000000
61415,West Boylston Community Shared Solar,MA,1,2.10000000,1.50000000,2016.00000000,28.00000000,183.00000000,42.33136200,-71.77113500,2231.00000000,16.97869102,53.00000000,168.00000000,197.00000000,207.00000000,210.00000000,255.00000000,236.00000000,234.00000000,215.00000000,197.00000000,160.00000000,99.00000000
61418,Valencia 1 Solar CA,CA,1,4.00000000,3.00000000,2017.00000000,20.00000000,180.00000000,33.04358000,-115.62779000,6713.00000000,25.54414003,446.00000000,495.00000000,529.00000000,635.00000000,732.00000000,653.00000000,647.00000000,650.00000000,601.00000000,479.00000000,478.00000000,368.00000000
61426,Gopher CSG,MN,1,7.20000000,5.00000000,2018.00000000,10.00000000,180.00000000,45.39856200,-92.67915700,8292.00000000,18.93150685,189.00000000,598.00000000,821.00000000,765.00000000,955.00000000,890.00000000,1004.00000000,913.00000000,1003.00000000,682.00000000,314.00000000,158.00000000
61427,Richmond CSG,MN,1,7.00000000,5.00000000,2017.00000000,25.00000000,180.00000000,45.45860600,-94.51384700,8900.00000000,20.31963470,269.00000000,572.00000000,830.00000000,842.00000000,1037.00000000,941.00000000,1082.00000000,914.00000000,1027.00000000,757.00000000,376.00000000,253.00000000
61428,Taylors Falls CSG,MN,1,7.20000000,5.00000000,2018.00000000,10.00000000,180.00000000,45.39184200,-92.68435000,7960.00000000,18.17351598,197.00000000,500.00000000,805.00000000,762.00000000,959.00000000,882.00000000,935.00000000,892.00000000,893.00000000,704.00000000,291.00000000,140.00000000
61434,SCE&G Springfield CSG,SC,1,7.80000000,6.10000000,2018.00000000,20.00000000,180.00000000,33.49100000,-81.29700000,10528.00000000,19.70207351,714.00000000,738.00000000,892.00000000,1209.00000000,1184.00000000,1265.00000000,980.00000000,1095.00000000,503.00000000,746.00000000,526.00000000,676.00000000
61435,DG AMP Solar Coldwater,MI,1,1.70000000,1.30000000,2018.00000000,20.00000000,185.00000000,41.93411700,-84.99724400,2019.00000000,17.72918862,19.00000000,157.00000000,165.00000000,212.00000000,241.00000000,240.00000000,244.00000000,232.00000000,200.00000000,190.00000000,71.00000000,48.00000000
61436,DG AMP Solar Orrville 3,OH,1,2.80000000,2.30000000,2018.00000000,25.00000000,180.00000000,40.85642800,-81.75946100,3287.00000000,16.31427437,88.00000000,263.00000000,256.00000000,322.00000000,372.00000000,369.00000000,376.00000000,361.00000000,317.00000000,313.00000000,139.00000000,111.00000000
61437,DG AMP Solar Versailles,OH,1,2.20000000,1.80000000,2018.00000000,25.00000000,180.00000000,40.22070000,-84.49780000,2687.00000000,17.04084221,86.00000000,192.00000000,221.00000000,257.00000000,284.00000000,281.00000000,303.00000000,305.00000000,253.00000000,269.00000000,124.00000000,112.00000000
61438,DG AMP Solar Jackson Center,OH,1,2.20000000,1.60000000,2018.00000000,25.00000000,180.00000000,40.44496900,-84.04724700,2798.00000000,19.96289954,81.00000000,203.00000000,229.00000000,268.00000000,291.00000000,313.00000000,319.00000000,312.00000000,265.00000000,286.00000000,129.00000000,102.00000000
61441,Denver Braswell PV,GA,1,2.00000000,1.40000000,2017.00000000,25.00000000,180.00000000,31.30000000,-83.80000000,614.00000000,5.00652316,0.00000000,0.00000000,0.00000000,0.00000000,0.00000000,0.00000000,0.00000000,0.00000000,0.00000000,236.00000000,187.00000000,191.00000000
61450,Farmington Solar Farm,MO,1,3.10000000,2.50000000,2018.00000000,25.00000000,180.00000000,37.75533300,-90.42773600,3311.00000000,15.11872146,136.00000000,223.00000000,271.00000000,266.00000000,280.00000000,294.00000000,270.00000000,394.00000000,317.00000000,412.00000000,249.00000000,199.00000000
61451,Northfield Holdco CSG,MN,1,7.00000000,5.00000000,2017.00000000,30.00000000,180.00000000,44.45787400,-93.12464800,8160.00000000,18.63013699,320.00000000,573.00000000,805.00000000,725.00000000,895.00000000,789.00000000,896.00000000,862.00000000,950.00000000,772.00000000,366.00000000,207.00000000
61452,Waterford Holdco CSG,MN,1,3.80000000,2.70000000,2017.00000000,30.00000000,180.00000000,44.47546700,-93.19859000,4455.00000000,18.83561644,173.00000000,313.00000000,437.00000000,395.00000000,489.00000000,431.00000000,497.00000000,469.00000000,515.00000000,419.00000000,201.00000000,116.00000000
61453,B.R. Corcoran CSG,MN,5,7.00000000,5.00000000,2017.00000000,30.00000000,180.00000000,45.06950000,-93.64320000,8416.00000000,19.21461187,250.00000000,579.00000000,837.00000000,771.00000000,968.00000000,844.00000000,973.00000000,899.00000000,986.00000000,752.00000000,374.00000000,183.00000000
61454,B.R. Sartell CSG,MN,3,4.20000000,3.00000000,2017.00000000,25.00000000,180.00000000,45.66500000,-94.22540000,3920.00000000,14.91628615,111.00000000,346.00000000,455.00000000,407.00000000,589.00000000,500.00000000,416.00000000,334.00000000,394.00000000,203.00000000,117.00000000,48.00000000
61455,B.R. Sauk Rapids CSG,MN,5,7.00000000,5.00000000,2017.00000000,30.00000000,180.00000000,45.62360000,-94.07820000,8046.00000000,18.36986301,211.00000000,353.00000000,795.00000000,796.00000000,978.00000000,859.00000000,1005.00000000,868.00000000,970.00000000,699.00000000,305.00000000,207.00000000
61456,Montgomery Winsted CSG,MN,3,4.20000000,3.00000000,2017.00000000,30.00000000,180.00000000,44.95170000,-94.05560000,5134.00000000,19.53576865,169.00000000,345.00000000,510.00000000,479.00000000,586.00000000,504.00000000,588.00000000,527.00000000,591.00000000,453.00000000,240.00000000,142.00000000
61458,Martin Solar Center,VA,1,6.80000000,5.00000000,2017.00000000,25.00000000,180.00000000,37.88051000,-78.04919100,8893.00000000,20.30365297,498.00000000,676.00000000,800.€œzo+^≤â¢∂◊ù000000,77.00000000
61471,Call Farms 3,NY,1,2.80000000,2.00000000,2018.00000000,25.00000000,180.00000000,43.02304600,-78.17859100,3230.00000000,18.43607306,61.00000000,222.00000000,270.00000000,271.00000000,374.00000000,364.00000000,426.00000000,358.00000000,333.00000000,300.00000000,170.00000000,81.00000000
61478,"SunE Feely 1 CSG, LLC",MN,5,6.50000000,5.00000000,2018.00000000,25.00000000,180.00000000,44.65521700,-93.11040200,7975.00000000,18.20776256,323.00000000,581.00000000,830.00000000,776.00000000,958.00000000,841.00000000,923.00000000,882.00000000,483.00000000,750.00000000,384.00000000,244.00000000
61483,"Cottage Grove CSG, LLC",MN,5,6.50000000,5.00000000,2018.00000000,25.00000000,180.00000000,44.84212400,-92.87365500,8121.00000000,18.54109589,313.00000000,585.00000000,849.00000000,728.00000000,912.00000000,712.00000000,855.00000000,877.00000000,965.00000000,775.00000000,321.00000000,229.00000000
61484,"Fox CSG, LLC",MN,5,6.50000000,5.00000000,2018.00000000,25.00000000,180.00000000,45.39264300,-92.68131700,7234.00000000,16.51598174,222.00000000,581.00000000,829.00000000,752.00000000,928.00000000,814.00000000,970.00000000,861.00000000,394.00000000,421.00000000,303.00000000,159.00000000
61485,"SunE Stolee CSG, LLC",MN,3,3.90000000,3.00000000,2018.00000000,25.00000000,180.00000000,44.17387900,-93.35047000,5025.00000000,19.12100457,186.00000000,369.00000000,487.00000000,467.00000000,557.00000000,496.00000000,552.00000000,538.00000000,575.00000000,411.00000000,235.00000000,152.00000000
61486,"Wyoming 2 CSG, LLC",MN,5,6.50000000,5.00000000,2018.00000000,25.00000000,180.00000000,45.35000000,-92.95000000,8165.00000000,18.64155251,232.00000000,563.00000000,808.00000000,756.00000000,935.00000000,847.00000000,980.00000000,871.00000000,945.00000000,728.00000000,331.00000000,169.00000000
61487,SL Babylon,NY,1,10.60000000,9.00000000,2017.00000000,20.00000000,180.00000000,40.73084400,-73.37583300,13567.00000000,17.20826991,434.00000000,888.00000000,1284.00000000,1309.00000000,1483.00000000,1681.00000000,1240.00000000,1217.00000000,1263.00000000,1365.00000000,883.00000000,520.00000000
61494,Wright Cuddyer CSG,MN,4,5.60000000,4.00000000,2018.00000000,25.00000000,180.00000000,45.18310000,-93.73410000,5195.00000000,14.82591324,204.00000000,8.00000000,0.00000000,123.00000000,823.00000000,709.00000000,811.00000000,714.00000000,763.00000000,602.00000000,294.00000000,144.00000000
61495,Carver Gladden CSG,MN,3,4.20000000,3.00000000,2018.00000000,25.00000000,180.00000000,44.80710000,-93.87170000,4934.00000000,18.77473364,137.00000000,322.00000000,485.00000000,472.00000000,583.00000000,473.00000000,594.00000000,513.00000000,568.00000000,442.00000000,222.00000000,123.00000000
61499,CED Foster,RI,1,2.60000000,2.00000000,2017.00000000,20.00000000,180.00000000,41.79500000,-71.78700000,3214.00000000,18.34474886,73.00000000,221.00000000,288.00000000,280.00000000,355.00000000,367.00000000,324.00000000,393.00000000,303.00000000,274.00000000,213.00000000,123.00000000
61500,Porter Way Community Solar Garden,MN,1,3.90000000,3.00000000,2018.00000000,25.00000000,0.00000000,44.85102800,-93.77839700,4659.00000000,17.72831050,150.00000000,303.00000000,470.00000000,459.00000000,563.00000000,500.00000000,578.00000000,479.00000000,532.00000000,405.00000000,95.00000000,125.00000000
61504,RJC I CSG,MN,1,1.40000000,1.00000000,2018.00000000,30.00000000,180.00000000,44.12505300,-93.27911600,1833.00000000,20.92465753,58.00000000,134.00000000,177.00000000,165.00000000,198.00000000,180.00000000,203.00000000,199.00000000,209.00000000,171.00000000,88.00000000,51.00000000
61505,Huneke I CSG,MN,1,1.40000000,1.00000000,2018.00000000,30.00000000,180.00000000,44.72678900,-92.66944800,1833.00000000,20.92465753,69.00000000,139.00000000,183.00000000,160.00000000,199.00000000,180.00000000,209.00000000,200.00000000,184.00000000,169.00000000,84.00000000,57.00000000
61506,Krause CSG,MN,1,1.40000000,1.00000000,2018.00000000,30.00000000,180.00000000,44.79562400,-95.20971900,1802.00000000,20.57077626,71.00000000,111.00000000,174.00000000,169.00000000,199.00000000,181.00000000,207.00000000,176.00000000,209.00000000,161.00000000,84.00000000,60.00000000
61509,Monroe County Sites A & B,NY,2,4.80000000,3.40000000,2017.00000000,20.00000000,180.00000000,43.17407100,-77.39223400,2521.00000000,8.46427612,42.00000000,149.00000000,224.00000000,217.00000000,321.00000000,298.00000000,343.00000000,296.00000000,269.00000000,211.00000000,112.00000000,39.00000000
61510,"Monroe County Sites C, D, & E",NY,3,8.40000000,6.00000000,2017.00000000,20.00000000,180.00000000,43.31879000,-77.74020800,6403.00000000,12.18226788,128.00000000,342.00000000,504.00000000,582.00000000,852.00000000,783.00000000,878.00000000,734.00000000,700.00000000,542.00000000,272.00000000,86.00000000
61513,Marlin Solar,TX,1,7.20000000,5.30000000,2017.00000000,20.00000000,180.00000000,31.28673900,-96.87720500,9882.00000000,21.28456966,624.00000000,720.00000000,767.00000000,740.00000000,766.00000000,1095.00000000,1102.00000000,1176.00000000,939.00000000,921.00000000,575.00000000,457.00000000
61514,North Gainesville Solar,TX,1,6.70000000,5.20000000,2017.00000000,20.00000000,180.00000000,33.65607200,-97.14856900,7873.00000000,17.28354408,513.00000000,541.00000000,679.00000000,733.00000000,823.00000000,882.00000000,889.00000000,855.00000000,665.00000000,581.00000000,408.00000000,304.00000000
61515,DG Camden LLC Holtec,NJ,1,3.20000000,2.20000000,2017.00000000,10.00000000,180.00000000,39.91096900,-75.11860000,3477.00000000,18.04171856,3.00000000,266.00000000,325.00000000,344.00000000,355.00000000,445.00000000,402.00000000,366.00000000,293.00000000,327.00000000,204.00000000,147.00000000
61516,School Sisters CSG,MN,1,1.40000000,1.00000000,2018.00000000,30.00000000,180.00000000,44.17897000,-93.96890200,1736.00000000,19.81735160,57.00000000,121.00000000,173.00000000,162.00000000,195.00000000,173.00000000,193.00000000,178.00000000,198.00000000,164.00000000,81.00000000,41.00000000
61518,301 Chestnut Solar NG,MA,1,2.30000000,2.00000000,2017.00000000,25.00000000,180.00000000,42.05517900,-72.52178000,2376.00000000,13.56164384,46.00000000,147.00000000,211.00000000,239.00000000,301.00000000,326.00000000,230.00000000,263.00000000,227.00000000,198.00000000,121.00000000,67.00000000
61519,Baker Point,MD,1,11.00000000,9.00000000,2016.00000000,25.00000000,180.00000000,39.57033800,-77.36341500,13341.00000000,16.92161339,469.00000000,1069.00000000,1285.00000000,1179.00000000,1204.00000000,1527.00000000,1476.00000000,1363.00000000,1030.00000000,1306.00000000,905.00000000,528.00000000
61520,Rosewood Solar,NC,1,3.00000000,2.00000000,2016.00000000,20.00000000,180.00000000,35.43750000,-78.10709000,3734.00000000,21.31278539,256.00000000,294.00000000,322.00000000,354.00000000,358.00000000,391.00000000,363.00000000,360.00000000,293.00000000,276.00000000,233.00000000,234.00000000
61524,Whitewright Solar,TX,1,14.00000000,10.00000000,2017.00000000,20.00000000,180.00000000,33.49818600,-96.37889400,20715.00000000,23.64726027,1085.00000000,1396.00000000,1803.00000000,1780.00000000,1944.00000000,2312.00000000,2335.00000000,2345.00000000,1922.00000000,1773.00000000,1147.00000000,873.00000000
61525,ABD Farms,NC,1,6.20000000,5.00000000,2017.00000000,20.00000000,180.00000000,35.72873800,-79.74827300,6299.00000000,14.38127854,409.00000000,474.00000000,565.00000000,449.00000000,571.00000000,594.00000000,578.00000000,633.00000000,479.00000000,589.00000000,444.00000000,514.00000000
61526,Antanavica Solar,MA,1,1.40000000,1.00000000,2018.00000000,20.00000000,180.00000000,42.25077100,-71.94887600,1443.00000000,16.47260274,29.00000000,98.00000000,104.00000000,140.00000000,176.00000000,177.00000000,178.00000000,162.00000000,148.00000000,114.00000000,74.00000000,43.00000000
61527,Bakatsias Solar,NC,1,5.30000000,5.00000000,2017.00000000,20.00000000,180.00000000,36.07235900,-79.34747100,7757.00000000,17.71004566,471.00000000,565.00000000,714.00000000,746.00000000,754.00000000,808.00000000,734.00000000,746.00000000,577.00000000,729.00000000,483.00000000,430.00000000
61528,Bayboro Solar Farm,NC,1,5.70000000,5.00000000,2017.00000000,20.00000000,180.00000000,35.14833900,-76.81022600,8635.00000000,19.71461187,181.00000000,476.00000000,849.00000000,959.00000000,944.00000000,980.00000000,801.00000000,805.00000000,680.00000000,801.00000000,604.00000000,555.00000000
61529,Estill Solar II,SC,1,14.80000000,10.20000000,2017.00000000,20.00000000,180.00000000,32.72784200,-81.25345300,17407.00000000,19.48137703,1275.00000000,1401.00000000,1422.00000000,1767.00000000,1717.00000000,1757.00000000,1520.00000000,1143.00000000,1141.00000000,1715.00000000,1249.00000000,1300.00000000
61530,Gaston Solar I - SC,SC,1,14.80000000,10.20000000,2018.00000000,20.00000000,180.00000000,33.77465700,-81.11054600,16593.00000000,18.57037335,1031.00000000,1114.00000000,1373.00000000,1848.00000000,1916.00000000,2178.00000000,1940.00000000,1093.00000000,1058.00000000,1268.00000000,944.00000000,830.00000000
61532,Leon Solar,TX,1,14.00000000,10.00000000,2017.00000000,20.00000000,180.00000000,33.16114000,-96.23973900,19908.00000000,22.72602740,1021.00000000,1397.00000000,1726.00000000,1301.00000000,1837.00000000,2329.00000000,2288.00000000,2291.00000000,1880.00000000,1818.00000000,1138.00000000,882.00000000
61533,Mustang Solar,NC,1,7.50000000,5.00000000,2018.00000000,20.00000000,180.00000000,35.41616700,-79.57597000,9231.00000000,21.07534247,130.00000000,704.00000000,745.00000000,1004.00000000,792.00000000,1032.00000000,923.00000000,996.00000000,1001.00000000,683.00000000,716.00000000,505.00000000
61534,Old Caroleen Solar Farm,NC,1,3.00000000,2.00000000,2018.00000000,20.00000000,180.00000000,35.29771500,-81.81204500,1895.00000000,10.81621005,238.00000000,203.00000000,3.00000000,0.00000000,305.00000000,415.00000000,397.00000000,91.00000000,29.00000000,0.00000000,30.00000000,184.00000000
61535,Statesville Solar,NC,1,6.20000000,5.00000000,2017.00000000,20.00000000,180.00000000,35.73970400,-80.71240500,9082.00000000,20.73515982,589.00000000,498.00000000,783.00000000,884.00000000,905.00000000,947.00000000,854.00000000,930.00000000,679.00000000,883.00000000,582.00000000,548.00000000
61536,Wakefield Solar,NC,1,6.20000000,5.00000000,2017.00000000,20.00000000,180.00000000,35.81423600,-78.31240300,9517.00000000,21.72831050,572.00000000,738.00000000,787.00000000,974.00000000,916.00000000,1123.00000000,917.00000000,918.00000000,980.00000000,493.00000000,622.00000000,477.00000000
61537,Weston Landfill Solar,MA,1,2.30000000,1.80000000,2016.00000000,15.00000000,180.00000000,42.37455300,-71.28250000,2873.00000000,18.22044647,106.00000000,126.00000000,244.00000000,282.00000000,337.00000000,327.00000000,354.00000000,330.00000000,276.00000000,223.00000000,155.00000000,113.00000000
61538,Braintree Landfill Solar,MA,1,1.30000000,1.00000000,2014.00000000,25.00000000,180.00000000,42.20726400,-70.99777800,1212.00000000,13.83561644,2.00000000,8.00000000,105.00000000,142.00000000,128.00000000,118.00000000,135.00000000,123.00000000,118.00000000,150.00000000,116.00000000,67.00000000
61539,GELD Solar Farm,MA,1,3.00000000,2.30000000,2016.00000000,15.00000000,180.00000000,42.26226900,-71.50000000,3481.00000000,17.27714910,77.00000000,248.00000000,295.00000000,318.00000000,377.00000000,406.00000000,409.00000000,351.00000000,324.00000000,298.00000000,218.00000000,160.00000000
61542,"PopeSun CSG, LLC",MN,1,6.20000000,5.00000000,2017.00000000,20.00000000,180.00000000,45.64343800,-95.52617100,7678.00000000,17.52968037,185.00000000,524.00000000,782.00000000,847.00000000,990.00000000,959.00000000,1038.00000000,734.00000000,872.00000000,447.00000000,186.00000000,114.00000000
61543,"CF Novel Solar CSG Gardens Five, LLC",MN,1,5.00000000,3.40000000,2017.00000000,20.00000000,180.00000000,44.09376300,-93.40168400,5946.00000000,19.96373892,181.00000000,436.00000000,590.00000000,562.00000000,650.00000000,597.00000000,693.00000000,563.00000000,688.00000000,558.00000000,278.00000000,150.00000000
61544,"LeSun CSG, LLC",MN,1,7.10000000,5.00000000,2018.00000000,20.00000000,180.00000000,44.21344600,-93.55242300,8065.00000000,18.41324201,307.00000000,560.00000000,619.00000000,584.00000000,913.00000000,775.00000000,949.00000000,945.00000000,899.00000000,829.00000000,446.00000000,239.00000000
61545,"CGSun, LLC Community Solar",MN,1,5.00000000,4.00000000,2017.00000000,20.00000000,180.00000000,44.84791600,-92.87498500,6760.00000000,19.29223744,247.00000000,476.00000000,693.00000000,639.00000000,800.00000000,666.00000000,763.00000000,667.00000000,692.00000000,646.00000000,307.00000000,164.00000000
61547,"WrightSun CSG, LLC",MN,1,6.50000000,5.00000000,2018.00000000,20.00000000,180.00000000,45.21643000,-93.71837600,5851.00000000,13.35844749,180.00000000,15.00000000,0.00000000,82.00000000,965.00000000,705.00000000,959.00000000,863.00000000,919.00000000,678.00000000,323.00000000,162.00000000
61548,"CF Novel Solar CSG Gardens Seven, LLC",MN,1,4.50000000,3.30000000,2017.00000000,20.00000000,180.00000000,45.43080700,-94.02188000,4876.00000000,16.86730317,151.00000000,334.00000000,501.00000000,529.00000000,497.00000000,454.00000000,635.00000000,600.00000000,583.00000000,336.00000000,170.00000000,86.00000000
61550,DG Haverhill CSG,MA,1,4.20000000,3.00000000,2017.00000000,20.00000000,180.00000000,42.81702300,-71.11678600,1618.00000000,6.15677321,38.00000000,117.00000000,135.00000000,158.00000000,159.00000000,189.00000000,191.00000000,170.00000000,160.00000000,139.00000000,93.00000000,69.00000000
61554,Comer Solar,GA,1,2.80000000,2.00000000,2018.00000000,23.00000000,180.00000000,34.09420000,-83.14390000,3495.00000000,19.94863014,243.00000000,254.00000000,309.00000000,339.00000000,322.00000000,342.00000000,315.00000000,348.00000000,250.00000000,333.00000000,219.00000000,221.00000000
61555,DG Crystal Spring CSG,MA,1,5.30000000,4.20000000,2017.00000000,20.00000000,180.00000000,41.67983600,-70.49527600,6757.00000000,18.36540552,268.00000000,439.00000000,572.00000000,618.00000000,710.00000000,805.00000000,682.00000000,744.00000000,587.00000000,605.00000000,412.00000000,315.00000000
61562,Falmouth Landfill Solar,MA,1,4.00000000,3.00000000,2017.00000000,25.00000000,180.00000000,41.61010600,-70.59861100,4937.00000000,18.78614916,207.00000000,304.00000000,396.00000000,452.00000000,474.00000000,599.00000000,511.00000000,532.00000000,423.00000000,451.00000000,379.00000000,209.00000000
61566,El Dorado Springs Solar Farm,MO,1,3.20000000,2.50000000,2018.00000000,25.00000000,180.00000000,37.85870600,-94.00263100,4181.00000000,19.09132420,207.00000000,315.00000000,367.00000000,375.00000000,379.00000000,413.00000000,402.00000000,404.00000000,392.00000000,424.00000000,269.00000000,234.00000000
61572,Lake Waconia Community Solar Garden,MN,1,1.40000000,1.00000000,2018.00000000,30.00000000,180.00000000,44.87496100,-93.81501100,1603.00000000,18.29908676,49.00000000,105.00000000,159.00000000,153.00000000,191.00000000,167.00000000,191.00000000,165.00000000,184.00000000,134.00000000,64.00000000,41.00000000
61573,Lake Waconia IV Community Solar Garden,MN,1,1.40000000,1.00000000,2018.00000000,25.00000000,180.00000000,44.87496100,-93.81501100,1577.00000000,18.00228311,49.00000000,104.00000000,158.00000000,152.00000000,190.00000000,165.00000000,189.00000000,159.00000000,178.00000000,129.00000000,65.00000000,39.00000000
61574,Zumbro Community Solar Garden,MN,1,1.40000000,1.00000000,2018.00000000,30.00000000,180.00000000,44.31947800,-92.67033900,1717.00000000,19.60045662,60.00000000,134.00000000,167.00000000,150.00000000,188.00000000,165.00000000,195.00000000,188.00000000,191.00000000,152.00000000,78.00000000,49.00000000
61575,Anheuser-Busch Baldwinsville,NY,1,2.80000000,2.00000000,2018.00000000,25.00000000,180.00000000,43.15153700,-76.41484400,2752.00000000,15.70776256,35.00000000,163.00000000,234.00000000,256.00000000,365.00000000,337.00000000,377.00000000,298.00000000,290.00000000,234.00000000,137.00000000,26.00000000
61576,Columbia University - Johnson Farms,NY,1,2.90000000,2.00000000,2018.00000000,25.00000000,180.00000000,41.37910700,-74.26380400,3096.00000000,17.67123288,80.00000000,248.00000000,285.00000000,289.00000000,380.00000000,394.00000000,353.00000000,242.00000000,221.00000000,225.00000000,232.00000000,147.00000000
61577,Time Warner Cable Enterprises - Martino,NY,1,2.80000000,2.00000000,2018.00000000,25.00000000,180.00000000,43.18368900,-75.43048000,2169.00000000,12.38013699,24.00000000,133.00000000,206.00000000,255.00000000,348.00000000,224.00000000,271.00000000,214.00000000,212.00000000,164.00000000,97.00000000,21.00000000
61578,Columbia University - Minisink,NY,1,2.90000000,2.00000000,2018.00000000,25.00000000,180.00000000,41.29374700,-74.55445200,3589.00000000,20.48515982,100.00000000,280.00000000,307.00000000,314.00000000,381.00000000,406.00000000,395.00000000,330.00000000,316.00000000,363.00000000,239.00000000,158.00000000
61579,St. Lawrence University - Sutton,NY,1,2.90000000,2.00000000,2018.00000000,25.00000000,180.00000000,43.93239700,-75.87225700,2394.00000000,13.66438356,23.00000000,177.00000000,225.00000000,251.00000000,251.00000000,205.00000000,295.00000000,251.00000000,313.00000000,242.00000000,140.00000000,21.00000000
61580,"Tumbleweed Solar, LLC",OR,1,14.00000000,9.90000000,2017.00000000,28.00000000,180.00000000,44.19257500,-121.23310600,18739.00000000,21.60762880,664.00000000,919.00000000,1689.00000000,1893.00000000,2241.00000000,2244.00000000,2307.00000000,2075.00000000,1744.00000000,1399.00000000,901.00000000,663.00000000
61581,"Davis Lane Solar, LLC",NC,1,7.00000000,5.00000000,2017.00000000,20.00000000,180.00000000,36.10734500,-76.52924000,9037.00000000,20.63242009,629.00000000,712.00000000,819.00000000,917.00000000,893.00000000,1013.00000000,914.00000000,862.00000000,677.00000000,851.00000000,630.00000000,120.00000000
61586,MontSun Community Solar,MN,1,7.40000000,5.00000000,2017.00000000,25.00000000,180.00000000,45.06028300,-93.90465600,8730.00000000,19.93150685,283.00000000,580.00000000,872.00000000,822.00000000,999.00000000,811.00000000,1025.00000000,885.00000000,1006.00000000,795.00000000,412.00000000,240.00000000
61587,WaveSun Community Solar,MN,1,7.10000000,5.00000000,2017.00000000,30.00000000,180.00000000,45.06084400,-93.98023300,7669.00000000,17.50913242,286.00000000,576.00000000,771.00000000,446.00000000,1017.00000000,772.00000000,782.00000000,731.00000000,950.00000000,720.00000000,394.00000000,224.00000000
61588,Independence II Solar Farm,MO,2,10.70000000,8.50000000,2018.00000000,25.00000000,180.00000000,39.04000000,-94.27000000,15165.00000000,20.36663981,579.00000000,1234.00000000,1362.00000000,1410.00000000,1485.00000000,1589.00000000,1538.00000000,1365.00000000,1400.00000000,1540.00000000,908.00000000,755.00000000
61590,DG Foxborough Elm CSG,MA,1,2.60000000,2.00000000,2017.00000000,23.00000000,180.00000000,42.05605300,-71.14131200,3202.00000000,18.27625571,97.00000000,230.00000000,275.00000000,299.00000000,341.00000000,380.00000000,332.00000000,291.00000000,290.00000000,296.00000000,233.00000000,138.00000000
61591,Town of Foxborough - Landfill (SREC II),MA,1,1.60000000,1.20000000,2017.00000000,20.00000000,180.00000000,42.05967500,-71.13541400,1923.00000000,18.29337900,50.00000000,130.00000000,162.00000000,176.00000000,198.00000000,224.00000000,201.00000000,214.00000000,177.00000000,189.00000000,132.00000000,70.00000000
61593,Westmont 301,CA,1,1.90000000,1.80000000,2017.00000000,30.00000000,190.00000000,33.76301200,-118.28655800,2859.00000000,18.13165906,176.00000000,177.00000000,294.00000000,311.00000000,297.00000000,299.00000000,318.00000000,297.00000000,233.00000000,193.00000000,146.00000000,118.00000000
61594,Westmont 401,CA,1,3.00000000,2.90000000,2017.00000000,30.00000000,190.00000000,33.76242100,-118.28821400,4330.00000000,17.04455991,253.00000000,262.00000000,428.00000000,449.00000000,439.00000000,427.00000000,492.00000000,464.00000000,367.00000000,304.00000000,245.00000000,200.00000000
61596,Citizens Agawam Landfill Solar,MA,1,2.60000000,1.80000000,2017.00000000,25.00000000,180.00000000,42.09298800,-72.59721100,2679.00000000,16.99010654,55.00000000,231.00000000,248.00000000,256.00000000,321.00000000,314.00000000,308.00000000,262.00000000,262.00000000,220.00000000,116.00000000,86.00000000
61597,Norton Landfill Solar,MA,1,2.00000000,1.50000000,2017.00000000,25.00000000,180.00000000,41.95958200,-71.15052400,2359.00000000,17.95281583,56.00000000,166.00000000,208.00000000,230.00000000,252.00000000,279.00000000,251.00000000,248.00000000,210.00000000,219.00000000,158.00000000,82.00000000
61598,Tyngsborough Solar,MA,1,3.50000000,2.60000000,2017.00000000,25.00000000,180.00000000,42.66974400,-71.44648400,4038.00000000,17.72918862,106.00000000,334.00000000,334.00000000,369.00000000,418.00000000,451.00000000,464.00000000,381.00000000,370.00000000,358.00000000,262.00000000,191.00000000
61599,"New Road Solar, LLC",NJ,1,13.00000000,10.00000000,2018.00000000,20.00000000,180.00000000,40.40323800,-74.56778600,16209.00000000,18.50342466,418.00000000,1130.00000000,1488.00000000,1523.00000000,1569.00000000,1933.00000000,1783.00000000,1628.00000000,1395.00000000,1633.00000000,1049.00000000,660.00000000
61600,Old Bridge Solar Farm,NJ,1,10.70000000,8.80000000,2018.00000000,12.00000000,186.00000000,40.44437200,-74.24337600,13543.00000000,17.56823371,319.00000000,833.00000000,1238.00000000,1329.00000000,1441.00000000,1654.00000000,1589.00000000,1390.00000000,1218.00000000,1275.00000000,770.00000000,487.00000000
61601,Raritan Solar - 53 Highway,NJ,1,10.00000000,8.40000000,2018.00000000,25.00000000,180.00000000,40.45386400,-74.86303300,11761.00000000,15.98309415,315.00000000,809.00000000,1084.00000000,1114.00000000,1155.00000000,1400.00000000,1293.00000000,1170.00000000,998.00000000,1200.00000000,762.00000000,461.00000000
61602,CED Chicopee Solar,MA,1,4.10000000,3.00000000,2017.00000000,25.00000000,180.00000000,42.20392100,-72.55103100,4829.00000000,18.37519026,117.00000000,409.00000000,433.00000000,442.00000000,493.00000000,354.00000000,568.00000000,503.00000000,478.00000000,460.00000000,345.00000000,227.00000000
61603,UMASS,MA,1,5.30000000,4.00000000,2016.00000000,25.00000000,180.00000000,42.39130600,-72.53250000,5646.00000000,16.11301370,104.00000000,392.00000000,492.00000000,533.00000000,679.00000000,704.00000000,732.00000000,604.00000000,531.00000000,443.00000000,265.00000000,167.00000000
61608,Montgomery County Solar,MD,1,2.50000000,1.90000000,2018.00000000,7.50000000,127.60000000,39.11300000,-77.23600000,2720.00000000,16.34222543,73.00000000,173.00000000,238.00000000,224.00000000,281.00000000,356.00000000,336.00000000,313.00000000,206.00000000,255.00000000,151.00000000,114.00000000
61612,"WED Kingstown Solar I, LLC - West",RI,1,1.70000000,1.50000000,2017.00000000,25.00000000,180.00000000,41.49175000,-71.62458100,2011.00000000,15.30441400,78.00000000,162.00000000,202.00000000,196.00000000,228.00000000,259.00000000,207.00000000,207.00000000,196.00000000,86.00000000,101.00000000,89.00000000
61613,WED Stilson Solar,RI,1,2.50000000,2.00000000,2017.00000000,25.00000000,180.00000000,41.51875100,-71.68646100,2860.00000000,16.32420091,107.00000000,243.00000000,252.00000000,223.00000000,290.00000000,340.00000000,276.00000000,250.00000000,246.00000000,273.00000000,218.00000000,142.00000000
61622,WED Kingstown Solar I - East Array,RI,1,3.80000000,3.00000000,2017.00000000,25.00000000,180.00000000,41.49225300,-71.61911400,4719.00000000,17.95662100,175.00000000,363.00000000,435.00000000,426.00000000,494.00000000,564.00000000,458.00000000,451.00000000,425.00000000,422.00000000,325.00000000,181.00000000
61625,West Moore Solar II,TX,1,7.10000000,5.00000000,2018.00000000,20.00000000,180.00000000,33.61748000,-96.62840000,6217.00000000,14.19406393,300.00000000,234.00000000,358.00000000,240.00000000,492.00000000,927.00000000,979.00000000,969.00000000,723.00000000,616.00000000,269.00000000,110.00000000
61626,Dundas Solar Holdings LLC CSG,MN,1,6.60000000,5.00000000,2018.00000000,30.00000000,180.00000000,44.43964700,-93.19732700,7895.00000000,18.02511416,316.00000000,589.00000000,813.00000000,279.00000000,940.00000000,775.00000000,919.00000000,896.00000000,985.00000000,771.00000000,388.00000000,224.00000000
61627,Waterville CSG Solar Holdings LLC,MN,1,6.60000000,5.00000000,2018.00000000,30.00000000,180.00000000,44.19710300,-93.57116900,8083.00000000,18.45433790,260.00000000,582.00000000,785.00000000,740.00000000,918.00000000,690.00000000,902.00000000,873.00000000,961.00000000,785.00000000,381.00000000,206.00000000
61629,West Brookfield Solar - Gilbertsville Rd,MA,1,5.90000000,4.00000000,2017.00000000,20.00000000,206.00000000,42.27251600,-72.21029100,5674.00000000,16.19292237,128.00000000,466.00000000,461.00000000,455.00000000,554.00000000,729.00000000,582.00000000,525.00000000,600.00000000,564.00000000,374.00000000,236.00000000
61631,"Chiloquin Solar, LLC",OR,1,14.00000000,9.90000000,2018.00000000,28.00000000,180.00000000,42.61073200,-121.86124800,18078.00000000,20.84544071,612.00000000,852.00000000,1271.00000000,1647.00000000,2189.00000000,2228.00000000,2330.00000000,2166.00000000,1681.00000000,1574.00000000,837.00000000,691.00000000
61633,DG Tufts Science LLC CSG,MA,1,1.50000000,1.00000000,2017.00000000,20.00000000,180.00000000,42.23758300,-71.68606900,1416.00000000,16.16438356,29.00000000,104.00000000,127.00000000,138.00000000,153.00000000,170.00000000,159.00000000,147.00000000,131.00000000,125.00000000,83.00000000,50.00000000
61635,DG Tufts Knoll LLC CSG,MA,1,2.50000000,2.00000000,2017.00000000,20.00000000,180.00000000,42.24325000,-71.67232800,2905.00000000,16.58105023,71.00000000,220.00000000,257.00000000,285.00000000,317.00000000,336.00000000,312.00000000,296.00000000,256.00000000,256.00000000,186.00000000,113.00000000
61636,DG Webster LLC CSG,MA,1,6.70000000,1.30000000,2017.00000000,20.00000000,180.00000000,42.41389000,-71.51355600,2177.00000000,19.11661398,50.00000000,159.00000000,194.00000000,209.00000000,236.00000000,260.00000000,240.00000000,222.00000000,195.00000000,201.00000000,134.00000000,77.00000000
61645,Altair Community Solar Garden,MN,1,1.50000000,1.00000000,2019.00000000,30.00000000,180.00000000,43.92498100,-93.48583100,1826.00000000,20.84474886,63.00000000,140.00000000,174.00000000,163.00000000,192.00000000,180.00000000,201.00000000,200.00000000,207.00000000,171.00000000,85.00000000,50.00000000
61651,Capricornus Community Solar Garden,MN,1,1.50000000,1.00000000,2019.00000000,30.00000000,180.00000000,45.39874200,-94.71743300,1790.00000000,20.43378995,42.00000000,118.00000000,169.00000000,168.00000000,208.00000000,185.00000000,211.00000000,183.00000000,212.00000000,164.00000000,81.00000000,49.00000000
61658,"Cougar Solar, LLC",NC,1,2.70000000,1.90000000,2017.00000000,20.00000000,180.00000000,35.46240500,-79.18065400,3285.00000000,19.73684211,212.00000000,223.00000000,253.00000000,283.00000000,304.00000000,337.00000000,363.00000000,290.00000000,314.00000000,313.00000000,205.00000000,188.00000000
61669,Scandia Community Solar Garden,MN,1,3.30000000,2.50000000,2018.00000000,28.00000000,180.00000000,45.28718000,-92.81250000,4026.00000000,18.38356164,117.00000000,288.00000000,398.00000000,370.00000000,455.00000000,419.00000000,487.00000000,423.00000000,476.00000000,362.00000000,152.00000000,79.00000000
61670,RJC II Community Solar Garden,MN,1,1.40000000,1.00000000,2018.00000000,30.00000000,180.00000000,44.13885100,-93.25715200,1624.00000000,18.53881279,41.00000000,92.00000000,117.00000000,111.00000000,196.00000000,155.00000000,201.00000000,194.00000000,206.00000000,169.00000000,89.00000000,53.00000000
61671,Betcher Community Solar Garden,MN,1,1.40000000,1.00000000,2018.00000000,30.00000000,180.00000000,44.39241500,-92.59595200,1778.00000000,20.29680365,64.00000000,139.00000000,171.00000000,158.00000000,190.00000000,171.00000000,200.00000000,190.00000000,200.00000000,163.00000000,79.00000000,53.00000000
61683,USG 2,CA,1,1.10000000,1.00000000,2015.00000000,25.00000000,180.00000000,32.79040300,-115.86321400,1970.00000000,22.48858447,110.00000000,136.00000000,179.00000000,192.00000000,192.00000000,182.00000000,177.00000000,180.00000000,184.00000000,179.00000000,158.00000000,101.00000000
61686,Johnson 1 Community Solar,MN,1,1.40000000,1.00000000,2018.00000000,30.00000000,180.00000000,45.48315500,-92.81518400,1509.00000000,17.22602740,41.00000000,127.00000000,175.00000000,155.00000000,43.00000000,177.00000000,213.00000000,163.00000000,155.00000000,164.00000000,71.00000000,25.00000000
61689,Grimm Community Solar,MN,1,1.40000000,1.00000000,2018.00000000,30.00000000,180.00000000,44.73140400,-94.60934200,1856.00000000,21.18721461,68.00000000,125.00000000,178.00000000,172.00000000,214.00000000,174.00000000,214.00000000,183.00000000,212.00000000,170.00000000,88.00000000,58.00000000
61690,Foreman's Hill Community Solar,MN,1,7.10000000,5.00000000,2018.00000000,30.00000000,180.00000000,44.55333700,-92.63685700,7398.00000000,16.89041096,196.00000000,512.00000000,664.00000000,681.00000000,966.00000000,450.00000000,881.00000000,820.00000000,889.00000000,820.00000000,408.00000000,111.00000000
61695,Johnson II Community Solar,MN,1,1.40000000,1.00000000,2018.00000000,30.00000000,180.00000000,45.49196500,-92.85417300,1556.00000000,17.76255708,38.00000000,124.00000000,164.00000000,150.00000000,176.00000000,165.00000000,194.00000000,168.00000000,153.00000000,145.00000000,66.00000000,13.00000000
61698,Folsom SP and CSP Sacramento,CA,1,1.60000000,1.30000000,2019.00000000,12.00000000,110.00000000,38.68700000,-121.16000000,2299.00000000,20.18791711,20.00000000,33.00000000,196.00000000,262.00000000,178.00000000,432.00000000,264.00000000,264.00000000,247.00000000,195.00000000,120.00000000,88.00000000
61699,Otarre Solar Park,SC,1,2.00000000,1.60000000,2017.00000000,25.00000000,180.00000000,33.93240000,-81.05140000,2648.00000000,18.89269406,157.00000000,207.00000000,246.00000000,274.00000000,268.00000000,277.00000000,216.00000000,173.00000000,183.00000000,276.00000000,185.00000000,186.00000000
61700,PowerFin Kingsbery,TX,1,3.10000000,2.60000000,2018.00000000,20.00000000,180.00000000,30.26587700,-97.68486100,3336.03000000,14.64712856,229.68000000,268.00000000,273.24000000,304.00000000,252.45000000,324.00000000,289.08000000,380.00000000,296.01000000,279.00000000,240.57000000,200.00000000
61704,Aquila Community Solar,MN,1,1.50000000,1.00000000,2019.00000000,30.00000000,180.00000000,45.65105600,-95.34010000,1841.00000000,21.01598174,53.00000000,122.00000000,177.00000000,173.00000000,199.00000000,196.00000000,223.00000000,189.00000000,219.00000000,162.00000000,76.00000000,52.00000000
61705,Acturus Community Solar,MN,1,1.50000000,1.00000000,2018.00000000,30.00000000,180.00000000,44.28321100,-93.95441700,1762.00000000,20.11415525,55.00000000,125.00000000,174.00000000,161.00000000,200.00000000,178.00000000,201.00000000,184.00000000,202.00000000,162.00000000,74.00000000,46.00000000
61706,Auriga Community Solar,MN,1,1.50000000,1.00000000,2018.00000000,30.00000000,180.00000000,43.97787500,-95.76735600,1675.00000000,19.12100457,49.00000000,112.00000000,176.00000000,174.00000000,192.00000000,185.00000000,198.00000000,178.00000000,210.00000000,154.00000000,0.00000000,47.00000000
61707,Canopus Community Solar,MN,1,1.50000000,1.00000000,2019.00000000,30.00000000,180.00000000,45.42830800,-94.82324700,1820.00000000,20.77625571,49.00000000,118.00000000,179.00000000,168.00000000,208.00000000,186.00000000,219.00000000,182.00000000,215.00000000,163.00000000,81.00000000,52.00000000
61708,Sagitta Community Solar,MN,1,1.50000000,1.00000000,2018.00000000,30.00000000,180.00000000,44.94832800,-95.38619200,1779.00000000,20.30821918,57.00000000,108.00000000,175.00000000,165.00000000,202.00000000,187.00000000,212.00000000,184.00000000,212.00000000,156.00000000,70.00000000,51.00000000
61709,Libra Community Solar,MN,1,1.50000000,1.00000000,2018.00000000,30.00000000,180.00000000,45.67123100,-95.38851400,1770.00000000,20.20547945,31.00000000,115.00000000,174.00000000,171.00000000,205.00000000,197.00000000,222.00000000,182.00000000,218.00000000,156.00000000,62.00000000,37.00000000
61710,Aquarius Community Solar,MN,1,1.50000000,1.00000000,2019.00000000,30.00000000,180.00000000,44.22914200,-95.62010600,1889.00000000,21.56392694,57.00000000,134.00000000,173.00000000,173.00000000,213.00000000,193.00000000,215.00000000,182.00000000,214.00000000,168.00000000,99.00000000,68.00000000
61711,Cassiopeia Community Solar,MN,1,1.50000000,1.00000000,2019.00000000,30.00000000,180.00000000,45.64734200,-95.32866100,1809.00000000,20.65068493,42.00000000,120.00000000,177.00000000,172.00000000,205.00000000,196.00000000,221.00000000,185.00000000,218.00000000,157.00000000,71.00000000,45.00000000
61712,Crux Community Solar,MN,1,1.50000000,1.00000000,2019.00000000,30.00000000,180.00000000,44.04006000,-92.69318000,1830.00000000,20.89041096,52.00000000,120.00000000,179.00000000,170.00000000,207.00000000,188.00000000,214.00000000,182.00000000,217.00000000,165.00000000,80.00000000,56.00000000
61713,Leo Community Solar,MN,1,1.50000000,1.00000000,2018.00000000,30.00000000,180.00000000,43.97819700,-95.85078100,1759.00000000,20.07990868,69.00000000,117.00000000,155.00000000,147.00000000,179.00000000,166.00000000,187.00000000,187.00000000,217.00000000,174.00000000,98.00000000,63.00000000
61715,Deneb Community Solar,MN,1,1.50000000,1.00000000,2019.00000000,30.00000000,180.00000000,45.40413900,-94.83107500,1805.00000000,20.60502283,49.00000000,117.00000000,177.00000000,169.00000000,206.00000000,188.00000000,215.00000000,184.00000000,207.00000000,163.00000000,80.00000000,50.00000000
61716,Kaus Community Solar,MN,1,1.50000000,1.00000000,2019.00000000,30.00000000,180.00000000,44.05038300,-92.96137200,1830.00000000,20.89041096,64.00000000,147.00000000,178.00000000,159.00000000,194.00000000,179.00000000,199.00000000,196.00000000,203.00000000,175.00000000,81.00000000,55.00000000
61717,"IRE Solar I, LLC",NY,1,1.40000000,1.00000000,2017.00000000,30.00000000,180.00000000,44.30000000,-75.50000000,1599.00000000,18.25342466,21.00000000,110.00000000,142.00000000,149.00000000,189.00000000,182.00000000,204.00000000,173.00000000,178.00000000,141.00000000,82.00000000,28.00000000
61719,"CJ Solar I, LLC",NY,1,2.80000000,2.00000000,2018.00000000,25.00000000,180.00000000,44.70000000,-75.30000000,3222.00000000,18.39041096,77.00000000,193.00000000,301.00000000,311.00000000,389.00000000,373.00000000,417.00000000,351.00000000,363.00000000,207.00000000,182.00000000,58.00000000
61720,"COU Solar I, LLC",NY,1,1.90000000,1.50000000,2018.00000000,25.00000000,180.00000000,44.70000000,-75.30000000,2311.00000000,17.58751903,53.00000000,134.00000000,212.00000000,222.00000000,267.00000000,259.00000000,295.00000000,247.00000000,259.00000000,200.00000000,123.00000000,40.00000000
61724,Onyx - Saratoga Springs Landfill Solar C,NY,1,2.60000000,2.00000000,2017.00000000,20.00000000,192.80000000,43.09687400,-73.74485500,2515.00000000,14.35502283,51.00000000,202.00000000,195.00000000,210.00000000,263.00000000,271.00000000,333.00000000,268.00000000,284.00000000,240.00000000,142.00000000,56.00000000
61725,Madison County,NY,1,2.40000000,1.80000000,2017.00000000,30.00000000,180.00000000,43.02828900,-75.70097800,2142.00000000,13.58447489,56.00000000,191.00000000,211.00000000,233.00000000,274.00000000,295.00000000,183.00000000,183.00000000,44.00000000,263.00000000,147.00000000,62.00000000
61726,Onyx - Pembroke Landfill Solar,MA,1,3.30000000,2.40000000,2017.00000000,15.00000000,180.00000000,42.04990600,-70.80241700,3292.00000000,15.65829528,104.00000000,240.00000000,270.00000000,355.00000000,345.00000000,324.00000000,416.00000000,332.00000000,301.00000000,275.00000000,192.00000000,138.00000000
61727,Onyx - Brockton Thatcher Landfill Solar,MA,1,4.40000000,3.70000000,2017.00000000,15.00000000,180.00000000,42.06636900,-70.98344600,5071.00000000,15.64543996,124.00000000,334.00000000,328.00000000,561.00000000,520.00000000,590.00000000,474.00000000,590.00000000,451.00000000,529.00000000,371.00000000,199.00000000
61728,Barrett Farm Solar - Phase I,CT,1,2.40000000,1.70000000,2017.00000000,20.00000000,161.00000000,41.94633300,-71.88379900,2679.00000000,17.98952458,73.00000000,198.00000000,250.00000000,255.00000000,297.00000000,305.00000000,287.00000000,276.00000000,223.00000000,238.00000000,176.00000000,101.00000000
61731,"Solten Plainville 6000, LLC",MA,1,5.90000000,4.90000000,2017.00000000,20.00000000,158.00000000,42.04116600,-71.29327900,7105.00000000,16.55251142,199.00000000,505.00000000,618.00000000,705.00000000,795.00000000,878.00000000,774.00000000,749.00000000,596.00000000,582.00000000,403.00000000,301.00000000
61732,Randolph,MA,1,4.80000000,3.80000000,2017.00000000,20.00000000,167.00000000,42.17756300,-71.07738600,5954.00000000,17.88632540,189.00000000,433.00000000,493.00000000,574.00000000,642.00000000,699.00000000,604.00000000,598.00000000,531.00000000,533.00000000,420.00000000,238.00000000
61738,GWCC PV Solar Farm,MD,1,2.10000000,1.60000000,2015.00000000,20.00000000,180.00000000,39.01723800,-76.90899700,2121.00000000,15.13270548,57.00000000,45.00000000,154.00000000,201.00000000,200.00000000,255.00000000,227.00000000,228.00000000,172.00000000,222.00000000,184.00000000,176.00000000
61740,Gratis Road Solar Facility,GA,1,4.00000000,3.00000000,2018.00000000,20.00000000,180.00000000,33.84462100,-83.69735600,5467.00000000,20.80289193,359.00000000,389.00000000,467.00000000,521.00000000,511.00000000,547.00000000,509.00000000,580.00000000,388.00000000,526.00000000,323.00000000,347.00000000
61744,L'Oreal Solar - Florence,KY,1,1.40000000,1.10000000,2017.00000000,5.00000000,183.30000000,38.98769600,-84.60817200,1554.00000000,16.12702366,40.00000000,102.00000000,129.00000000,159.00000000,175.00000000,181.00000000,177.00000000,173.00000000,131.00000000,151.00000000,73.00000000,63.00000000
61755,"East Acres Solar NG, LLC",MA,1,6.80000000,5.80000000,2017.00000000,25.00000000,180.00000000,42.48747600,-73.24233100,4916.00000000,9.67564163,105.00000000,400.00000000,326.00000000,537.00000000,561.00000000,576.00000000,477.00000000,554.00000000,458.00000000,508.00000000,304.00000000,110.00000000
61764,Gore Mountain Solar II,NY,1,2.50000000,2.00000000,2016.00000000,20.00000000,180.00000000,43.54337800,-73.32307000,2923.00000000,16.68378995,44.00000000,220.00000000,212.00000000,280.00000000,367.00000000,350.00000000,373.00000000,291.00000000,303.00000000,284.00000000,151.00000000,48.00000000
61765,HGS Solar I,NY,1,2.80000000,2.00000000,2016.00000000,20.00000000,180.00000000,43.54371600,-73.32525700,3298.00000000,18.82420091,52.00000000,240.00000000,236.00000000,304.00000000,400.00000000,382.00000000,416.00000000,362.00000000,359.00000000,319.00000000,172.00000000,56.00000000
61769,Syncarpha Hancock I CSG,MA,1,2.80000000,2.00000000,2017.00000000,20.00000000,180.00000000,42.43303100,-73.33609200,3099.00000000,17.68835616,60.00000000,210.00000000,236.00000000,281.00000000,375.00000000,378.00000000,373.00000000,322.00000000,329.00000000,314.00000000,188.00000000,33.00000000
61770,Syncarpha Hancock II CSG,MA,1,2.80000000,2.00000000,2017.00000000,25.00000000,180.00000000,42.42686600,-73.34699600,3227.00000000,18.41894977,67.00000000,227.00000000,259.00000000,282.00000000,374.00000000,371.00000000,393.00000000,329.00000000,335.00000000,319.00000000,197.00000000,74.00000000
61771,Syncarpha Hancock III CSG,MA,1,1.40000000,1.00000000,2017.00000000,25.00000000,180.00000000,42.42805400,-73.33262400,1600.00000000,18.26484018,30.00000000,125.00000000,126.00000000,144.00000000,187.00000000,180.00000000,186.00000000,163.00000000,164.00000000,156.00000000,99.00000000,40.00000000
61774,"Syncarpha Still River, LLC CSG",MA,1,2.80000000,2.00000000,2016.00000000,25.00000000,180.00000000,42.42075000,-71.64153300,3644.00000000,20.79908676,120.00000000,292.00000000,290.00000000,321.00000000,360.00000000,395.00000000,399.00000000,343.00000000,331.00000000,327.00000000,263.00000000,203.00000000
61781,Edenton Solar,NC,1,7.50000000,5.00000000,2019.00000000,20.00000000,20.00000000,36.05400000,-76.54400000,8644.00000000,19.73515982,536.00000000,677.00000000,876.00000000,949.00000000,894.00000000,999.00000000,885.00000000,798.00000000,615.00000000,644.00000000,240.00000000,531.00000000
61791,Stage Gulch Solar,CA,1,1.10000000,1.00000000,2018.00000000,25.00000000,180.00000000,38.21684100,-122.54286600,1452.00000000,16.57534247,59.00000000,87.00000000,132.00000000,159.00000000,175.00000000,165.00000000,171.00000000,166.00000000,151.00000000,129.00000000,0.00000000,58.00000000
61792,Lavio Solar,CA,1,1.30000000,1.00000000,2018.00000000,25.00000000,180.00000000,38.19459900,-122.66338800,1687.00000000,19.25799087,83.00000000,73.00000000,155.00000000,186.00000000,212.00000000,204.00000000,199.00000000,195.00000000,138.00000000,77.00000000,77.00000000,88.00000000
61793,Heyer CSG,MN,1,1.40000000,1.00000000,2018.00000000,30.00000000,180.00000000,44.22717200,-93.42172500,1829.00000000,20.87899543,58.00000000,129.00000000,175.00000000,168.00000000,202.00000000,180.00000000,203.00000000,198.00000000,209.00000000,170.00000000,87.00000000,50.00000000
61798,Prairie Sky Solar Farm,KS,1,1.40000000,1.00000000,2017.00000000,30.00000000,235.00000000,37.75171600,-97.07449700,1904.00000000,21.73515982,92.00000000,128.00000000,166.00000000,162.00000000,194.00000000,202.00000000,208.00000000,192.00000000,181.00000000,168.00000000,110.00000000,101.00000000
61800,DG AMP Solar Smyrna,DE,1,1.50000000,1.20000000,2018.00000000,25.00000000,146.00000000,39.27970200,-75.62242400,1816.00000000,17.27549467,59.00000000,135.00000000,169.00000000,167.00000000,168.00000000,220.00000000,203.00000000,183.00000000,143.00000000,172.00000000,110.00000000,87.00000000
61804,City of Rochester Solar,NY,1,2.60000000,1.80000000,2017.00000000,15.00000000,180.00000000,43.17691800,-77.67851200,2787.00000000,17.67503805,50.00000000,174.00000000,245.00000000,246.00000000,375.00000000,354.00000000,288.00000000,313.00000000,307.00000000,253.00000000,133.00000000,49.00000000
61805,DG AMP Solar Piqua Staunton,OH,1,2.50000000,1.80000000,2018.00000000,15.00000000,195.00000000,40.14086600,-84.23148000,2635.00000000,16.71106038,63.00000000,174.00000000,220.00000000,259.00000000,286.00000000,308.00000000,311.00000000,305.00000000,247.00000000,250.00000000,114.00000000,98.00000000
61810,Chisum,TX,1,14.20000000,10.00000000,2018.00000000,20.00000000,180.00000000,33.63291000,-95.39071000,20684.00000000,23.61187215,1086.00000000,1410.00000000,1721.00000000,1671.00000000,1926.00000000,2414.00000000,2354.00000000,2341.00000000,1941.00000000,1842.00000000,1156.00000000,822.00000000
61814,Kearsarge Concord II,MA,1,5.50000000,4.50000000,2017.00000000,20.00000000,180.00000000,42.44930600,-71.42042900,6878.00000000,17.44799594,162.00000000,518.00000000,593.00000000,676.00000000,748.00000000,785.00000000,760.00000000,693.00000000,605.00000000,586.00000000,442.00000000,310.00000000
61815,Kearsarge Granby,MA,5,3.00000000,2.50000000,2017.00000000,20.00000000,180.00000000,42.22296200,-72.50832800,3592.00000000,16.40182648,73.00000000,285.00000000,327.00000000,342.00000000,420.00000000,446.00000000,395.00000000,298.00000000,322.00000000,327.00000000,227.00000000,130.00000000
61816,IKEA Oak Creek Rooftop PV System,WI,1,1.60000000,1.20000000,2018.00000000,5.00000000,180.00000000,42.90294900,-87.93544800,1443.00000000,13.72716895,12.00000000,89.00000000,112.00000000,153.00000000,177.00000000,174.00000000,179.00000000,164.00000000,163.00000000,136.00000000,49.00000000,35.00000000
61818,DG AMP Solar Brewster,OH,1,2.20000000,1.90000000,2018.00000000,15.00000000,180.00000000,40.70239700,-81.58983000,2339.00000000,14.05311223,43.00000000,157.00000000,195.00000000,244.00000000,272.00000000,276.00000000,287.00000000,262.00000000,223.00000000,213.00000000,95.00000000,72.00000000
61821,IKEA Jacksonville Rooftop PV System,FL,1,1.90000000,1.40000000,2017.00000000,5.00000000,180.00000000,30.23000000,-81.51000000,2260.00000000,18.42791911,140.00000000,216.00000000,198.00000000,247.00000000,240.00000000,229.00000000,218.00000000,206.00000000,149.00000000,149.00000000,134.00000000,134.00000000
61826,O'Fallon Renewable Energy Center,MO,1,5.70000000,4.50000000,2014.00000000,20.00000000,180.00000000,38.82664800,-90.67812400,2283.00000000,5.79147641,103.00000000,168.00000000,298.00000000,255.00000000,244.00000000,220.00000000,229.00000000,238.00000000,171.00000000,217.00000000,65.00000000,75.00000000
61834,Soboba Community Solar Project,CA,2,2.60000000,2.00000000,2017.00000000,25.00000000,200.00000000,33.76706100,-116.90587400,3359.00000000,19.17237443,205.00000000,180.00000000,239.00000000,306.00000000,369.00000000,331.00000000,317.00000000,351.00000000,303.00000000,289.00000000,243.00000000,226.00000000
61840,"Hope Farm Solar, LLC",RI,1,12.60000000,10.00000000,2019.00000000,25.00000000,166.00000000,41.74790000,-71.52630000,16044.00000000,18.31506849,457.00000000,1094.00000000,1241.00000000,1488.00000000,1614.00000000,1802.00000000,1701.00000000,1759.00000000,1459.00000000,1515.00000000,1163.00000000,751.00000000
61842,"Sun Farm VI, LLC",NC,1,6.90000000,5.00000000,2018.00000000,20.00000000,180.00000000,36.11444400,-76.50777800,10959.00000000,25.02054795,627.00000000,758.00000000,965.00000000,1116.00000000,1109.00000000,1332.00000000,1128.00000000,1043.00000000,786.00000000,976.00000000,607.00000000,512.00000000
61843,SeaWorld Aquatica,CA,1,1.30000000,1.10000000,2018.00000000,7.00000000,181.00000000,32.58653600,-117.00488400,1850.00000000,19.19883769,112.00000000,115.00000000,170.00000000,190.00000000,205.00000000,192.00000000,202.00000000,179.00000000,144.00000000,130.00000000,112.00000000,99.00000000
61847,Broadalbin,NY,1,3.00000000,2.00000000,2018.00000000,22.00000000,180.00000000,43.06130600,-74.15488500,3249.00000000,18.54452055,62.00000000,266.00000000,254.00000000,300.00000000,397.00000000,386.00000000,428.00000000,339.00000000,351.00000000,280.00000000,129.00000000,57.00000000
61856,Vale Solar Center,OR,1,3.80000000,3.00000000,2020.00000000,25.00000000,180.00000000,44.15787400,-117.44434000,5506.00000000,20.95129376,132.00000000,306.00000000,500.00000000,542.00000000,653.00000000,684.00000000,629.00000000,643.00000000,536.00000000,464.00000000,256.00000000,161.00000000
61862,Dignity - San Martin,NV,1,2.10000000,1.70000000,2018.00000000,10.00000000,180.00000000,36.05718100,-115.27213100,3424.00000000,22.99221058,186.00000000,218.00000000,286.00000000,359.00000000,403.00000000,379.00000000,346.00000000,322.00000000,294.00000000,254.00000000,207.00000000,170.00000000
61863,Duanesburg,NY,1,3.00000000,2.00000000,2018.00000000,2.00000000,180.00000000,42.76217300,-74.20155200,3256.00000000,18.58447489,67.00000000,245.00000000,222.00000000,288.00000000,401.00000000,393.00000000,429.00000000,317.00000000,358.00000000,311.00000000,176.00000000,49.00000000
61864,"Dix Solar, L.L.C",NJ,1,16.50000000,13.00000000,2017.00000000,25.00000000,180.00000000,39.97743300,-74.62186200,16804.00000000,14.75588339,283.00000000,1463.00000000,1344.00000000,1694.00000000,1607.00000000,2073.00000000,2259.00000000,1573.00000000,1387.00000000,1465.00000000,1036.00000000,620.00000000
61867,Bovine,TX,1,14.20000000,10.00000000,2018.00000000,20.00000000,180.00000000,29.63132400,-96.07689400,16492.00000000,18.82648402,1021.00000000,1292.00000000,1335.00000000,1637.00000000,1530.00000000,2178.00000000,1456.00000000,1781.00000000,1427.00000000,1311.00000000,849.00000000,675.00000000
61868,Bronson,TX,1,14.20000000,10.00000000,2018.00000000,20.00000000,180.00000000,29.53748200,-95.96954800,9585.00000000,10.94178082,597.00000000,547.00000000,871.00000000,987.00000000,1054.00000000,1077.00000000,808.00000000,982.00000000,807.00000000,779.00000000,493.00000000,583.00000000
61871,Sterling Solar (TX),TX,1,14.20000000,10.00000000,2018.00000000,20.00000000,180.00000000,33.16617300,-96.17261700,10533.00000000,12.02397260,787.00000000,968.00000000,1397.00000000,1421.00000000,1036.00000000,0.00000000,321.00000000,1394.00000000,1118.00000000,980.00000000,638.00000000,473.00000000
61873,Yellow Jacket,TX,1,7.10000000,5.00000000,2018.00000000,20.00000000,180.00000000,31.93384100,-97.65374700,10024.00000000,22.88584475,558.00000000,742.00000000,915.00000000,874.00000000,883.00000000,1036.00000000,1079.00000000,1241.00000000,881.00000000,852.00000000,543.00000000,420.00000000
61874,Eddy II,TX,1,14.20000000,10.00000000,2018.00000000,20.00000000,180.00000000,31.29115100,-97.26073800,16610.00000000,18.96118721,967.00000000,1157.00000000,1347.00000000,1329.00000000,704.00000000,2019.00000000,1992.00000000,2087.00000000,1633.00000000,1536.00000000,1012.00000000,827.00000000
61877,"Hanover Solar, LLC",NC,1,7.50000000,4.90000000,2018.00000000,20.00000000,180.00000000,34.80094700,-77.21377200,10167.00000000,23.68604976,664.00000000,797.00000000,903.00000000,994.00000000,892.00000000,1032.00000000,961.00000000,883.00000000,769.00000000,949.00000000,665.00000000,658.00000000
61878,John A Logan College Solar,IL,1,1.90000000,1.30000000,2019.00000000,30.00000000,180.00000000,37.75057100,-89.08529700,2441.00000000,21.43484370,116.00000000,211.00000000,234.00000000,225.00000000,252.00000000,231.00000000,224.00000000,239.00000000,203.00000000,250.00000000,141.00000000,115.00000000
61879,Bartow Solar Energy LLC,FL,1,9.40000000,7.30000000,2018.00000000,15.00000000,180.00000000,27.92598400,-81.81910200,11656.00000000,18.22730969,772.00000000,917.00000000,1052.00000000,1008.00000000,1276.00000000,1144.00000000,1130.00000000,1021.00000000,829.00000000,874.00000000,791.00000000,842.00000000
61881,Morning View,NC,1,2.80000000,2.00000000,2018.00000000,20.00000000,180.00000000,35.54631500,-79.74284200,4109.00000000,23.45319635,210.00000000,257.00000000,319.00000000,424.00000000,434.00000000,498.00000000,446.00000000,453.00000000,302.00000000,359.00000000,213.00000000,194.00000000
61882,Copperfield,NC,1,2.80000000,2.00000000,2018.00000000,20.00000000,180.00000000,35.34006700,-79.99115800,3363.00000000,19.19520548,185.00000000,249.00000000,332.00000000,357.00000000,285.00000000,376.00000000,331.00000000,348.00000000,263.00000000,300.00000000,181.00000000,156.00000000
61883,Hopewell Friends,NC,1,1.40000000,1.30000000,2018.00000000,20.00000000,180.00000000,35.62845000,-79.87270000,1739.00000000,15.27046013,83.00000000,105.00000000,142.00000000,179.00000000,189.00000000,209.00000000,188.00000000,191.00000000,137.00000000,149.00000000,89.00000000,78.00000000
61885,Staunton,IN,1,6.10000000,4.00000000,2018.00000000,20.00000000,180.00000000,39.45746000,-87.20824000,6820.00000000,19.46347032,145.00000000,350.00000000,494.00000000,643.00000000,871.00000000,903.00000000,890.00000000,859.00000000,609.00000000,586.00000000,264.00000000,206.00000000
61886,Bar D,CO,1,5.40000000,4.00000000,2018.00000000,20.00000000,180.00000000,39.92367900,-108.46270900,5579.00000000,15.92180365,267.00000000,368.00000000,547.00000000,718.00000000,389.00000000,308.00000000,925.00000000,718.00000000,388.00000000,504.00000000,166.00000000,281.00000000
61887,Fort Bliss (DEA EPIC),TX,1,2.50000000,2.00000000,2018.00000000,15.00000000,179.00000000,31.82998600,-106.37286100,4493.00000000,25.64497717,306.00000000,304.00000000,367.00000000,428.00000000,480.00000000,413.00000000,423.00000000,404.00000000,395.00000000,391.00000000,313.00000000,269.00000000
61888,Johnstown,NY,1,3.00000000,2.00000000,2018.00000000,22.00000000,180.00000000,42.99917900,-74.31478700,3129.00000000,17.85958904,89.00000000,264.00000000,271.00000000,303.00000000,406.00000000,120.00000000,331.00000000,339.00000000,375.00000000,346.00000000,208.00000000,77.00000000
61893,BNB Camden Solar,NJ,2,4.40000000,3.70000000,2017.00000000,10.00000000,181.93147599,39.93903000,-75.10802000,4174.00000000,12.87794644,132.00000000,339.00000000,443.00000000,475.00000000,483.00000000,636.00000000,536.00000000,337.00000000,247.00000000,269.00000000,161.00000000,116.00000000
61895,Toyota HQ Plan,TX,1,8.80000000,7.70000000,2017.00000000,1.00000000,180.00000000,33.08421900,-96.84113000,6700.00000000,9.93298939,0.00000000,0.00000000,0.00000000,102.00000000,391.00000000,852.00000000,1186.00000000,1231.00000000,967.00000000,928.00000000,558.00000000,485.00000000
61899,Lincoln Ave Solar Project,NY,1,3.00000000,2.00000000,2018.00000000,20.00000000,165.00000000,40.78144000,-73.08343700,3708.00000000,21.16438356,133.00000000,246.00000000,326.00000000,349.00000000,391.00000000,461.00000000,396.00000000,386.00000000,240.00000000,354.00000000,241.00000000,185.00000000
61900,Blydenburgh Solar Project,NY,1,2.30000000,1.50000000,2018.00000000,20.00000000,180.00000000,40.81533100,-73.18240700,2858.00000000,21.75038052,96.00000000,182.00000000,249.00000000,261.00000000,284.00000000,327.00000000,307.00000000,288.00000000,251.00000000,268.00000000,196.00000000,149.00000000
61902,Holtsville Solar Project,NY,1,1.70000000,1.20000000,2017.00000000,20.00000000,175.00000000,40.79766700,-73.03397700,2022.00000000,19.23515982,0.00000000,122.00000000,201.00000000,202.00000000,215.00000000,251.00000000,217.00000000,216.00000000,178.00000000,189.00000000,136.00000000,95.00000000
61903,Sharon Springs,NY,1,3.00000000,2.00000000,2018.00000000,22.00000000,180.00000000,42.77510500,-74.56714500,3414.00000000,19.48630137,79.00000000,249.00000000,235.00000000,280.00000000,382.00000000,386.00000000,435.00000000,347.00000000,382.00000000,334.00000000,188.00000000,117.00000000
61904,Amsterdam North,NY,1,3.00000000,2.00000000,2018.00000000,22.00000000,180.00000000,42.95362200,-74.11980200,3401.00000000,19.41210046,56.00000000,257.00000000,262.00000000,302.00000000,402.00000000,403.00000000,434.00000000,347.00000000,368.00000000,334.00000000,188.00000000,48.00000000
61905,Amsterdam South,NY,1,3.00000000,2.00000000,2018.00000000,22.00000000,180.00000000,42.94895700,-74.12615900,3432.00000000,19.58904110,68.00000000,263.00000000,270.00000000,307.00000000,409.00000000,409.00000000,440.00000000,348.00000000,371.00000000,293.00000000,190.00000000,64.00000000
61907,Springfield Solar Project,NJ,1,9.20000000,7.50000000,2018.00000000,25.00000000,180.00000000,40.03208700,-74.64738700,11797.00000000,17.95585997,342.00000000,893.00000000,1054.00000000,1074.00000000,1097.00000000,1373.00000000,1276.00000000,1204.00000000,974.00000000,1218.00000000,793.00000000,499.00000000
61917,Kearsarge Oppenheim CSG,NY,1,1.90000000,1.40000000,2018.00000000,30.00000000,180.00000000,43.06022300,-74.73642400,2226.00000000,18.15068493,52.00000000,182.00000000,180.00000000,194.00000000,261.00000000,233.00000000,259.00000000,214.00000000,241.00000000,210.00000000,138.00000000,62.00000000
61919,"Frontenac Holdco LLC, CSG",MN,1,7.20000000,5.00000000,2019.00000000,0.00000000,180.00000000,44.50167300,-92.35871100,8688.00000000,19.83561644,246.00000000,646.00000000,746.00000000,770.00000000,1007.00000000,905.00000000,1067.00000000,1016.00000000,919.00000000,824.00000000,368.00000000,174.00000000
61922,Sunlight Beacon,NY,1,2.10000000,2.00000000,2018.00000000,15.00000000,180.00000000,41.49463200,-73.98163500,3309.00000000,18.88698630,79.00000000,252.00000000,293.00000000,295.00000000,367.00000000,373.00000000,381.00000000,326.00000000,299.00000000,322.00000000,210.00000000,112.00000000
61928,Saint Albans Solar,VT,1,6.90000000,4.90000000,2018.00000000,20.00000000,180.00000000,44.77972900,-73.10582300,7653.00000000,17.82918647,128.00000000,456.00000000,610.00000000,735.00000000,870.00000000,870.00000000,1040.00000000,830.00000000,854.00000000,700.00000000,361.00000000,199.00000000
61934,WHA Southbridge Solar Park CSG,DE,1,1.70000000,1.40000000,2018.00000000,20.00000000,180.00000000,39.72364400,-75.54597800,2110.00000000,17.20482714,72.00000000,178.00000000,203.00000000,205.00000000,201.00000000,251.00000000,219.00000000,193.00000000,154.00000000,182.00000000,143.00000000,109.00000000
61935,1634 Solar,SC,1,2.80000000,2.00000000,2021.00000000,60.00000000,180.00000000,34.33680000,-80.08149300,4225.00000000,24.11529680,263.00000000,298.00000000,370.00000000,430.00000000,406.00000000,465.00000000,433.00000000,419.00000000,293.00000000,370.00000000,246.00000000,232.00000000
61936,Abbot Solar,SC,1,2.80000000,2.00000000,2018.00000000,25.00000000,180.00000000,33.67835800,-80.24029200,3944.00000000,22.51141553,290.00000000,296.00000000,339.00000000,381.00000000,366.00000000,382.00000000,330.00000000,354.00000000,304.00000000,377.00000000,269.00000000,256.00000000
61938,Bani Solar,SC,1,2.80000000,2.00000000,2021.00000000,60.00000000,180.00000000,33.95377500,-79.93713000,4381.00000000,25.00570776,272.00000000,308.00000000,389.00000000,444.00000000,433.00000000,463.00000000,448.00000000,408.00000000,316.00000000,397.00000000,267.00000000,236.00000000
61958,Broadalbin-Perth Solar,NY,1,1.90000000,1.50000000,2018.00000000,30.00000000,180.00000000,43.01802900,-74.19183600,2080.00000000,15.82952816,6.00000000,175.00000000,180.00000000,202.00000000,263.00000000,246.00000000,194.00000000,198.00000000,230.00000000,230.00000000,117.00000000,39.00000000
61960,Atood II,SC,1,2.90000000,2.00000000,2018.00000000,20.00000000,180.00000000,35.03030300,-81.80846900,3832.00000000,21.87214612,234.00000000,282.00000000,347.00000000,377.00000000,412.00000000,455.00000000,416.00000000,432.00000000,257.00000000,251.00000000,189.00000000,180.00000000
61961,Gaston II,SC,1,10.40000000,7.50000000,2018.00000000,20.00000000,180.00000000,33.77837800,-81.11025100,10149.00000000,15.44748858,530.00000000,591.00000000,877.00000000,1094.00000000,1126.00000000,1218.00000000,1096.00000000,1037.00000000,728.00000000,839.00000000,532.00000000,481.00000000
61965,"Quakertown Solar Farm, LLC",NJ,1,10.00000000,8.80000000,2018.00000000,20.00000000,180.00000000,40.52281800,-74.94416800,12807.00000000,16.61348070,337.00000000,820.00000000,1180.00000000,1232.00000000,1279.00000000,1527.00000000,1448.00000000,1276.00000000,1074.00000000,1276.00000000,856.00000000,502.00000000
61968,"Chisago Holdco LLC, CSG",MN,1,3.90000000,3.00000000,2019.00000000,0.00000000,180.00000000,45.38680200,-92.80123900,4708.00000000,17.91476408,65.00000000,321.00000000,411.00000000,454.00000000,566.00000000,510.00000000,598.00000000,519.00000000,574.00000000,434.00000000,177.00000000,79.00000000
61971,Corcoran CSG,MN,5,7.00000000,5.00000000,2019.00000000,25.00000000,180.00000000,45.09575700,-93.64501100,7834.00000000,17.88584475,180.00000000,516.00000000,755.00000000,757.00000000,967.00000000,750.00000000,898.00000000,830.00000000,948.00000000,727.00000000,332.00000000,174.00000000
61977,Cornillie,MN,1,1.40000000,1.00000000,2018.00000000,30.00000000,179.00000000,45.46013000,-92.89609000,1704.00000000,19.45205479,38.00000000,109.00000000,179.00000000,361.00000000,9.00000000,153.00000000,204.00000000,177.00000000,191.00000000,170.00000000,98.00000000,15.00000000
61978,Pinesage,NC,1,6.10000000,5.00000000,2018.00000000,20.00000000,180.00000000,35.22082300,-79.51909000,8014.00000000,18.29680365,504.00000000,613.00000000,734.00000000,773.00000000,769.00000000,818.00000000,747.00000000,765.00000000,610.00000000,774.00000000,498.00000000,409.00000000
61979,Syncarpha Prinsburg CSG (Ledeboer),MN,1,1.40000000,1.00000000,2018.00000000,30.00000000,180.00000000,44.93179400,-95.18841900,1808.00000000,20.63926941,61.00000000,114.00000000,171.00000000,170.00000000,204.00000000,183.00000000,208.00000000,179.00000000,212.00000000,160.00000000,85.00000000,61.00000000
61980,Syncarpha Clara City CSG I (Stamer),MN,1,1.40000000,1.00000000,2018.00000000,30.00000000,180.00000000,44.95551500,-95.35706900,1823.00000000,20.81050228,73.00000000,115.00000000,172.00000000,168.00000000,202.00000000,181.00000000,208.00000000,180.00000000,214.00000000,163.00000000,84.00000000,63.00000000
61983,Cottage Grove Project CSG,MN,1,6.40000000,4.90000000,2018.00000000,25.00000000,180.00000000,44.79070000,-92.87270000,6932.00000000,16.14947349,190.00000000,481.00000000,694.00000000,519.00000000,718.00000000,768.00000000,864.00000000,782.00000000,833.00000000,621.00000000,306.00000000,156.00000000
62010,Gibbon Solar,MN,1,4.50000000,3.30000000,2019.00000000,30.00000000,180.00000000,44.52092300,-94.52436400,5849.00000000,20.23315345,222.00000000,378.00000000,573.00000000,550.00000000,663.00000000,581.00000000,624.00000000,581.00000000,680.00000000,541.00000000,290.00000000,166.00000000
62016,UC Riverside Lots 30 & 32,CA,1,4.30000000,4.00000000,2017.00000000,10.00000000,180.00000000,33.97036000,-117.33099000,6989.00000000,19.94577626,421.00000000,396.00000000,622.00000000,732.00000000,778.00000000,767.00000000,749.00000000,682.00000000,594.00000000,502.00000000,402.00000000,344.00000000
62018,Page Solar,NC,1,1.80000000,1.60000000,2018.00000000,15.00000000,180.00000000,35.53319100,-78.63945600,2463.00000000,17.57277397,143.00000000,175.00000000,184.00000000,215.00000000,260.00000000,248.00000000,246.00000000,220.00000000,261.00000000,173.00000000,197.00000000,141.00000000
62020,Stanford Campus Solar,CA,1,4.50000000,3.40000000,2017.00000000,5.00000000,215.00000000,37.43434000,-122.16077000,5851.00000000,19.64477572,235.00000000,313.00000000,463.00000000,622.00000000,770.00000000,758.00000000,716.00000000,629.00000000,499.00000000,381.00000000,253.00000000,212.00000000
62021,Franklin Solar (CT),CT,1,1.20000000,1.00000000,2018.00000000,30.00000000,180.00000000,41.65600000,-72.15900000,1546.00000000,17.64840183,41.00000000,111.00000000,143.00000000,148.00000000,172.00000000,185.00000000,153.00000000,144.00000000,138.00000000,132.00000000,102.00000000,77.00000000
62023,Wilson Solar (CT),CT,1,1.20000000,1.00000000,2018.00000000,30.00000000,180.00000000,41.65600000,-72.16000000,1536.00000000,17.53424658,41.00000000,115.00000000,145.00000000,149.00000000,172.00000000,184.00000000,142.00000000,142.00000000,136.00000000,130.00000000,102.00000000,78.00000000
62024,Jefferson Solar (CT),CT,1,1.20000000,1.00000000,2018.00000000,30.00000000,180.00000000,41.65600000,-72.16200000,1513.00000000,17.27168950,40.00000000,110.00000000,141.00000000,147.00000000,160.00000000,181.00000000,153.00000000,151.00000000,138.00000000,129.00000000,93.00000000,70.00000000
62025,Hamilton Solar,CT,1,1.20000000,1.00000000,2018.00000000,30.00000000,180.00000000,41.65700000,-72.16100000,1533.00000000,17.50000000,41.00000000,108.00000000,142.00000000,147.00000000,171.00000000,186.00000000,155.00000000,145.00000000,133.00000000,126.00000000,103.00000000,76.00000000
62026,Adams Solar,CT,1,1.20000000,1.00000000,2018.00000000,30.00000000,180.00000000,41.65500000,-72.16100000,1501.00000000,17.13470320,40.00000000,111.00000000,139.00000000,146.00000000,159.00000000,182.00000000,150.00000000,143.00000000,131.00000000,125.00000000,100.00000000,75.00000000
62028,CSU Long Beach Lots 7 & 14,CA,1,4.80000000,4.50000000,2017.00000000,10.00000000,180.00000000,33.78104000,-118.11357000,6878.00000000,17.44799594,394.00000000,392.00000000,645.00000000,767.00000000,783.00000000,778.00000000,799.00000000,721.00000000,538.00000000,422.00000000,354.00000000,285.00000000
62029,Enfield Community Solar,NY,1,2.30000000,1.80000000,2017.00000000,25.00000000,180.00000000,42.45330700,-76.59481300,2449.00000000,15.53145611,0.00000000,162.00000000,205.00000000,219.00000000,308.00000000,274.00000000,340.00000000,258.00000000,263.00000000,242.00000000,125.00000000,53.00000000
62030,Nautilus Lindstrom Solar (CSG),MN,1,2.80000000,2.00000000,2019.00000000,30.00000000,180.00000000,45.33613100,-92.81397200,3530.00000000,20.14840183,117.00000000,259.00000000,364.00000000,321.00000000,396.00000000,332.00000000,416.00000000,369.00000000,402.00000000,331.00000000,148.00000000,75.00000000
62031,Nautilus Saint Cloud Solar (CSG),MN,1,6.80000000,5.00000000,2019.00000000,30.00000000,180.00000000,45.49556200,-94.11892400,8293.00000000,18.93378995,212.00000000,635.00000000,830.00000000,807.00000000,944.00000000,829.00000000,975.00000000,846.00000000,969.00000000,737.00000000,333.00000000,176.00000000
62032,Nautilus Winsted Solar (CSG),MN,1,4.20000000,3.00000000,2019.00000000,30.00000000,180.00000000,44.94888200,-94.08566100,5367.00000000,20.42237443,182.00000000,364.00000000,546.00000000,503.00000000,594.00000000,498.00000000,639.00000000,551.00000000,624.00000000,450.00000000,259.00000000,157.00000000
62034,Baer Road CSG,NY,1,2.70000000,2.00000000,2018.00000000,20.00000000,180.00000000,41.79700000,-75.06800000,2743.00000000,15.65639269,81.00000000,130.00000000,253.00000000,261.00000000,280.00000000,302.00000000,357.00000000,293.00000000,270.00000000,290.00000000,168.00000000,58.00000000
62036,Sartell Holdco CSG,MN,1,7.50000000,5.00000000,2019.00000000,30.00000000,180.00000000,45.36443000,-94.12329100,8914.00000000,20.35159817,210.00000000,405.00000000,818.00000000,860.00000000,1057.00000000,969.00000000,1129.00000000,975.00000000,1076.00000000,804.00000000,374.00000000,237.00000000
62037,Rollingstone Holdco CSG,MN,1,7.00000000,4.80000000,2019.00000000,25.00000000,180.00000000,44.11442500,-91.79124700,8392.00000000,19.95814307,201.00000000,694.00000000,755.00000000,676.00000000,918.00000000,814.00000000,990.00000000,958.00000000,964.00000000,814.00000000,366.00000000,242.00000000
62040,Becker Solar CSG,MN,1,1.40000000,1.00000000,2019.00000000,30.00000000,180.00000000,45.17553200,-93.68388400,1595.00000000,18.20776256,47.00000000,112.00000000,170.00000000,153.00000000,195.00000000,139.00000000,176.00000000,173.00000000,186.00000000,142.00000000,65.00000000,37.00000000
62041,Cuyahoga County Landfill,OH,1,4.00000000,3.70000000,2018.00000000,25.00000000,180.00000000,41.44312200,-81.75152600,4256.00000000,13.13093916,48.00000000,232.00000000,351.00000000,436.00000000,499.00000000,500.00000000,544.00000000,491.00000000,394.00000000,436.00000000,191.00000000,134.00000000
62043,First Baptist Church of Glenarden,MD,1,2.10000000,1.50000000,2018.00000000,25.00000000,180.00000000,38.82000000,-76.87000000,2953.00000000,22.47336377,106.00000000,220.00000000,245.00000000,246.00000000,247.00000000,317.00000000,283.00000000,280.00000000,394.00000000,281.00000000,186.00000000,148.00000000
62059,East Longmeadow Solar PV,MA,1,7.00000000,5.00000000,2019.00000000,20.00000000,180.00000000,42.04676700,-72.45912300,5151.00000000,11.76027397,205.00000000,602.00000000,760.00000000,564.00000000,930.00000000,1.00000000,0.00000000,390.00000000,434.00000000,560.00000000,450.00000000,255.00000000
62061,Anoka County MN CONX,MN,1,4.60000000,3.40000000,2018.00000000,25.00000000,180.00000000,45.23472200,-93.48295700,5646.00000000,18.95648670,175.00000000,381.00000000,558.00000000,504.00000000,654.00000000,651.00000000,671.00000000,516.00000000,664.00000000,504.00000000,247.00000000,121.00000000
62062,Athens MN CONX,MN,1,8.80000000,6.60000000,2018.00000000,25.00000000,180.00000000,45.45902100,-93.26570600,10451.00000000,18.07631106,244.00000000,943.00000000,988.00000000,951.00000000,1163.00000000,1061.00000000,1330.00000000,1175.00000000,1242.00000000,734.00000000,425.00000000,195.00000000
62063,Greenfield Solar PV,MA,1,2.80000000,2.00000000,2019.00000000,10.00000000,180.00000000,42.64000000,-72.58000000,2943.00000000,16.79794521,41.00000000,208.00000000,263.00000000,281.00000000,340.00000000,369.00000000,371.00000000,286.00000000,275.00000000,257.00000000,169.00000000,83.00000000
62064,Hinsdale Solar PV,MA,1,2.70000000,2.00000000,2019.00000000,10.00000000,180.00000000,42.44000000,-73.11000000,3063.00000000,17.48287671,45.00000000,165.00000000,240.00000000,282.00000000,390.00000000,394.00000000,409.00000000,325.00000000,323.00000000,278.00000000,168.00000000,44.00000000
62065,Savoy Solar PV,MA,1,2.80000000,2.00000000,2019.00000000,10.00000000,180.00000000,42.56000000,-73.05000000,3218.00000000,18.36757991,66.00000000,173.00000000,218.00000000,293.00000000,391.00000000,415.00000000,431.00000000,346.00000000,343.00000000,312.00000000,184.00000000,46.00000000
62066,Southampton Solar PV,MA,1,2.80000000,2.00000000,2019.00000000,10.00000000,180.00000000,42.20000000,-72.71000000,3109.00000000,17.74543379,23.00000000,163.00000000,261.00000000,299.00000000,371.00000000,397.00000000,397.00000000,336.00000000,336.00000000,281.00000000,167.00000000,78.00000000
62072,Springfield Solar PV,MA,1,5.60000000,4.00000000,2019.00000000,10.00000000,180.00000000,42.13445300,-72.54968800,5935.00000000,16.93778539,102.00000000,467.00000000,587.00000000,631.00000000,784.00000000,784.00000000,809.00000000,683.00000000,346.00000000,446.00000000,216.00000000,80.00000000
62073,Hampden Solar PV,MA,1,4.80000000,3.50000000,2019.00000000,20.00000000,180.00000000,42.04565000,-72.45926800,5936.00000000,19.36073059,119.00000000,281.00000000,519.00000000,548.00000000,670.00000000,717.00000000,708.00000000,529.00000000,647.00000000,580.00000000,392.00000000,226.00000000
62075,Pima Community College,AZ,1,1.40000000,1.10000000,2019.00000000,25.00000000,180.00000000,32.16649400,-110.81666900,788.00000000,8.17766708,125.00000000,164.00000000,210.00000000,255.00000000,34.00000000,0.00000000,0.00000000,0.00000000,0.00000000,0.00000000,0.00000000,0.00000000
62082,Southwick Solar PV,MA,1,6.60000000,5.00000000,2019.00000000,20.00000000,180.00000000,42.05000000,-72.75000000,8539.00000000,19.49543379,178.00000000,649.00000000,728.00000000,777.00000000,899.00000000,984.00000000,983.00000000,863.00000000,800.00000000,795.00000000,552.00000000,331.00000000
62084,Becker Solar 2 CSG,MN,1,1.40000000,1.00000000,2019.00000000,30.00000000,180.00000000,45.17461200,-93.68408500,1581.00000000,18.04794521,47.00000000,116.00000000,167.00000000,152.00000000,187.00000000,139.00000000,174.00000000,171.00000000,184.00000000,141.00000000,66.00000000,37.00000000
62085,Becker Solar 3 CSG,MN,1,1.40000000,1.00000000,2019.00000000,30.00000000,180.00000000,45.17494200,-93.68365300,1574.00000000,17.96803653,50.00000000,111.00000000,170.00000000,151.00000000,187.00000000,132.00000000,173.00000000,172.00000000,184.00000000,140.00000000,69.00000000,35.00000000
62086,Becker Solar 4 CSG,MN,1,1.40000000,1.00000000,2019.00000000,30.00000000,180.00000000,45.17566200,-93.67972600,1603.00000000,18.29908676,52.00000000,114.00000000,171.00000000,152.00000000,188.00000000,131.00000000,186.00000000,172.00000000,185.00000000,142.00000000,69.00000000,41.00000000
62087,Becker Solar 5 CSG,MN,1,1.40000000,1.00000000,2019.00000000,30.00000000,180.00000000,45.17565400,-93.67935400,1641.00000000,18.73287671,53.00000000,117.00000000,174.00000000,155.00000000,198.00000000,142.00000000,179.00000000,175.00000000,189.00000000,146.00000000,71.00000000,42.00000000
62088,Schultz CSG,MN,1,2.60000000,1.80000000,2018.00000000,25.00000000,180.00000000,44.55760000,-93.37600000,2905.00000000,18.42338914,98.00000000,127.00000000,187.00000000,295.00000000,371.00000000,323.00000000,349.00000000,318.00000000,342.00000000,277.00000000,141.00000000,77.00000000
62090,Sunderland Solar PV,MA,1,1.40000000,1.10000000,2018.00000000,20.00000000,180.00000000,42.42912600,-72.53988900,1743.00000000,18.08841843,35.00000000,138.00000000,148.00000000,149.00000000,190.00000000,193.00000000,193.00000000,202.00000000,163.00000000,153.00000000,106.00000000,73.00000000
62091,Hatfield Solar PV,MA,1,4.80000000,3.60000000,2018.00000000,20.00000000,180.00000000,42.41000000,-72.57000000,5695.00000000,18.05872653,95.00000000,425.00000000,495.00000000,521.00000000,635.00000000,649.00000000,653.00000000,693.00000000,566.00000000,475.00000000,304.00000000,184.00000000
62092,Montague Site 36-Grosolar,MA,1,5.00000000,4.10000000,2018.00000000,35.00000000,225.00000000,42.50000000,-72.50000000,5933.00000000,16.51910012,187.00000000,460.00000000,492.00000000,518.00000000,653.00000000,641.00000000,704.00000000,570.00000000,554.00000000,537.00000000,349.00000000,268.00000000
62093,East Springfield Solar PV,MA,1,1.90000000,1.40000000,2018.00000000,20.00000000,180.00000000,42.14000000,-72.55000000,1965.00000000,16.02250489,35.00000000,129.00000000,177.00000000,198.00000000,242.00000000,260.00000000,245.00000000,194.00000000,181.00000000,156.00000000,94.00000000,54.00000000
62095,Quarter Horse Solar,NC,1,6.90000000,4.50000000,2018.00000000,20.00000000,180.00000000,34.43700000,-77.64200000,9481.00000000,24.05124302,686.00000000,706.00000000,824.00000000,897.00000000,905.00000000,991.00000000,856.00000000,809.00000000,687.00000000,848.00000000,637.00000000,635.00000000
62096,Atkinson Solar II,NC,1,2.80000000,1.90000000,2018.00000000,25.00000000,180.00000000,34.89700000,-77.79200000,3756.00000000,22.56669070,271.00000000,301.00000000,333.00000000,358.00000000,350.00000000,367.00000000,320.00000000,333.00000000,283.00000000,350.00000000,246.00000000,244.00000000
62097,Ludlow Site 72 - Conti,MA,1,2.10000000,1.90000000,2018.00000000,20.00000000,180.00000000,42.16456100,-72.44624600,2480.00000000,14.90026436,55.00000000,199.00000000,222.00000000,225.00000000,237.00000000,297.00000000,291.00000000,250.00000000,238.00000000,222.00000000,153.00000000,91.00000000
62100,Warrenton I Solar,NC,1,6.90000000,4.90000000,2018.00000000,20.00000000,180.00000000,36.41200000,-78.17800000,7306.00000000,17.02078092,469.00000000,683.00000000,810.00000000,114.00000000,789.00000000,974.00000000,798.00000000,755.00000000,545.00000000,656.00000000,250.00000000,463.00000000
62102,Sadiebrook NC Solar,NC,1,6.70000000,5.00000000,2018.00000000,25.00000000,180.00000000,34.44000000,-78.65800000,8630.00000000,19.70319635,654.00000000,709.00000000,804.00000000,816.00000000,833.00000000,697.00000000,559.00000000,824.00000000,660.00000000,861.00000000,615.00000000,598.00000000
62118,"WED GW Solar, LLC",RI,1,3.60000000,3.00000000,2019.00000000,25.00000000,180.00000000,41.93703300,-71.48757400,4403.00000000,16.75418569,104.00000000,306.00000000,395.00000000,393.00000000,454.00000000,547.00000000,488.00000000,461.00000000,391.00000000,397.00000000,299.00000000,168.00000000
62119,University Park Solar,PA,1,2.00000000,1.50000000,2018.00000000,30.00000000,180.00000000,40.81701900,-77.84411700,2270.00000000,17.27549467,58.00000000,188.00000000,177.00000000,210.00000000,251.00000000,283.00000000,301.00000000,244.00000000,203.00000000,188.00000000,111.00000000,56.00000000
62131,"Red Toad 4451 Buffalo Road, LLC",NC,1,3.00000000,2.00000000,2018.00000000,20.00000000,180.00000000,35.55739700,-78.29733600,4093.19000000,23.36295662,251.00000000,311.00000000,348.00000000,381.00000000,395.00000000,431.00000000,376.00000000,397.00000000,313.83000000,391.00000000,261.36000000,237.00000000
62135,Palmer,MA,1,4.90000000,3.50000000,2019.00000000,25.00000000,180.00000000,42.20382000,-72.32536000,5873.00000000,19.15525114,136.00000000,454.00000000,484.00000000,529.00000000,495.00000000,689.00000000,682.00000000,607.00000000,569.00000000,581.00000000,405.00000000,242.00000000
62136,"Arthur Solar, LLC",NC,1,7.50000000,5.00000000,2018.00000000,20.00000000,180.00000000,34.16087000,-78.84663000,10125.00000000,23.11643836,705.00000000,785.00000000,929.00000000,971.00000000,927.00000000,1015.00000000,936.00000000,890.00000000,740.00000000,937.00000000,647.00000000,643.00000000
62137,Eichtens II CSG,MN,1,1.40000000,1.00000000,2018.00000000,30.00000000,180.00000000,45.39658100,-92.78262700,1633.00000000,18.64155251,115.00000000,62.00000000,164.00000000,220.00000000,27.00000000,154.00000000,215.00000000,192.00000000,197.00000000,161.00000000,97.00000000,29.00000000
62138,Barone CSG,MN,1,1.40000000,1.00000000,2018.00000000,30.00000000,179.00000000,44.94451300,-94.07389900,1872.00000000,21.36986301,105.00000000,98.00000000,172.00000000,361.00000000,32.00000000,160.00000000,211.00000000,182.00000000,220.00000000,183.00000000,97.00000000,51.00000000
62139,Huneke II CSG,MN,1,1.40000000,1.10000000,2018.00000000,30.00000000,180.00000000,44.29715400,-92.74154500,1778.00000000,18.45163968,68.00000000,110.00000000,178.00000000,360.00000000,1.00000000,140.00000000,202.00000000,192.00000000,205.00000000,184.00000000,87.00000000,51.00000000
62145,Minisink Solar 1 LLC,NY,1,2.80000000,1.80000000,2018.00000000,25.00000000,180.00000000,41.32122400,-74.51408400,3571.00000000,22.64713343,105.00000000,280.00000000,304.00000000,307.00000000,373.00000000,398.00000000,400.00000000,339.00000000,317.00000000,354.00000000,238.00000000,156.00000000
62146,Minisink Community Solar 2 LLC,NY,1,2.80000000,2.00000000,2018.00000000,25.00000000,180.00000000,41.31935100,-74.51527800,1012.00000000,5.77625571,96.00000000,257.00000000,277.00000000,283.00000000,99.00000000,0.00000000,0.00000000,0.00000000,0.00000000,0.00000000,0.00000000,0.00000000
62150,Chaffey College Rancho Cucamonga Campus,CA,1,4.40000000,4.00000000,2017.00000000,7.00000000,180.00000000,34.14813900,-117.57040400,6636.00000000,18.93835616,415.00000000,373.00000000,549.00000000,694.00000000,689.00000000,691.00000000,751.00000000,694.00000000,515.00000000,460.00000000,427.00000000,378.00000000
62151,Clif Bar Bakery of Twin Falls,ID,1,2.00000000,1.60000000,2019.00000000,25.00000000,180.00000000,42.54096800,-114.41252300,2720.00000000,19.40639269,113.00000000,153.00000000,218.00000000,297.00000000,313.00000000,324.00000000,294.00000000,283.00000000,236.00000000,222.00000000,152.00000000,115.00000000
62152,IKEA Live Oak Rooftop PV System,TX,1,1.80000000,1.70000000,2019.00000000,5.00000000,153.00000000,29.48000000,-98.25000000,2103.00000000,14.12167607,120.00000000,122.00000000,169.00000000,176.00000000,188.00000000,224.00000000,217.00000000,239.00000000,200.00000000,190.00000000,147.00000000,111.00000000
62154,Kelly Bridge Road Community Solar Farm,NY,1,2.70000000,2.00000000,2020.00000000,20.00000000,180.00000000,41.77542200,-74.77646400,3318.00000000,18.93835616,85.00000000,242.00000000,283.00000000,290.00000000,361.00000000,376.00000000,394.00000000,329.00000000,328.00000000,333.00000000,203.00000000,94.00000000
62155,Hospital Rd Community Solar Farm CSG,NY,1,1.70000000,1.40000000,2019.00000000,20.00000000,189.00000000,41.77477200,-75.03607400,2035.44000000,16.59686888,83.00000000,150.48000000,167.00000000,178.20000000,229.00000000,228.69000000,244.00000000,193.05000000,198.00000000,196.02000000,121.00000000,47.00000000
62156,Pool Brook Rd Community Solar Farm,NY,1,2.77000000,2.00000000,2019.00000000,25.00000000,180.00000000,42.54217500,-75.08337800,2967.00000000,16.93493151,56.00000000,227.00000000,224.00000000,273.00000000,359.00000000,351.00000000,390.00000000,282.00000000,314.00000000,263.00000000,165.00000000,63.00000000
62157,Breesport Road Community Solar Farm,NY,1,2.80000000,2.00000000,2019.00000000,25.00000000,180.00000000,42.08800000,-76.71300000,2755.00000000,15.72488584,62.00000000,228.00000000,252.00000000,270.00000000,363.00000000,350.00000000,178.00000000,188.00000000,307.00000000,307.00000000,172.00000000,78.00000000
62158,Sacket Lake Rd #1 Community Solar Farm,NY,1,2.80000000,2.00000000,2020.00000000,25.00000000,180.00000000,41.38251000,-74.43526000,3226.00000000,18.41324201,87.00000000,271.00000000,280.00000000,270.00000000,262.00000000,373.00000000,396.00000000,303.00000000,331.00000000,348.00000000,216.00000000,89.00000000
62159,Sacket Lake Rd #2 Community Solar Farm,NY,1,2.40000000,1.70000000,2019.00000000,25.00000000,180.00000000,41.38251000,-74.43526000,2698.00000000,18.11710986,106.00000000,129.00000000,243.00000000,241.00000000,220.00000000,314.00000000,329.00000000,269.00000000,260.00000000,298.00000000,181.00000000,108.00000000
62160,Turner Rd Community Solar Project,NY,1,2.70000000,2.00000000,2019.00000000,25.00000000,180.00000000,42.09305000,-76.67848000,2898.00000000,16.54109589,166.00000000,201.00000000,231.00000000,239.00000000,324.00000000,324.00000000,344.00000000,299.00000000,310.00000000,225.00000000,172.00000000,63.00000000
62167,County Home Solar LLC,NC,1,7.20000000,4.90000000,2018.00000000,20.00000000,180.00000000,34.92545200,-79.72285200,8649.00000000,20.14956668,654.00000000,735.00000000,872.00000000,921.00000000,946.00000000,1004.00000000,930.00000000,158.00000000,482.00000000,788.00000000,613.00000000,546.00000000
62168,Church Road Solar LLC,NC,1,5.20000000,5.00000000,2018.00000000,20.00000000,180.00000000,35.52366300,-78.62535200,7410.00000000,16.91780822,487.00000000,545.00000000,631.00000000,699.00000000,702.00000000,769.00000000,695.00000000,703.00000000,573.00000000,690.00000000,468.00000000,448.00000000
62169,Boring Solar LLC,OR,1,3.40000000,2.20000000,2019.00000000,20.00000000,180.00000000,45.43100000,-122.28500000,3706.00000000,19.22997094,81.00000000,170.00000000,323.00000000,340.00000000,421.00000000,424.00000000,567.00000000,479.00000000,387.00000000,292.00000000,122.00000000,100.00000000
62170,Ballston Solar LLC,OR,1,2.90000000,2.20000000,2018.00000000,20.00000000,180.00000000,45.07700000,-123.39500000,3586.00000000,18.60730594,78.00000000,164.00000000,293.00000000,376.00000000,449.00000000,447.00000000,529.00000000,438.00000000,359.00000000,273.00000000,101.00000000,79.00000000
62171,Labish Solar LLC,OR,1,3.30000000,2.20000000,2018.00000000,20.00000000,180.00000000,45.02300000,-122.92200000,3898.00000000,20.22623495,77.00000000,197.00000000,333.00000000,410.00000000,487.00000000,490.00000000,560.00000000,470.00000000,395.00000000,298.00000000,106.00000000,75.00000000
62193,Winegar CSG,MN,1,1.40000000,1.00000000,2018.00000000,30.00000000,181.00000000,44.11283000,-93.50725800,1724.00000000,19.68036530,58.00000000,117.00000000,174.00000000,352.00000000,21.00000000,149.00000000,170.00000000,139.00000000,227.00000000,181.00000000,96.00000000,40.00000000
62194,Bolduan CSG,MN,1,1.40000000,1.00000000,2018.00000000,30.00000000,181.00000000,43.90616100,-93.48935300,1787.00000000,20.39954338,57.00000000,118.00000000,168.00000000,352.00000000,10.00000000,142.00000000,193.00000000,194.00000000,224.00000000,181.00000000,89.00000000,59.00000000
62195,Guse CSG,MN,1,1.40000000,1.00000000,2018.00000000,30.00000000,178.00000000,44.09202100,-93.70776300,1784.00000000,20.36529680,72.00000000,110.00000000,175.00000000,365.00000000,17.00000000,128.00000000,196.00000000,188.00000000,199.00000000,182.00000000,96.00000000,56.00000000
62196,"Hadley 2 Solar, LLC CSG",MA,1,2.40000000,1.90000000,2016.00000000,25.00000000,1.00000000,42.35123700,-72.55650500,2953.00000000,17.74212930,68.00000000,225.00000000,259.00000000,262.00000000,324.00000000,320.00000000,335.00000000,275.00000000,270.00000000,278.00000000,199.00000000,138.00000000
62197,East Bridgewater Solar,MA,1,2.80000000,2.30000000,2017.00000000,20.00000000,180.00000000,42.05989500,-70.98174600,3371.00000000,16.73118920,91.00000000,228.00000000,242.00000000,329.00000000,375.00000000,410.00000000,365.00000000,367.00000000,295.00000000,299.00000000,228.00000000,142.00000000
62198,"Griffin Road Solar, LLC CSG",MA,1,2.60000000,2.00000000,2018.00000000,25.00000000,173.00000000,42.14663300,-72.00438400,3228.00000000,18.42465753,78.00000000,219.00000000,281.00000000,296.00000000,353.00000000,379.00000000,347.00000000,331.00000000,304.00000000,292.00000000,216.00000000,132.00000000
62199,"Ashby Solar, LLC CSG",MA,1,2.30000000,1.80000000,2018.00000000,25.00000000,6.00000000,42.63016300,-71.79872300,3033.00000000,19.23515982,70.00000000,237.00000000,263.00000000,280.00000000,309.00000000,340.00000000,352.00000000,295.00000000,285.00000000,270.00000000,204.00000000,128.00000000
62201,Dudley Solar CSG,MA,1,2.40000000,1.90000000,2017.00000000,20.00000000,182.00000000,42.05390000,-71.92290000,2799.00000000,16.81687094,66.00000000,196.00000000,252.00000000,262.00000000,305.00000000,332.00000000,299.00000000,283.00000000,257.00000000,255.00000000,192.00000000,100.00000000
62202,Williamsburg,MA,1,6.00000000,4.00000000,2019.00000000,25.00000000,180.00000000,42.42585500,-72.76899900,6620.00000000,18.89269406,169.00000000,607.00000000,537.00000000,652.00000000,736.00000000,682.00000000,668.00000000,546.00000000,706.00000000,479.00000000,508.00000000,330.00000000
62203,"Monson Solar, LLC",MA,1,2.60000000,2.00000000,2017.00000000,30.00000000,6.00000000,42.09829200,-72.29007100,3339.00000000,19.05821918,79.00000000,263.00000000,293.00000000,287.00000000,349.00000000,367.00000000,359.00000000,323.00000000,313.00000000,325.00000000,237.00000000,144.00000000
62205,"Nickelson Solar, LLC",NC,1,7.10000000,5.30000000,2018.00000000,20.00000000,180.00000000,34.74710300,-77.98737500,9531.00000000,20.52856035,672.00000000,751.00000000,867.00000000,914.00000000,973.00000000,1022.00000000,846.00000000,866.00000000,629.00000000,755.00000000,622.00000000,614.00000000
62208,NIST Solar,MD,1,5.00000000,4.00000000,2018.00000000,25.00000000,180.00000000,39.12700000,-77.21600000,5553.00000000,15.84760274,208.00000000,485.00000000,536.00000000,108.00000000,575.00000000,760.00000000,675.00000000,647.00000000,350.00000000,532.00000000,393.00000000,284.00000000
62209,Randolph CSG PV1-5,MN,5,6.50000000,5.00000000,2019.00000000,25.00000000,180.00000000,44.52767100,-92.97211100,4929.00000000,11.25342466,330.00000000,596.00000000,804.00000000,489.00000000,343.00000000,0.00000000,0.00000000,747.00000000,618.00000000,353.00000000,390.00000000,259.00000000
62210,Felton CSG PV1-5,MN,5,6.50000000,5.00000000,2019.00000000,25.00000000,180.00000000,44.54170400,-92.97358400,8324.00000000,19.00456621,337.00000000,598.00000000,833.00000000,772.00000000,964.00000000,744.00000000,978.00000000,906.00000000,745.00000000,792.00000000,391.00000000,264.00000000
62226,"Westminster Renewables, LLC CSG",MA,1,2.10000000,1.50000000,2018.00000000,25.00000000,9.00000000,42.58367100,-71.89624200,1983.00000000,15.09132420,68.00000000,157.00000000,208.00000000,159.00000000,247.00000000,197.00000000,209.00000000,186.00000000,170.00000000,164.00000000,130.00000000,88.00000000
62228,Otis Elevator Company Solar,SC,1,1.20000000,1.00000000,2018.00000000,25.00000000,148.00000000,34.23933000,-79.79227000,1540.00000000,17.57990868,105.00000000,118.00000000,146.00000000,163.00000000,158.00000000,172.00000000,80.00000000,136.00000000,116.00000000,144.00000000,103.00000000,99.00000000
62241,NorWest Energy 9 LLC,OR,1,8.40000000,6.00000000,2018.00000000,30.00000000,180.00000000,45.91700000,-119.34300000,10738.00000000,20.42998478,244.00000000,505.00000000,1067.00000000,1036.00000000,1348.00000000,1391.00000000,1444.00000000,1184.00000000,941.00000000,940.00000000,388.00000000,250.00000000
62246,Target Woodland Solar Project,CA,1,2.50000000,2.30000000,2018.00000000,10.00000000,181.00000000,38.68274600,-121.72345100,2889.00000000,14.33889220,126.00000000,165.00000000,251.00000000,324.00000000,390.00000000,356.00000000,332.00000000,286.00000000,230.00000000,176.00000000,146.00000000,107.00000000
62264,Pittsfield 44 - M&W PV,MA,1,1.40000000,1.20000000,2018.00000000,20.00000000,180.00000000,42.48741900,-73.21583300,1691.00000000,16.08637747,31.00000000,125.00000000,133.00000000,150.00000000,184.00000000,199.00000000,213.00000000,182.00000000,175.00000000,163.00000000,103.00000000,33.00000000
62266,Plymouth Solar,MA,1,1.40000000,1.10000000,2018.00000000,3.00000000,51.00000000,41.94726000,-70.68842700,1470.00000000,15.25529265,47.00000000,74.00000000,121.00000000,153.00000000,179.00000000,190.00000000,157.00000000,170.00000000,135.00000000,113.00000000,73.00000000,58.00000000
62286,Xebec 1,CA,1,2.10000000,1.90000000,2018.00000000,10.00000000,180.00000000,34.22404100,-118.39292100,2291.00000000,13.76472002,142.00000000,125.00000000,203.00000000,229.00000000,237.00000000,229.00000000,240.00000000,232.00000000,204.00000000,171.00000000,153.00000000,126.00000000
62287,Francisco St. Solar,CA,1,1.30000000,1.20000000,2018.00000000,10.00000000,180.00000000,33.84820000,-118.30550000,1206.00000000,11.47260274,100.00000000,95.00000000,123.00000000,134.00000000,111.00000000,118.00000000,131.00000000,120.00000000,92.00000000,77.00000000,60.00000000,45.00000000
62301,Richmond NMCA,RI,1,5.10000000,4.00000000,2018.00000000,15.00000000,180.00000000,41.44019100,-71.71538700,5857.00000000,16.71518265,214.00000000,404.00000000,573.00000000,545.00000000,655.00000000,768.00000000,615.00000000,565.00000000,570.00000000,468.00000000,330.00000000,150.00000000
62302,Founders Homestead Farms Solar,RI,1,5.80000000,4.50000000,2019.00000000,15.00000000,180.00000000,41.57677000,-71.27820000,6727.00000000,17.06494165,207.00000000,366.00000000,513.00000000,535.00000000,759.00000000,876.00000000,726.00000000,791.00000000,625.00000000,629.00000000,426.00000000,274.00000000
62303,Mattas Farms,NY,1,2.80000000,2.00000000,2018.00000000,25.00000000,180.00000000,42.89371400,-74.21625100,2869.00000000,16.37557078,27.00000000,182.00000000,242.00000000,269.00000000,392.00000000,376.00000000,203.00000000,306.00000000,363.00000000,255.00000000,194.00000000,60.00000000
62306,IFF Union Beach Project,NJ,1,6.80000000,5.50000000,2019.00000000,15.00000000,180.00000000,40.44657400,-74.15462700,8851.00000000,18.37069323,256.00000000,610.00000000,774.00000000,812.00000000,909.00000000,1071.00000000,1005.00000000,896.00000000,766.00000000,819.00000000,540.00000000,393.00000000
62321,Cedar Falls Solar Farm,IA,1,2.00000000,1.50000000,2016.00000000,25.00000000,180.00000000,42.48140900,-92.45818400,2430.00000000,18.49315068,39.00000000,199.00000000,214.00000000,226.00000000,267.00000000,262.00000000,264.00000000,275.00000000,250.00000000,238.00000000,108.00000000,88.00000000
62324,Dynamic - Walpole,MA,1,2.40000000,2.00000000,2017.00000000,15.00000000,180.00000000,42.13320800,-71.27194500,2635.00000000,15.03995434,45.00000000,199.00000000,251.00000000,290.00000000,333.00000000,333.00000000,255.00000000,281.00000000,202.00000000,200.00000000,161.00000000,85.00000000
62325,46 Meadowlands Parkway,NJ,1,2.00000000,1.50000000,2018.00000000,10.00000000,202.00000000,40.78976000,-74.07152100,2534.00000000,19.28462709,71.00000000,147.00000000,220.00000000,238.00000000,280.00000000,316.00000000,312.00000000,238.00000000,220.00000000,230.00000000,148.00000000,114.00000000
62326,77 Metro Way,NJ,1,1.20000000,1.00000000,2018.00000000,10.00000000,160.00000000,40.77051600,-74.07223900,1523.00000000,17.38584475,41.00000000,89.00000000,133.00000000,145.00000000,166.00000000,193.00000000,185.00000000,156.00000000,134.00000000,136.00000000,86.00000000,59.00000000
62327,"Synergen Panorama, LLC CSG",MD,1,6.60000000,5.00000000,2019.00000000,25.00000000,180.00000000,38.77210700,-76.97337900,7893.00000000,18.02054795,322.00000000,675.00000000,738.00000000,763.00000000,747.00000000,839.00000000,865.00000000,776.00000000,635.00000000,584.00000000,488.00000000,461.00000000
62331,Sol Phoenix,MD,1,3.10000000,2.50000000,2020.00000000,15.00000000,180.00000000,38.85000000,-76.95000000,3554.00000000,16.22831050,95.00000000,206.00000000,317.00000000,325.00000000,349.00000000,447.00000000,444.00000000,398.00000000,301.00000000,339.00000000,198.00000000,135.00000000
62355,IKEA Norfolk Rooftop PV System,VA,1,1.26000000,0.90000000,2019.00000000,10.00000000,130.50000000,36.87587700,-76.20093500,1444.00000000,18.31557585,83.00000000,105.00000000,125.00000000,144.00000000,153.00000000,172.00000000,149.00000000,145.00000000,105.00000000,105.00000000,82.00000000,76.00000000
62363,Barre Solar III LLC,MA,1,1.30000000,1.00000000,2018.00000000,25.00000000,180.00000000,42.41933100,-72.11390100,1465.00000000,16.72374429,62.00000000,120.00000000,116.00000000,137.00000000,140.00000000,156.00000000,154.00000000,147.00000000,142.00000000,134.00000000,95.00000000,62.00000000
62368,BWC Origination 18,MA,1,6.00000000,4.80000000,2018.00000000,20.00000000,180.00000000,41.67908100,-70.83639100,7639.00000000,18.16733257,291.00000000,475.00000000,641.00000000,671.00000000,756.00000000,920.00000000,786.00000000,829.00000000,691.00000000,704.00000000,526.00000000,349.00000000
62369,BWC Gibbs Brook,MA,1,5.20000000,4.00000000,2018.00000000,20.00000000,180.00000000,41.77486400,-70.69593400,6427.00000000,18.34189498,270.00000000,394.00000000,503.00000000,628.00000000,705.00000000,792.00000000,702.00000000,502.00000000,588.00000000,604.00000000,434.00000000,305.00000000
62370,BWC Wareham River,MA,1,1.40000000,1.00000000,2018.00000000,20.00000000,180.00000000,41.78373300,-70.69324200,1702.00000000,19.42922374,75.00000000,112.00000000,135.00000000,163.00000000,183.00000000,207.00000000,185.00000000,122.00000000,158.00000000,156.00000000,120.00000000,86.00000000
62371,BWC Harlow Brook,MA,1,1.80000000,1.50000000,2018.00000000,20.00000000,180.00000000,41.78285400,-70.69071700,2182.00000000,16.60578387,89.00000000,140.00000000,169.00000000,215.00000000,243.00000000,274.00000000,242.00000000,179.00000000,203.00000000,184.00000000,144.00000000,100.00000000
62372,BWC Pocasset River,MA,1,1.80000000,1.50000000,2018.00000000,20.00000000,180.00000000,41.78218100,-70.68772800,2355.00000000,17.92237443,95.00000000,143.00000000,180.00000000,221.00000000,248.00000000,279.00000000,246.00000000,252.00000000,210.00000000,214.00000000,157.00000000,110.00000000
62374,JBAB - Washington DC,DC,1,7.00000000,5.90000000,2019.00000000,10.00000000,70.00000000,38.85265500,-77.00929100,8167.00000000,15.80179553,231.00000000,558.00000000,722.00000000,793.00000000,822.00000000,1067.00000000,962.00000000,903.00000000,644.00000000,701.00000000,430.00000000,334.00000000
62393,Atlanta Falcons Solar,GA,3,1.30000000,1.00000000,2017.00000000,7.53846154,199.06168770,33.75542100,-84.40093300,1055.00000000,12.04337900,59.00000000,68.00000000,78.00000000,111.00000000,115.00000000,124.00000000,107.00000000,123.00000000,74.00000000,93.00000000,52.00000000,51.00000000
62395,Bell Bay Solar Farm,SC,1,2.00000000,1.60000000,2018.00000000,25.00000000,225.00000000,33.66767500,-78.91798800,2399.00000000,17.11615297,173.00000000,188.00000000,221.00000000,246.00000000,233.00000000,255.00000000,216.00000000,204.00000000,177.00000000,196.00000000,151.00000000,139.00000000
62396,Jamison Solar Farm,SC,1,1.60000000,1.20000000,2019.00000000,15.00000000,180.00000000,33.57398000,-80.83710500,1869.00000000,17.77968037,133.00000000,145.00000000,196.00000000,196.00000000,173.00000000,205.00000000,155.00000000,166.00000000,106.00000000,167.00000000,116.00000000,111.00000000
62397,Runway Solar Farm,SC,1,2.70000000,2.00000000,2019.00000000,15.00000000,180.00000000,33.66767500,-78.91798800,3419.00000000,19.51484018,216.00000000,256.00000000,281.00000000,308.00000000,335.00000000,387.00000000,324.00000000,309.00000000,268.00000000,309.00000000,227.00000000,199.00000000
62405,UMCES Ground Mount,MD,1,2.70000000,2.00000000,2018.00000000,20.00000000,180.00000000,38.58306400,-76.13475000,3451.00000000,19.69748858,174.00000000,270.00000000,297.00000000,313.00000000,283.00000000,403.00000000,366.00000000,351.00000000,273.00000000,301.00000000,229.00000000,191.00000000
62407,Anne Arundel County Public Schools,MD,1,1.40000000,1.00000000,2017.00000000,20.00000000,180.00000000,39.13728000,-76.49804100,1797.00000000,20.51369863,63.00000000,144.00000000,160.00000000,162.00000000,173.00000000,210.00000000,194.00000000,177.00000000,141.00000000,174.00000000,111.00000000,88.00000000
62409,Waynesboro Community Solar,GA,1,3.20000000,2.40000000,2019.00000000,23.00000000,180.00000000,33.17059300,-81.82393800,4138.00000000,19.68226788,323.00000000,322.00000000,360.00000000,374.00000000,353.00000000,409.00000000,397.00000000,379.00000000,264.00000000,388.00000000,275.00000000,294.00000000
62412,Daum Solar,NY,1,5.50000000,4.00000000,2020.00000000,20.00000000,180.00000000,42.76079900,-77.24733300,6112.00000000,17.44292237,153.00000000,396.00000000,510.00000000,506.00000000,706.00000000,710.00000000,825.00000000,653.00000000,615.00000000,563.00000000,323.00000000,152.00000000
62438,Heller 400M,NJ,3,1.24000000,1.20000000,2013.00000000,5.00000000,220.00000000,40.49870000,-74.38780000,1406.00000000,13.37519026,35.00000000,79.00000000,126.00000000,141.00000000,154.00000000,175.00000000,166.00000000,145.00000000,123.00000000,126.00000000,79.00000000,57.00000000
62439,Owens Corning,NJ,1,3.40000000,2.80000000,2016.00000000,30.00000000,180.00000000,39.83878400,-75.05299600,4125.00000000,16.81751468,169.00000000,308.00000000,380.00000000,366.00000000,355.00000000,435.00000000,434.00000000,393.00000000,339.00000000,449.00000000,280.00000000,217.00000000
62443,Westminster,VT,1,2.60000000,1.80000000,2016.00000000,30.00000000,180.00000000,43.08640000,-72.45540000,2792.00000000,17.70674784,64.00000000,232.00000000,235.00000000,264.00000000,303.00000000,309.00000000,318.00000000,268.00000000,261.00000000,249.00000000,167.00000000,122.00000000
62451,Rantoul Solar,IL,1,2.20000000,2.00000000,2016.00000000,25.00000000,180.00000000,40.28672600,-88.13279700,3068.00000000,17.51141553,98.00000000,228.00000000,281.00000000,275.00000000,330.00000000,334.00000000,339.00000000,351.00000000,297.00000000,295.00000000,131.00000000,109.00000000
62454,Lakewood Cheddar School,NJ,1,1.10000000,1.00000000,2013.00000000,15.00000000,171.00000000,40.07090000,-74.18080000,676.00000000,7.71689498,5.00000000,28.00000000,47.00000000,55.00000000,71.00000000,97.00000000,88.00000000,78.00000000,58.00000000,66.00000000,42.00000000,41.00000000
62468,Music City Community Solar,TN,1,2.00000000,1.60000000,2018.00000000,27.00000000,180.00000000,36.24883200,-86.74677600,2464.00000000,17.57990868,85.00000000,194.00000000,232.00000000,227.00000000,219.00000000,247.00000000,236.00000000,279.00000000,201.00000000,269.00000000,142.00000000,133.00000000
62471,Washington St Community Solar Farm #4,NY,1,3.40000000,2.50000000,2020.00000000,25.00000000,180.00000000,43.17500000,-77.84900000,2318.00000000,10.58447489,81.00000000,255.00000000,325.00000000,296.00000000,498.00000000,245.00000000,0.00000000,0.00000000,83.00000000,312.00000000,155.00000000,68.00000000
62472,Washington St Community Solar Farm #1,NY,1,2.80000000,2.20000000,2020.00000000,25.00000000,180.00000000,43.17300000,-77.84600000,3240.00000000,16.81195517,55.00000000,209.00000000,275.00000000,266.00000000,405.00000000,376.00000000,421.00000000,360.00000000,333.00000000,298.00000000,171.00000000,71.00000000
62473,Washington St Community Solar Farm #3,NY,1,3.40000000,2.50000000,2020.00000000,25.00000000,180.00000000,43.17200000,-77.84400000,3688.00000000,16.84018265,49.00000000,188.00000000,278.00000000,296.00000000,482.00000000,451.00000000,503.00000000,409.00000000,373.00000000,365.00000000,212.00000000,82.00000000
62474,Gaskill Rd Community Solar Farm CSG,NY,1,6.30000000,5.00000000,2019.00000000,25.00000000,192.00000000,42.11600000,-76.18300000,5648.00000000,12.89497717,116.00000000,460.00000000,388.00000000,566.00000000,733.00000000,679.00000000,877.00000000,400.00000000,476.00000000,437.00000000,352.00000000,164.00000000
62476,Big Tree Community Solar Farm,NY,1,2.80000000,2.00000000,2021.00000000,25.00000000,180.00000000,42.76600000,-78.55900000,3128.00000000,17.85388128,32.00000000,205.00000000,235.00000000,271.00000000,404.00000000,346.00000000,442.00000000,358.00000000,348.00000000,308.00000000,145.00000000,34.00000000
62477,Dryden Rd #2 Community Solar Farm CSG,NY,1,1.70000000,1.30000000,2019.00000000,25.00000000,180.00000000,42.48782100,-76.31998300,1534.00000000,13.47031963,52.00000000,138.00000000,155.00000000,132.00000000,226.00000000,213.00000000,225.00000000,40.00000000,140.00000000,72.00000000,90.00000000,51.00000000
62479,Woodoak Drive Community Solar Farm CSG,NY,1,2.70000000,2.00000000,2019.00000000,25.00000000,185.00000000,41.59400000,-75.02700000,2506.00000000,14.30365297,88.00000000,181.00000000,174.00000000,261.00000000,312.00000000,290.00000000,310.00000000,264.00000000,255.00000000,118.00000000,153.00000000,100.00000000
62480,Burritt Rd Community Solar Farm,NY,1,2.80000000,2.00000000,2020.00000000,25.00000000,180.00000000,43.27500000,-77.76400000,3282.00000000,18.73287671,73.00000000,192.00000000,287.00000000,274.00000000,408.00000000,375.00000000,427.00000000,354.00000000,349.00000000,293.00000000,171.00000000,79.00000000
62486,CMR Solar LLC,NY,1,2.80000000,2.00000000,2019.00000000,0.00000000,180.00000000,41.56184700,-74.34591200,3596.00000000,20.52511416,99.00000000,271.00000000,304.00000000,301.00000000,386.00000000,396.00000000,400.00000000,339.00000000,336.00000000,356.00000000,247.00000000,161.00000000
62496,Telegraph Rd #1 Community Solar Farm,NY,1,4.90000000,3.80000000,2021.00000000,25.00000000,180.00000000,42.56167200,-78.17953000,5502.00000000,16.52847873,147.00000000,398.00000000,528.00000000,514.00000000,731.00000000,561.00000000,419.00000000,556.00000000,655.00000000,600.00000000,288.00000000,105.00000000
62498,Telegraph Rd #2 Community Solar Farm,NY,1,2.60000000,2.00000000,2021.00000000,25.00000000,180.00000000,42.55947500,-78.17941100,3293.00000000,18.79566210,80.00000000,213.00000000,282.00000000,276.00000000,390.00000000,373.00000000,430.00000000,373.00000000,346.00000000,317.00000000,155.00000000,58.00000000
62503,Winchendon Landfill Solar,MA,1,2.70000000,2.00000000,2018.00000000,25.00000000,180.00000000,42.68968700,-72.08567100,2752.00000000,15.70776256,66.00000000,252.00000000,265.00000000,294.00000000,341.00000000,356.00000000,368.00000000,288.00000000,266.00000000,123.00000000,8.00000000,125.00000000
62504,Frey Rd #1 Community Solar Farm,NY,1,2.40000000,2.00000000,2020.00000000,25.00000000,180.00000000,43.09986600,-77.34513000,2472.00000000,14.10958904,206.00000000,206.00000000,206.00000000,206.00000000,206.00000000,206.00000000,206.00000000,206.00000000,206.00000000,206.00000000,206.00000000,206.00000000
62507,County Route 11 Community Solar Farm,NY,1,5.50000000,4.10000000,2020.00000000,25.00000000,180.00000000,44.93500000,-73.67700000,5628.00000000,15.66989642,469.00000000,469.00000000,469.00000000,469.00000000,469.00000000,469.00000000,469.00000000,469.00000000,469.00000000,469.00000000,469.00000000,469.00000000
62508,Furnace Rd Community Solar Farm,NY,1,4.00000000,3.00000000,2020.00000000,25.00000000,180.00000000,43.24100000,-77.27000000,4704.00000000,17.89954338,392.00000000,392.00000000,392.00000000,392.00000000,392.00000000,392.00000000,392.00000000,392.00000000,392.00000000,392.00000000,392.00000000,392.00000000
62517,Yellow Mills Rd #1 Community Solar Farm,NY,1,2.60000000,2.30000000,2022.00000000,25.00000000,180.00000000,43.01784800,-77.26049000,2967.00000000,14.72602740,71.00000000,231.00000000,227.00000000,292.00000000,411.00000000,402.00000000,171.00000000,290.00000000,368.00000000,318.00000000,88.00000000,98.00000000
62518,Yellow Mills Rd #2 Community Solar Farm,NY,1,2.70000000,2.30000000,2022.00000000,25.00000000,180.00000000,43.01641900,-77.26091000,3296.00000000,16.35894382,31.00000000,208.00000000,230.00000000,295.00000000,412.00000000,405.00000000,454.00000000,391.00000000,367.00000000,318.00000000,88.00000000,97.00000000
62519,Yellow Mills Rd #3 Community Solar Farm,NY,1,2.60000000,2.30000000,2022.00000000,25.00000000,180.00000000,43.01530100,-77.26066200,3010.00000000,14.93944808,67.00000000,41.00000000,215.00000000,285.00000000,397.00000000,387.00000000,427.00000000,377.00000000,342.00000000,301.00000000,82.00000000,89.00000000
62521,Frey Rd #2 Community Solar Farm,NY,1,2.00000000,1.40000000,2020.00000000,25.00000000,180.00000000,43.09989300,-77.34349500,2472.00000000,20.15655577,206.00000000,206.00000000,206.00000000,206.00000000,206.00000000,206.00000000,206.00000000,206.00000000,206.00000000,206.00000000,206.00000000,206.00000000
62524,Route 22 Community Solar Farm CSG,NY,1,5.00000000,3.70000000,2021.00000000,25.00000000,180.00000000,44.72507600,-73.46703400,6360.00000000,19.62236209,530.00000000,530.00000000,530.00000000,530.00000000,530.00000000,530.00000000,530.00000000,530.00000000,530.00000000,530.00000000,530.00000000,530.00000000
62525,Villa Roma Rd #1,NY,1,2.40000000,2.00000000,2020.00000000,20.00000000,194.00000000,41.75708300,-74.96095900,2740.00000000,15.63926941,68.00000000,231.00000000,247.00000000,219.00000000,322.00000000,334.00000000,199.00000000,264.00000000,290.00000000,298.00000000,182.00000000,86.00000000
62526,Villa Roma Rd #2,NY,1,2.30000000,2.00000000,2020.00000000,20.00000000,194.00000000,41.75621700,-74.96119100,2524.00000000,14.40639269,67.00000000,202.00000000,239.00000000,249.00000000,313.00000000,325.00000000,134.00000000,208.00000000,282.00000000,263.00000000,167.00000000,75.00000000
62528,Villa Roma Rd #4 CSG,NY,1,2.30000000,2.00000000,2019.00000000,20.00000000,194.00000000,41.75443500,-74.95862500,2179.00000000,12.43721461,98.00000000,75.00000000,191.00000000,188.00000000,242.00000000,318.00000000,199.00000000,253.00000000,225.00000000,192.00000000,156.00000000,42.00000000
62530,Boas Rd #1 Community Solar Farm,NY,1,2.90000000,2.00000000,2019.00000000,25.00000000,180.00000000,44.93427400,-73.67238200,3263.00000000,18.62442922,63.00000000,210.00000000,242.00000000,308.00000000,381.00000000,374.00000000,429.00000000,337.00000000,366.00000000,302.00000000,168.00000000,83.00000000
62531,Boas Rd #2 Community Solar Farm,NY,1,2.80000000,2.00000000,2019.00000000,25.00000000,180.00000000,44.93317700,-73.67122000,3262.00000000,18.61872146,71.00000000,221.00000000,248.00000000,301.00000000,371.00000000,366.00000000,423.00000000,345.00000000,365.00000000,300.00000000,165.00000000,86.00000000
62532,Boas Rd #3 Community Solar Farm,NY,1,2.80000000,2.00000000,2019.00000000,25.00000000,180.00000000,44.93352500,-73.66933000,3100.00000000,17.69406393,77.00000000,201.00000000,210.00000000,295.00000000,361.00000000,355.00000000,402.00000000,328.00000000,351.00000000,282.00000000,154.00000000,84.00000000
62533,Boas Rd #4 Community Solar Farm,NY,1,2.80000000,2.00000000,2020.00000000,25.00000000,180.00000000,44.92898700,-73.66650500,3081.00000000,17.58561644,66.00000000,193.00000000,268.00000000,292.00000000,370.00000000,355.00000000,407.00000000,333.00000000,348.00000000,290.00000000,123.00000000,36.00000000
62539,HCE Moore I,NC,1,2.30000000,2.00000000,2018.00000000,20.00000000,180.00000000,35.13432000,-79.41951900,2847.00000000,16.25000000,181.00000000,218.00000000,285.00000000,309.00000000,307.00000000,306.00000000,303.00000000,300.00000000,128.00000000,182.00000000,172.00000000,156.00000000
62540,Three Bridge,NC,1,2.60000000,2.00000000,2018.00000000,20.00000000,180.00000000,34.67050000,-79.20010000,3229.00000000,18.43036530,213.00000000,232.00000000,253.00000000,294.00000000,332.00000000,345.00000000,368.00000000,259.00000000,330.00000000,176.00000000,246.00000000,181.00000000
62545,Renew Solar ABC Sacramento LLC,CA,1,2.30000000,1.70000000,2020.00000000,52.00000000,180.00000000,38.39945000,-121.29319000,2699.00000000,18.12382487,67.00000000,79.00000000,128.00000000,224.00000000,397.00000000,393.00000000,368.00000000,322.00000000,264.00000000,188.00000000,161.00000000,108.00000000
62549,Kearsarge Johnstown 1 CSG,NY,1,2.00000000,1.50000000,2018.00000000,25.00000000,180.00000000,43.06601200,-74.36017700,2364.00000000,17.99086758,57.00000000,191.00000000,182.00000000,202.00000000,270.00000000,242.00000000,290.00000000,233.00000000,262.00000000,245.00000000,147.00000000,43.00000000
62550,Kearsarge GB,MA,1,2.70000000,1.90000000,2018.00000000,25.00000000,180.00000000,42.19249500,-73.40786300,3241.00000000,19.47248258,76.00000000,250.00000000,258.00000000,280.00000000,363.00000000,353.00000000,384.00000000,322.00000000,318.00000000,310.00000000,206.00000000,121.00000000
62551,Kearsarge SKSC1 LLC,RI,1,4.70000000,3.80000000,2018.00000000,15.00000000,180.00000000,41.47157100,-71.49445200,5817.00000000,17.47476568,116.00000000,342.00000000,565.00000000,378.00000000,683.00000000,775.00000000,624.00000000,627.00000000,557.00000000,559.00000000,380.00000000,211.00000000
62552,Kearsarge Uxbridge,MA,1,2.70000000,1.90000000,2018.00000000,22.00000000,180.00000000,42.10349900,-71.59758800,3378.00000000,20.29560202,89.00000000,251.00000000,291.00000000,306.00000000,360.00000000,386.00000000,363.00000000,346.00000000,300.00000000,298.00000000,237.00000000,151.00000000
62556,Kearsarge Johnstown 2 CSG,NY,1,2.80000000,2.00000000,2018.00000000,25.00000000,180.00000000,43.06442200,-74.36022100,3296.00000000,18.81278539,85.00000000,265.00000000,247.00000000,290.00000000,386.00000000,365.00000000,403.00000000,322.00000000,346.00000000,313.00000000,210.00000000,64.00000000
62557,Kearsarge Montague,MA,1,6.00000000,4.00000000,2018.00000000,25.00000000,180.00000000,42.58636300,-72.56349100,7150.00000000,20.40525114,160.00000000,574.00000000,598.00000000,632.00000000,765.00000000,790.00000000,832.00000000,701.00000000,679.00000000,660.00000000,462.00000000,297.00000000
62558,Kearsarge SKSC2 LLC,RI,1,4.60000000,3.10000000,2018.00000000,25.00000000,180.00000000,41.49828100,-71.53341400,5704.00000000,21.00456621,188.00000000,343.00000000,478.00000000,519.00000000,610.00000000,689.00000000,572.00000000,607.00000000,510.00000000,538.00000000,397.00000000,253.00000000
62559,Kearsarge Wilmington,MA,1,2.20000000,1.60000000,2017.00000000,10.00000000,153.00000000,42.56126400,-71.13685500,2272.00000000,16.21004566,48.00000000,152.00000000,191.00000000,228.00000000,264.00000000,287.00000000,278.00000000,247.00000000,213.00000000,163.00000000,124.00000000,77.00000000
62567,"GD Richmond Buttonwoods I, LLC",RI,1,1.60000000,1.30000000,2020.00000000,25.00000000,180.00000000,41.52291100,-71.68409300,1915.00000000,16.81594661,65.00000000,141.00000000,175.00000000,180.00000000,210.00000000,240.00000000,184.00000000,213.00000000,154.00000000,158.00000000,121.00000000,74.00000000
62568,"GD West Greenwich Victory I, LLC",RI,1,2.20000000,1.80000000,2020.00000000,25.00000000,180.00000000,41.65786600,-71.68747800,2714.00000000,17.21207509,68.00000000,186.00000000,244.00000000,248.00000000,215.00000000,322.00000000,296.00000000,283.00000000,262.00000000,278.00000000,200.00000000,112.00000000
62580,Route 14A CDG Solar North and South LLC,NY,1,5.20000000,4.00000000,2018.00000000,25.00000000,180.00000000,42.81508600,-77.04612800,6467.00000000,18.45605023,158.00000000,429.00000000,537.00000000,542.00000000,752.00000000,723.00000000,840.00000000,698.00000000,655.00000000,603.00000000,347.00000000,183.00000000
62581,Tolland Solar NG LLC,MA,1,4.00000000,3.50000000,2014.00000000,20.00000000,180.00000000,42.08948400,-73.06143100,4972.00000000,16.21656882,82.00000000,414.00000000,378.00000000,439.00000000,594.00000000,590.00000000,583.00000000,486.00000000,442.00000000,439.00000000,345.00000000,180.00000000
62582,Newfield Community Solar LLC,NY,4,15.00000000,12.00000000,2019.00000000,20.00000000,180.00000000,42.39131000,-76.56423600,8310.00000000,7.90525114,154.00000000,588.00000000,595.00000000,757.00000000,969.00000000,986.00000000,1126.00000000,864.00000000,861.00000000,809.00000000,410.00000000,191.00000000
62583,Tanglewood Circle Solar 1 LLC,MA,1,6.00000000,5.00000000,2018.00000000,20.00000000,177.00000000,42.25204600,-73.10995700,7752.00000000,17.69863014,201.00000000,544.00000000,629.00000000,692.00000000,859.00000000,927.00000000,938.00000000,778.00000000,764.00000000,734.00000000,454.00000000,232.00000000
62586,DG Florham Park Solar LLC,NJ,1,2.60000000,2.00000000,2019.00000000,33.00000000,158.00000000,40.77778300,-74.42724200,2617.00000000,14.93721461,56.00000000,119.00000000,235.00000000,260.00000000,282.00000000,311.00000000,337.00000000,291.00000000,236.00000000,244.00000000,147.00000000,99.00000000
62596,Sabattus Solar LLC,NC,1,7.10000000,5.00000000,2019.00000000,20.00000000,180.00000000,35.81900000,-78.13500000,10087.00000000,23.02968037,643.00000000,755.00000000,845.00000000,935.00000000,981.00000000,1089.00000000,951.00000000,980.00000000,721.00000000,911.00000000,651.00000000,625.00000000
62598,Connell East LLC,NJ,1,1.50000000,1.40000000,2013.00000000,11.00000000,39.00000000,40.66697600,-74.40781400,1368.18000000,11.15606654,31.68000000,61.38000000,125.73000000,142.56000000,155.43000000,185.13000000,173.25000000,149.49000000,121.77000000,107.91000000,70.29000000,43.56000000
62611,PFMG Solar Grossmont Helix LLC,CA,1,1.40000000,1.20000000,2018.00000000,5.00000000,236.00000000,32.75328100,-117.03524100,2047.00000000,19.47298326,117.00000000,121.00000000,182.00000000,217.00000000,231.00000000,237.00000000,236.00000000,213.00000000,159.00000000,130.00000000,111.00000000,93.00000000
62612,USAA Black Bear Energy,NJ,1,2.50000000,1.90000000,2018.00000000,10.00000000,176.00000000,40.31357300,-74.48470000,3027.00000000,18.18673396,81.00000000,206.00000000,269.00000000,288.00000000,309.00000000,371.00000000,341.00000000,310.00000000,260.00000000,284.00000000,186.00000000,122.00000000
62613,CBP Solar,NY,1,2.40000000,1.80000000,2018.00000000,35.00000000,141.00000000,41.26618800,-73.94688200,2224.00000000,14.10451547,52.00000000,103.00000000,182.00000000,208.00000000,274.00000000,304.00000000,301.00000000,229.00000000,203.00000000,180.00000000,110.00000000,78.00000000
62614,Kinder Morgan Fordham,NY,1,3.10000000,1.70000000,2018.00000000,30.00000000,180.00000000,40.54255700,-74.23658200,3881.00000000,26.06097233,118.00000000,294.00000000,335.00000000,328.00000000,375.00000000,433.00000000,433.00000000,382.00000000,336.00000000,405.00000000,267.00000000,175.00000000
62615,ALDI DC 2,CT,1,1.50000000,1.20000000,2018.00000000,10.00000000,202.60000000,41.86582700,-72.57395600,1393.55000000,13.25675419,37.00000000,100.00000000,139.00000000,149.00000000,179.00000000,197.00000000,184.00000000,105.00000000,44.55000000,122.00000000,80.00000000,57.00000000
62616,CCG Marketing,NJ,1,2.00000000,1.50000000,2018.00000000,5.00000000,212.00000000,40.85934300,-74.30295600,2202.00000000,16.75799087,48.00000000,108.00000000,203.00000000,223.00000000,252.00000000,290.00000000,277.00000000,232.00000000,192.00000000,186.00000000,112.00000000,79.00000000
62628,APG Old Bayside,MD,1,2.40000000,1.70000000,2018.00000000,22.00000000,180.00000000,39.49896100,-76.14605500,2964.00000000,19.90330379,94.00000000,243.00000000,221.00000000,244.00000000,262.00000000,357.00000000,337.00000000,306.00000000,258.00000000,303.00000000,204.00000000,135.00000000
62629,APG New Chesapeake,MD,1,3.30000000,2.30000000,2018.00000000,22.00000000,180.00000000,39.49370400,-76.14670100,4086.00000000,20.27992853,129.00000000,324.00000000,372.00000000,380.00000000,386.00000000,473.00000000,447.00000000,402.00000000,327.00000000,393.00000000,269.00000000,184.00000000
62637,Milford Solar Farm (NJ) LLC,NJ,1,8.90000000,7.50000000,2019.00000000,15.00000000,191.00000000,40.61495500,-75.15648600,10474.00000000,15.94216134,211.00000000,654.00000000,965.00000000,1053.00000000,1133.00000000,1208.00000000,1309.00000000,1095.00000000,949.00000000,1043.00000000,595.00000000,259.00000000
62638,McCullough Road Solar Farm,NJ,1,10.00000000,8.80000000,2019.00000000,23.00000000,180.00000000,40.75761500,-74.95816200,13067.00000000,16.95075758,295.00000000,944.00000000,1187.00000000,1196.00000000,1288.00000000,1489.00000000,1479.00000000,1284.00000000,1129.00000000,1341.00000000,876.00000000,559.00000000
62639,Manchester Community College East,CT,1,1.40000000,1.00000000,2018.00000000,25.00000000,180.00000000,41.76325700,-72.55714400,1540.00000000,17.57990868,39.00000000,116.00000000,128.00000000,145.00000000,171.00000000,183.00000000,170.00000000,139.00000000,143.00000000,142.00000000,100.00000000,64.00000000
62640,Manchester Community College North,CT,1,1.40000000,1.00000000,2018.00000000,25.00000000,180.00000000,41.76359200,-72.56329000,1450.00000000,16.55251142,38.00000000,106.00000000,115.00000000,132.00000000,155.00000000,165.00000000,153.00000000,139.00000000,141.00000000,136.00000000,98.00000000,72.00000000
62646,Washburn Road Solar,MA,1,2.80000000,1.90000000,2019.00000000,25.00000000,180.00000000,41.77715900,-70.96525400,3212.00000000,19.29824561,140.00000000,237.00000000,142.00000000,287.00000000,349.00000000,395.00000000,348.00000000,354.00000000,296.00000000,234.00000000,247.00000000,183.00000000
62649,SFDK Solar,CA,1,7.70000000,6.30000000,2019.00000000,5.00000000,9.00000000,38.13224500,-122.23196500,10178.00000000,18.44241502,353.00000000,510.00000000,837.00000000,1108.00000000,1354.00000000,1354.00000000,1231.00000000,1126.00000000,866.00000000,644.00000000,442.00000000,353.00000000
62651,Haven Solar Project CSG,MN,1,4.20000000,3.00000000,2019.00000000,52.00000000,180.00000000,45.51800000,-94.12200000,4705.00000000,17.90334855,131.00000000,321.00000000,436.00000000,452.00000000,547.00000000,503.00000000,574.00000000,486.00000000,548.00000000,401.00000000,191.00000000,115.00000000
62672,Nautilus Goat Island Solar LLC (CSG),RI,1,3.30000000,2.50000000,2019.00000000,20.00000000,180.00000000,41.94178600,-71.66203800,4171.00000000,19.04566210,107.00000000,288.00000000,362.00000000,388.00000000,442.00000000,505.00000000,453.00000000,431.00000000,369.00000000,375.00000000,285.00000000,166.00000000
62680,Garfield Solar,NJ,4,5.50000000,4.20000000,2019.00000000,25.90909091,199.00000000,40.88863200,-74.12222900,6054.00000000,16.45466406,179.00000000,428.00000000,533.00000000,546.00000000,628.00000000,707.00000000,675.00000000,601.00000000,527.00000000,592.00000000,382.00000000,256.00000000
62688,Malech Solar Farm,CA,1,3.90000000,3.10000000,2017.00000000,10.00000000,180.00000000,37.22873600,-121.73861600,4827.00000000,17.77507733,217.00000000,206.00000000,384.00000000,469.00000000,529.00000000,592.00000000,575.00000000,552.00000000,467.00000000,334.00000000,261.00000000,241.00000000
62690,Guadalupe Solar Farm,CA,1,2.10000000,1.70000000,2018.00000000,10.00000000,180.00000000,37.26903900,-121.86107900,1851.00000000,12.42949234,98.00000000,51.00000000,178.00000000,213.00000000,221.00000000,243.00000000,197.00000000,185.00000000,163.00000000,125.00000000,104.00000000,73.00000000
62707,Walcott Solar CSG,MN,1,5.70000000,4.00000000,2020.00000000,25.00000000,180.00000000,44.23516400,-93.27501200,9045.00000000,25.81335616,332.00000000,651.00000000,832.00000000,788.00000000,1039.00000000,945.00000000,1089.00000000,1007.00000000,987.00000000,771.00000000,358.00000000,246.00000000
62708,Northfield Solar CSG,MN,1,7.20000000,5.00000000,2020.00000000,25.00000000,180.00000000,44.41713100,-93.15306100,9259.00000000,21.13926941,333.00000000,628.00000000,927.00000000,848.00000000,998.00000000,1002.00000000,1006.00000000,1002.00000000,1062.00000000,843.00000000,391.00000000,219.00000000
62710,Nationals,DC,1,1.40000000,1.00000000,2019.00000000,5.00000000,180.00000000,38.87415500,-77.00667600,1606.00000000,18.33333333,39.00000000,103.00000000,134.00000000,158.00000000,165.00000000,229.00000000,185.00000000,190.00000000,143.00000000,117.00000000,80.00000000,63.00000000
62712,Burlington Coat Factory Solar,NJ,1,3.80000000,2.60000000,2018.00000000,10.00000000,180.00000000,40.09283000,-74.80768700,4589.00000000,20.14840183,114.00000000,330.00000000,416.00000000,440.00000000,461.00000000,572.00000000,531.00000000,483.00000000,390.00000000,426.00000000,255.00000000,171.00000000
62713,DSM Nutritional Products Solar,NJ,1,14.00000000,10.00000000,2018.00000000,10.00000000,180.00000000,40.83680600,-75.06546500,15751.00000000,17.98059361,316.00000000,979.00000000,1467.00000000,1589.00000000,1787.00000000,1835.00000000,1983.00000000,1649.00000000,1318.00000000,1432.00000000,910.00000000,486.00000000
62718,Mesa CSG 2 Massicotte,CO,1,2.00000000,1.50000000,2019.00000000,30.00000000,180.00000000,39.04481400,-108.41967200,3333.00000000,25.36529680,165.00000000,216.00000000,263.00000000,339.00000000,363.00000000,356.00000000,380.00000000,329.00000000,317.00000000,268.00000000,176.00000000,161.00000000
62721,Steel Sun 2: 2303-III-9 Hamburg Tpke,NY,1,3.00000000,2.00000000,2019.00000000,25.00000000,180.00000000,42.81849000,-78.85537700,3280.00000000,18.72146119,38.00000000,213.00000000,271.00000000,274.00000000,398.00000000,402.00000000,455.00000000,369.00000000,335.00000000,319.00000000,159.00000000,47.00000000
62722,Steel Sun 2: 2303-III-4 Hamburg Tpke,NY,1,3.00000000,2.00000000,2019.00000000,25.00000000,180.00000000,42.81114600,-78.85421700,3158.00000000,18.02511416,19.00000000,176.00000000,268.00000000,294.00000000,412.00000000,396.00000000,443.00000000,362.00000000,314.00000000,293.00000000,141.00000000,40.00000000
62723,Steel Sun 2: 2303-III-2 Hamburg Tpke,NY,1,3.00000000,2.00000000,2019.00000000,25.00000000,180.00000000,42.80900300,-78.85337000,3261.00000000,18.61301370,37.00000000,226.00000000,275.00000000,260.00000000,420.00000000,397.00000000,460.00000000,353.00000000,311.00000000,320.00000000,159.00000000,43.00000000
62724,Homer Street West,NY,1,2.00000000,1.60000000,2019.00000000,25.00000000,180.00000000,42.09812800,-78.44228600,2118.00000000,15.11130137,36.00000000,146.00000000,177.00000000,177.00000000,256.00000000,251.00000000,290.00000000,223.00000000,217.00000000,208.00000000,100.00000000,37.00000000
62725,Homer Street East,NY,1,2.00000000,1.60000000,2019.00000000,25.00000000,180.00000000,42.09934200,-78.44095000,1981.00000000,14.13384703,34.00000000,143.00000000,171.00000000,168.00000000,246.00000000,242.00000000,280.00000000,214.00000000,210.00000000,139.00000000,97.00000000,37.00000000
62732,"Solar Star Palo Alto I, LLC",CA,1,1.50000000,1.30000000,2019.00000000,10.00000000,85.00000000,37.41101100,-122.14886400,2008.31000000,17.63531788,78.00000000,110.00000000,167.31000000,213.00000000,256.00000000,245.00000000,236.00000000,216.00000000,168.00000000,146.00000000,99.00000000,74.00000000
62735,Phoenix Solar South Farms LLC Solar Farm,IL,1,5.80000000,4.70000000,2015.00000000,20.00000000,180.00000000,40.08173800,-88.24449800,6185.00000000,15.02234528,197.00000000,410.00000000,525.00000000,450.00000000,573.00000000,800.00000000,798.00000000,751.00000000,659.00000000,462.00000000,313.00000000,247.00000000
62737,West Valley West,NY,1,5.10000000,5.00000000,2022.00000000,25.00000000,180.00000000,42.44292700,-78.63213700,7838.00000000,17.89497717,114.00000000,497.00000000,567.00000000,693.00000000,1004.00000000,896.00000000,1057.00000000,896.00000000,872.00000000,776.00000000,346.00000000,120.00000000
62738,West Valley East,NY,1,5.10000000,5.00000000,2022.00000000,25.00000000,180.00000000,42.44363200,-78.63212700,7838.00000000,17.89497717,114.00000000,497.00000000,567.00000000,693.00000000,1004.00000000,896.00000000,1057.00000000,896.00000000,872.00000000,776.00000000,346.00000000,120.00000000
62739,KDC Solar ASGM,NJ,1,5.50000000,3.80000000,2019.00000000,20.00000000,180.00000000,39.40974400,-75.21854500,6625.00000000,19.90206681,211.00000000,498.00000000,618.00000000,610.00000000,626.00000000,731.00000000,731.00000000,690.00000000,539.00000000,638.00000000,407.00000000,326.00000000
62746,KDC Solar CSCP LLC,NJ,1,3.90000000,3.40000000,2019.00000000,7.40000000,230.00000000,40.23780300,-74.31442100,4701.00000000,15.78364222,119.00000000,273.00000000,414.00000000,469.00000000,482.00000000,594.00000000,579.00000000,523.00000000,410.00000000,398.00000000,249.00000000,191.00000000
62756,RC Energy AA LLC Solar Facility,NM,1,1.10000000,1.00000000,2011.00000000,30.00000000,180.00000000,35.15272100,-106.54722200,1968.00000000,22.46575342,132.00000000,162.00000000,180.00000000,198.00000000,204.00000000,166.00000000,179.00000000,160.00000000,161.00000000,159.00000000,127.00000000,140.00000000
62759,Greenville CSG,NY,1,2.80000000,2.00000000,2019.00000000,30.00000000,180.00000000,41.35600000,-74.62200000,2840.00000000,16.21004566,82.00000000,136.00000000,253.00000000,251.00000000,317.00000000,316.00000000,312.00000000,288.00000000,274.00000000,297.00000000,188.00000000,126.00000000
62760,Hopkinton CSG,MA,1,2.80000000,2.00000000,2019.00000000,30.00000000,180.00000000,42.20349200,-71.53153000,2783.00000000,15.88470320,48.00000000,174.00000000,226.00000000,228.00000000,295.00000000,377.00000000,354.00000000,321.00000000,270.00000000,243.00000000,169.00000000,78.00000000
62761,Chester CSG,NY,1,2.70000000,2.00000000,2019.00000000,20.00000000,180.00000000,41.33900000,-74.28800000,3329.00000000,19.00114155,84.00000000,261.00000000,298.00000000,298.00000000,362.00000000,392.00000000,274.00000000,337.00000000,313.00000000,338.00000000,227.00000000,145.00000000
62763,Carver CSG,MA,1,2.70000000,2.00000000,2019.00000000,20.00000000,180.00000000,41.90595800,-70.81046800,3644.00000000,20.79908676,133.00000000,249.00000000,278.00000000,323.00000000,367.00000000,425.00000000,391.00000000,372.00000000,329.00000000,328.00000000,263.00000000,186.00000000
62764,Westtown CSG,NY,1,2.80000000,2.00000000,2019.00000000,20.00000000,180.00000000,41.34500000,-74.56100000,3233.00000000,18.45319635,91.00000000,278.00000000,291.00000000,297.00000000,323.00000000,313.00000000,342.00000000,301.00000000,290.00000000,346.00000000,222.00000000,139.00000000
62777,Ulster County Solar,NY,1,1.90000000,1.40000000,2018.00000000,25.00000000,180.00000000,41.96189600,-73.98123400,1561.00000000,12.72831050,29.00000000,96.00000000,121.00000000,126.00000000,186.00000000,167.00000000,184.00000000,147.00000000,167.00000000,169.00000000,98.00000000,71.00000000
62779,Novel Martin Solar One LLC (McLeod) CSG,MN,1,1.40000000,1.00000000,2019.00000000,30.00000000,180.00000000,44.90295000,-94.02864000,1571.00000000,17.93378995,61.00000000,118.00000000,166.00000000,131.00000000,163.00000000,135.00000000,158.00000000,138.00000000,197.00000000,165.00000000,87.00000000,52.00000000
62781,"10 Briggs Solar NG, LLC (East)",RI,1,6.70000000,5.00000000,2021.00000000,20.00000000,180.00000000,41.63269000,-71.49625000,7486.00000000,17.09132420,176.00000000,287.00000000,610.00000000,833.00000000,842.00000000,988.00000000,941.00000000,733.00000000,748.00000000,593.00000000,471.00000000,264.00000000
62784,Franklin Solar Site,NY,1,2.10000000,1.60000000,2018.00000000,20.00000000,180.00000000,44.86832000,-74.30652300,2021.00000000,14.41923516,16.00000000,117.00000000,182.00000000,221.00000000,267.00000000,201.00000000,253.00000000,183.00000000,238.00000000,198.00000000,110.00000000,35.00000000
62785,Malone Solar Site,NY,1,1.40000000,1.10000000,2018.00000000,20.00000000,180.00000000,44.87085800,-74.30724800,1510.00000000,15.67040266,8.00000000,73.00000000,118.00000000,152.00000000,192.00000000,186.00000000,216.00000000,161.00000000,174.00000000,135.00000000,73.00000000,22.00000000
62786,"Thanksgiving Fire Solar Farm, LLC",NC,1,2.80000000,2.00000000,2019.00000000,20.00000000,180.00000000,35.70100000,-78.32700000,3642.00000000,20.78767123,253.00000000,300.00000000,340.00000000,371.00000000,379.00000000,331.00000000,140.00000000,382.00000000,298.00000000,363.00000000,248.00000000,237.00000000
62806,Shelter Creek Condominiums Solar,CA,1,2.50000000,1.90000000,2020.00000000,15.00000000,150.00000000,37.61909000,-122.42890000,3513.00000000,21.10670512,132.00000000,172.00000000,285.00000000,353.00000000,437.00000000,437.00000000,418.00000000,399.00000000,332.00000000,258.00000000,164.00000000,126.00000000
62810,"RIT Henrietta Solar 1, LLC",NY,1,2.30000000,1.60000000,2018.00000000,20.00000000,180.00000000,43.07619800,-77.66724000,2437.00000000,17.38727169,52.00000000,167.00000000,212.00000000,223.00000000,321.00000000,302.00000000,331.00000000,277.00000000,155.00000000,228.00000000,124.00000000,45.00000000
62824,"GSPP Devens, LLC",MA,1,2.70000000,2.20000000,2019.00000000,10.00000000,40.00000000,42.54421900,-71.58596500,3219.00000000,16.70298879,67.00000000,222.00000000,270.00000000,313.00000000,369.00000000,385.00000000,395.00000000,328.00000000,291.00000000,257.00000000,187.00000000,135.00000000
62825,GSPP Terrawatt Westfield LLC CSG,MA,1,4.80000000,3.60000000,2019.00000000,30.00000000,180.00000000,42.17750100,-72.72702300,6138.00000000,19.46347032,176.00000000,527.00000000,530.00000000,552.00000000,630.00000000,678.00000000,677.00000000,580.00000000,530.00000000,611.00000000,385.00000000,262.00000000
62826,"GSPP Raynham TMLP, LLC CSG",MA,1,2.90000000,2.30000000,2019.00000000,30.00000000,180.00000000,41.93044500,-71.06043000,3629.00000000,18.01171332,120.00000000,260.00000000,308.00000000,342.00000000,372.00000000,414.00000000,379.00000000,371.00000000,329.00000000,344.00000000,238.00000000,152.00000000
62827,"Ajax Solar, LLC (MA)",MA,1,4.10000000,3.80000000,2017.00000000,10.00000000,120.00000000,42.01894500,-71.05856900,4052.00000000,12.17255467,102.00000000,212.00000000,368.00000000,465.00000000,535.00000000,617.00000000,551.00000000,520.00000000,177.00000000,160.00000000,222.00000000,123.00000000
62829,GSPP Held LLC CSG,MN,1,4.00000000,3.00000000,2019.00000000,30.00000000,180.00000000,45.52677000,-94.28474500,4864.00000000,18.50837139,82.00000000,357.00000000,449.00000000,475.00000000,590.00000000,528.00000000,600.00000000,524.00000000,574.00000000,429.00000000,168.00000000,88.00000000
62830,GSPP Imholte CSG,MN,1,1.40000000,1.00000000,2019.00000000,30.00000000,180.00000000,45.55794500,-94.16324000,1762.00000000,20.11415525,42.00000000,132.00000000,160.00000000,165.00000000,205.00000000,185.00000000,210.00000000,188.00000000,205.00000000,152.00000000,72.00000000,46.00000000
62831,Hickory Grove #1,NY,1,2.70000000,2.00000000,2020.00000000,20.00000000,180.00000000,42.18682700,-76.84506400,2979.00000000,17.00342466,53.00000000,216.00000000,251.00000000,272.00000000,357.00000000,359.00000000,392.00000000,294.00000000,286.00000000,292.00000000,145.00000000,62.00000000
62832,Hickory Grove #2,NY,1,2.70000000,1.70000000,2020.00000000,20.00000000,180.00000000,42.18600000,-76.84500000,2905.00000000,19.50711792,56.00000000,202.00000000,227.00000000,259.00000000,350.00000000,349.00000000,396.00000000,294.00000000,276.00000000,285.00000000,148.00000000,63.00000000
62834,Podunk Road CSG,NY,1,2.70000000,2.20000000,2019.00000000,25.00000000,180.00000000,42.46806000,-76.65289000,2919.00000000,15.14632628,69.00000000,204.00000000,253.00000000,208.00000000,363.00000000,315.00000000,336.00000000,318.00000000,315.00000000,306.00000000,160.00000000,72.00000000
62842,Nextsun Energy Littleton,MA,1,5.00000000,3.80000000,2013.00000000,25.00000000,180.00000000,42.55146100,-71.51017500,5328.00000000,16.00576784,114.00000000,379.00000000,473.00000000,509.00000000,597.00000000,635.00000000,626.00000000,564.00000000,454.00000000,412.00000000,327.00000000,238.00000000
62843,Garnet Solar (NY),NY,1,2.60000000,1.90000000,2018.00000000,25.00000000,5.00000000,43.72385100,-74.06237800,2836.00000000,17.03917328,27.00000000,198.00000000,209.00000000,270.00000000,349.00000000,322.00000000,356.00000000,329.00000000,340.00000000,287.00000000,125.00000000,24.00000000
62860,Chambers Road Solar,NY,1,5.50000000,4.00000000,2020.00000000,20.00000000,180.00000000,42.18744300,-76.89439400,6131.00000000,17.49714612,132.00000000,455.00000000,474.00000000,520.00000000,730.00000000,742.00000000,805.00000000,581.00000000,591.00000000,618.00000000,343.00000000,140.00000000
62870,Gardner - Otter River Road,MA,1,3.30000000,2.50000000,2019.00000000,20.00000000,180.00000000,42.60302900,-72.03917800,4157.00000000,18.98173516,84.00000000,321.00000000,347.00000000,376.00000000,446.00000000,483.00000000,489.00000000,417.00000000,393.00000000,369.00000000,271.00000000,161.00000000
62876,Amazon Maryland DCA1,MD,1,1.80000000,1.30000000,2019.00000000,10.00000000,180.00000000,39.22257600,-76.46901100,2264.00000000,19.88057604,71.00000000,172.00000000,201.00000000,204.00000000,230.00000000,291.00000000,246.00000000,225.00000000,187.00000000,207.00000000,130.00000000,100.00000000
62884,Richmond Hayes Solar,GA,1,2.80000000,2.30000000,2018.00000000,10.00000000,180.00000000,33.36400000,-82.02200000,2856.00000000,14.17510423,219.00000000,227.00000000,265.00000000,187.00000000,255.00000000,310.00000000,284.00000000,283.00000000,202.00000000,223.00000000,199.00000000,202.00000000
62890,GSPP Boxborough Littleton (MA),MA,1,5.00000000,4.00000000,2019.00000000,30.00000000,1.00000000,42.48555900,-71.54085500,5847.00000000,16.68664384,193.00000000,531.00000000,556.00000000,578.00000000,641.00000000,689.00000000,669.00000000,6.00000000,716.00000000,568.00000000,456.00000000,244.00000000
62898,Town of Burrillville Solar CSG,RI,1,4.20000000,3.30000000,2020.00000000,20.00000000,180.00000000,41.95423900,-71.66119600,4926.00000000,17.04026567,96.00000000,332.00000000,449.00000000,482.00000000,538.00000000,635.00000000,564.00000000,548.00000000,447.00000000,424.00000000,259.00000000,152.00000000
62900,Somerville Solar,TN,1,2.70000000,2.30000000,2019.00000000,20.00000000,180.00000000,35.22492000,-89.35083000,3230.00000000,16.03136788,120.00000000,245.00000000,300.00000000,317.00000000,327.00000000,352.00000000,326.00000000,343.00000000,240.00000000,309.00000000,190.00000000,161.00000000
62902,Windsor Floating Solar,CA,1,1.80000000,1.50000000,2020.00000000,12.00000000,180.00000000,38.53917000,-122.81508000,2456.00000000,18.69101979,100.00000000,129.00000000,202.00000000,259.00000000,312.00000000,274.00000000,285.00000000,267.00000000,219.00000000,177.00000000,124.00000000,108.00000000
62903,NorthPark Solar,NJ,2,12.30000000,10.60000000,2016.00000000,25.00000000,180.00000000,40.25772600,-74.44196900,12899.00000000,13.89140174,364.00000000,969.00000000,1118.00000000,1134.00000000,810.00000000,1441.00000000,1317.00000000,1227.00000000,1180.00000000,1572.00000000,1056.00000000,711.00000000
62904,Milhurst Solar,NJ,1,1.60000000,1.30000000,2015.00000000,25.00000000,180.00000000,40.25497500,-74.38083400,1894.00000000,16.63154197,57.00000000,154.00000000,174.00000000,171.00000000,184.00000000,223.00000000,204.00000000,198.00000000,170.00000000,162.00000000,117.00000000,80.00000000
62905,Day Four Solar LLC,NJ,1,6.00000000,4.50000000,2016.00000000,15.00000000,180.00000000,40.05300000,-74.55600000,7604.00000000,19.28970066,200.00000000,548.00000000,704.00000000,708.00000000,730.00000000,910.00000000,847.00000000,783.00000000,634.00000000,736.00000000,475.00000000,329.00000000
62906,Augusta Solar Farm,NJ,1,3.70000000,2.90000000,2016.00000000,25.00000000,180.00000000,41.09999500,-74.73103200,3823.00000000,15.04881121,190.00000000,378.00000000,450.00000000,456.00000000,484.00000000,276.00000000,517.00000000,90.00000000,168.00000000,437.00000000,239.00000000,138.00000000
62910,MNCPPC Germantown Solar,MD,1,1.40000000,1.00000000,2018.00000000,20.00000000,180.00000000,39.14903700,-77.31794800,1623.00000000,18.52739726,42.00000000,119.00000000,153.00000000,150.00000000,152.00000000,196.00000000,175.00000000,165.00000000,133.00000000,160.00000000,102.00000000,76.00000000
62911,Kearsarge Gill,MA,1,2.70000000,2.00000000,2018.00000000,25.00000000,180.00000000,42.67110500,-72.47749100,3059.00000000,17.46004566,72.00000000,252.00000000,243.00000000,219.00000000,323.00000000,348.00000000,340.00000000,311.00000000,315.00000000,288.00000000,206.00000000,142.00000000
62931,City of Pratt Solar,KS,1,7.70000000,6.00000000,2019.00000000,35.00000000,0.00000000,37.71055600,-98.72092800,10470.00000000,19.92009132,602.00000000,804.00000000,991.00000000,883.00000000,895.00000000,764.00000000,952.00000000,920.00000000,1028.00000000,1181.00000000,803.00000000,647.00000000
62940,Starratt Solar,FL,1,7.00000000,5.00000000,2017.00000000,20.00000000,180.00000000,30.49436100,-81.60055600,7426.00000000,16.95433790,577.00000000,692.00000000,708.00000000,862.00000000,818.00000000,688.00000000,675.00000000,617.00000000,374.00000000,504.00000000,464.00000000,447.00000000
62941,DG AMP Rittman Rd,OH,1,3.20000000,2.60000000,2020.00000000,15.00000000,195.00000000,41.00075500,-81.75074000,3534.00000000,15.51633298,75.00000000,253.00000000,290.00000000,367.00000000,426.00000000,437.00000000,440.00000000,400.00000000,338.00000000,301.00000000,97.00000000,110.00000000
62946,Dickinson Solar,PA,1,4.10000000,3.00000000,2016.00000000,20.00000000,155.00000000,40.19760000,-77.21970000,4602.00000000,17.51141553,98.00000000,121.00000000,206.00000000,384.00000000,466.00000000,504.00000000,533.00000000,483.00000000,543.00000000,605.00000000,391.00000000,268.00000000
62957,DG Iron Mountain,NJ,1,7.20000000,5.40000000,2020.00000000,5.00000000,142.00000000,40.52132000,-74.34739400,6044.00000000,12.77693218,135.00000000,285.00000000,512.00000000,575.00000000,627.00000000,767.00000000,747.00000000,708.00000000,577.00000000,564.00000000,332.00000000,215.00000000
62958,DG Infineum,NJ,1,2.50000000,2.00000000,2020.00000000,15.00000000,213.00000000,40.64020900,-74.23488100,2531.00000000,14.44634703,73.00000000,165.00000000,256.00000000,271.00000000,255.00000000,308.00000000,259.00000000,218.00000000,245.00000000,232.00000000,141.00000000,108.00000000
62960,Kimberly-Clark Solar,GA,1,3.00000000,2.30000000,2019.00000000,20.00000000,180.00000000,33.00000000,-85.03400000,3757.00000000,18.64701211,189.00000000,202.00000000,227.00000000,257.00000000,252.00000000,436.00000000,397.00000000,459.00000000,320.00000000,409.00000000,294.00000000,315.00000000
62961,Novel Brooten Solar CSG,MN,1,1.50000000,1.00000000,2019.00000000,30.00000000,180.00000000,45.51261200,-95.11354400,1875.00000000,21.40410959,41.00000000,123.00000000,182.00000000,181.00000000,214.00000000,200.00000000,226.00000000,190.00000000,221.00000000,163.00000000,81.00000000,53.00000000
62962,Novel Reber Solar CSG,MN,1,1.50000000,1.00000000,2019.00000000,30.00000000,180.00000000,45.62871000,-94.59370000,1843.00000000,21.03881279,41.00000000,126.00000000,179.00000000,177.00000000,215.00000000,194.00000000,219.00000000,188.00000000,214.00000000,158.00000000,78.00000000,54.00000000
62963,Novel Historical Society Solar CSG,MN,1,1.30000000,1.00000000,2019.00000000,45.00000000,180.00000000,44.78770500,-95.36049100,1620.00000000,18.49315068,45.00000000,100.00000000,157.00000000,157.00000000,193.00000000,171.00000000,188.00000000,161.00000000,191.00000000,142.00000000,70.00000000,45.00000000
62966,Novel Herber Solar CSG,MN,1,1.40000000,1.00000000,2020.00000000,30.00000000,180.00000000,44.10672800,-91.88734300,1765.00000000,20.14840183,58.00000000,157.00000000,173.00000000,149.00000000,147.00000000,173.00000000,202.00000000,182.00000000,206.00000000,179.00000000,83.00000000,56.00000000
62967,Novel Herickhoff Solar CSG,MN,1,1.40000000,1.00000000,2020.00000000,30.00000000,180.00000000,45.84722500,-95.14844700,1422.00000000,16.23287671,48.00000000,135.00000000,173.00000000,171.00000000,171.00000000,197.00000000,118.00000000,29.00000000,165.00000000,106.00000000,64.00000000,45.00000000
62979,Novel DeCook Solar CSG,MN,1,1.40000000,1.00000000,2020.00000000,30.00000000,180.00000000,44.01284100,-92.62698800,1466.00000000,16.73515982,61.00000000,157.00000000,181.00000000,156.00000000,198.00000000,57.00000000,130.00000000,137.00000000,56.00000000,182.00000000,90.00000000,61.00000000
62982,Novel Schmoll Farms Solar CSG,MN,1,1.40000000,1.00000000,2020.00000000,55.00000000,180.00000000,43.97000000,-92.86000000,1857.00000000,21.19863014,63.00000000,70.00000000,189.00000000,185.00000000,246.00000000,181.00000000,210.00000000,238.00000000,223.00000000,153.00000000,53.00000000,46.00000000
62983,Novel Pederson Solar CSG,MN,1,1.40000000,1.00000000,2020.00000000,30.00000000,180.00000000,45.62626000,-94.05010000,1654.00000000,18.88127854,47.00000000,70.00000000,168.00000000,168.00000000,206.00000000,188.00000000,216.00000000,136.00000000,205.00000000,152.00000000,64.00000000,34.00000000
62984,Novel Jewison Solar CSG,MN,1,1.10000000,1.00000000,2020.00000000,30.00000000,180.00000000,44.21000000,-93.66000000,1407.00000000,16.06164384,26.00000000,93.00000000,146.00000000,141.00000000,172.00000000,137.00000000,171.00000000,159.00000000,164.00000000,126.00000000,49.00000000,23.00000000
62985,Novel Byron Solar CSG,MN,1,1.40000000,1.00000000,2020.00000000,33.00000000,180.00000000,44.01000000,-92.62000000,1859.00000000,21.22146119,61.00000000,156.00000000,182.00000000,156.00000000,199.00000000,178.00000000,202.00000000,195.00000000,200.00000000,182.00000000,88.00000000,60.00000000
62986,Novel Kanewischer Solar CSG,MN,1,1.40000000,1.00000000,2020.00000000,30.00000000,180.00000000,44.05000000,-93.50000000,982.00000000,11.21004566,65.00000000,139.00000000,180.00000000,168.00000000,153.00000000,3.00000000,0.00000000,2.00000000,0.00000000,125.00000000,90.00000000,57.00000000
62987,Grossmont HS Solar Project,CA,1,1.50000000,1.40000000,2018.00000000,10.00000000,219.00000000,32.81654200,-116.99958900,1784.00000000,14.54664057,108.00000000,116.00000000,164.00000000,195.00000000,195.00000000,196.00000000,191.00000000,180.00000000,144.00000000,113.00000000,97.00000000,85.00000000
62989,Whitetail Solar 1,PA,1,18.20000000,13.50000000,2019.00000000,52.00000000,180.00000000,40.13967300,-77.60998600,25834.00000000,21.84508710,902.00000000,1917.00000000,2472.00000000,2526.00000000,2721.00000000,3193.00000000,2993.00000000,2430.00000000,1951.00000000,2476.00000000,1415.00000000,838.00000000
62992,Goose Pond Solar,MA,2,5.80000000,4.00000000,2020.00000000,30.00000000,170.00000000,42.00770000,-72.78070000,7015.00000000,20.01997717,223.00000000,560.00000000,576.00000000,598.00000000,669.00000000,782.00000000,776.00000000,609.00000000,629.00000000,698.00000000,500.00000000,395.00000000
62997,"Spring Hope Solar 3, LLC",NC,1,5.70000000,5.00000000,2020.00000000,0.00000000,0.00000000,35.90557800,-78.19246400,5560.00000000,12.69406393,238.00000000,315.00000000,383.00000000,440.00000000,527.00000000,874.00000000,659.00000000,507.00000000,463.00000000,483.00000000,354.00000000,317.00000000
62998,"25 Ashdown Road Solar, LLC",NY,1,5.80000000,4.00000000,2019.00000000,25.00000000,0.00000000,42.88260000,-73.87900000,5869.00000000,16.74942922,109.00000000,491.00000000,490.00000000,599.00000000,629.00000000,732.00000000,713.00000000,574.00000000,638.00000000,569.00000000,325.00000000,0.00000000
63004,Novel Bartel Solar CSG,MN,1,1.40000000,1.00000000,2020.00000000,30.00000000,180.00000000,44.04367100,-92.67753800,1777.00000000,20.28538813,47.00000000,141.00000000,179.00000000,153.00000000,193.00000000,174.00000000,200.00000000,201.00000000,206.00000000,169.00000000,71.00000000,43.00000000
63005,Novel Haley Solar CSG,MN,1,1.40000000,1.00000000,2020.00000000,30.00000000,180.00000000,44.09000000,-93.54000000,1734.00000000,19.79452055,64.00000000,138.00000000,170.00000000,86.00000000,187.00000000,181.00000000,195.00000000,197.00000000,207.00000000,172.00000000,87.00000000,50.00000000
63007,Novel MNDot Solar CSG,MN,1,1.40000000,1.00000000,2020.00000000,55.00000000,180.00000000,44.94625000,-92.81038800,1647.00000000,18.80136986,52.00000000,126.00000000,106.00000000,160.00000000,242.00000000,156.00000000,171.00000000,164.00000000,228.00000000,141.00000000,66.00000000,35.00000000
63008,Novel Winegar Partnership Solar CSG,MN,1,1.40000000,1.00000000,2021.00000000,60.00000000,180.00000000,44.08845000,-93.55480600,1826.00000000,20.84474886,62.00000000,148.00000000,191.00000000,186.00000000,180.00000000,234.00000000,258.00000000,200.00000000,115.00000000,140.00000000,61.00000000,51.00000000
63009,Novel Peter Solar CSG,MN,1,1.40000000,1.00000000,2021.00000000,60.00000000,180.00000000,44.19612400,-93.60872100,1683.00000000,19.21232877,57.00000000,123.00000000,171.00000000,152.00000000,193.00000000,154.00000000,193.00000000,144.00000000,198.00000000,161.00000000,85.00000000,52.00000000
63010,Novel Benedix Solar CSG,MN,1,1.40000000,1.00000000,2020.00000000,55.00000000,180.00000000,44.11126100,-92.74678800,1797.00000000,20.51369863,66.00000000,153.00000000,200.00000000,142.00000000,150.00000000,177.00000000,202.00000000,187.00000000,239.00000000,166.00000000,65.00000000,50.00000000
63012,"Ransomville Solar 1, LLC",NY,1,5.20000000,5.00000000,2019.00000000,25.00000000,30.00000000,43.19940000,-78.94983700,6050.00000000,13.81278539,105.00000000,378.00000000,527.00000000,564.00000000,820.00000000,666.00000000,794.00000000,679.00000000,615.00000000,540.00000000,215.00000000,147.00000000
63013,"Johnstown Solar 1, LLC",NY,1,4.40000000,4.00000000,2019.00000000,25.00000000,29.00000000,43.07240000,-74.32280000,5250.00000000,14.98287671,102.00000000,387.00000000,398.00000000,478.00000000,660.00000000,620.00000000,680.00000000,530.00000000,581.00000000,499.00000000,236.00000000,79.00000000
63015,Plott Hound Solar,NC,1,6.70000000,5.00000000,2021.00000000,20.00000000,180.00000000,35.13800000,-77.09200000,6874.00000000,15.69406393,0.00000000,0.00000000,260.00000000,813.00000000,838.00000000,880.00000000,778.00000000,729.00000000,649.00000000,827.00000000,565.00000000,535.00000000
63017,Ray Wilson Solar,NC,1,6.30000000,5.00000000,2021.00000000,20.00000000,180.00000000,35.93300000,-80.37600000,7864.00000000,17.95433790,435.00000000,579.00000000,622.00000000,781.00000000,728.00000000,877.00000000,745.00000000,662.00000000,777.00000000,631.00000000,559.00000000,468.00000000
63019,Green Lake Solar,MI,1,1.20000000,1.00000000,2018.00000000,30.00000000,180.00000000,44.77666000,-85.69227200,1347.00000000,15.37671233,11.00000000,82.00000000,103.00000000,156.00000000,158.00000000,167.00000000,158.00000000,160.00000000,155.00000000,138.00000000,54.00000000,5.00000000
63020,TCLP Solar Phase 1,MI,1,1.20000000,1.00000000,2017.00000000,30.00000000,180.00000000,44.77666000,-85.69227200,1456.00000000,16.62100457,12.00000000,82.00000000,119.00000000,198.00000000,198.00000000,165.00000000,181.00000000,157.00000000,162.00000000,130.00000000,44.00000000,8.00000000
63021,SCCCD - Clovis Community College,CA,1,1.30000000,1.20000000,2018.00000000,7.00000000,269.00000000,36.88546300,-119.73189900,2017.00000000,19.18759513,77.00000000,113.00000000,173.00000000,211.00000000,263.00000000,248.00000000,233.00000000,218.00000000,178.00000000,137.00000000,94.00000000,72.00000000
63033,FastSun 19 CSG,MN,1,1.40000000,1.00000000,2020.00000000,20.00000000,180.00000000,44.65520200,-93.11076900,1797.00000000,20.51369863,57.00000000,116.00000000,172.00000000,167.00000000,206.00000000,187.00000000,209.00000000,198.00000000,206.00000000,161.00000000,77.00000000,41.00000000
63041,Lane Ave Solar LLC,MA,1,2.00000000,1.50000000,2021.00000000,25.00000000,3.00000000,42.26480000,-72.07270000,2279.00000000,17.34398782,45.00000000,162.00000000,213.00000000,220.00000000,263.00000000,287.00000000,250.00000000,230.00000000,229.00000000,223.00000000,112.00000000,45.00000000
63045,FastSun 5 CSG,MN,1,1.40000000,1.00000000,2020.00000000,20.00000000,180.00000000,43.85946000,-91.31956400,1659.00000000,18.93835616,34.00000000,148.00000000,167.00000000,152.00000000,92.00000000,125.00000000,230.00000000,220.00000000,194.00000000,168.00000000,78.00000000,51.00000000
63047,W. Orange Rd Solar LLC,MA,1,6.50000000,5.00000000,2021.00000000,25.00000000,11.00000000,42.60260000,-72.34180000,7688.87000000,17.55449772,165.00000000,634.00000000,606.87000000,683.00000000,838.00000000,889.00000000,907.00000000,778.00000000,758.00000000,544.00000000,519.00000000,367.00000000
63048,Wilbur Woods Solar LLC,MA,1,7.20000000,5.00000000,2021.00000000,26.00000000,11.00000000,42.61130000,-72.34520000,8320.00000000,18.99543379,156.00000000,683.00000000,638.00000000,742.00000000,901.00000000,894.00000000,951.00000000,844.00000000,819.00000000,786.00000000,541.00000000,365.00000000
63062,Fort Valley State University Solar,GA,1,15.10000000,10.80000000,2022.00000000,20.00000000,180.00000000,32.50155800,-83.88338600,21181.00000000,22.38817013,1490.00000000,1503.00000000,1745.00000000,2008.00000000,1897.00000000,2196.00000000,1989.00000000,2285.00000000,1425.00000000,1996.00000000,1272.00000000,1375.00000000
63068,SCCCD - Fresno Community College,CA,1,2.40000000,2.20000000,2018.00000000,7.00000000,180.00000000,36.76655000,-119.79858000,2824.00000000,14.65338315,152.00000000,218.00000000,334.00000000,394.00000000,440.00000000,306.00000000,238.00000000,225.00000000,179.00000000,139.00000000,97.00000000,102.00000000
63069,Harmony Road Solar,IL,1,2.20000000,1.90000000,2020.00000000,25.00000000,180.00000000,42.16400000,-88.46250000,2124.00000000,12.76135544,87.00000000,193.00000000,202.00000000,206.00000000,234.00000000,204.00000000,198.00000000,194.00000000,199.00000000,193.00000000,114.00000000,100.00000000
63070,Square Barn Solar,IL,1,1.70000000,1.50000000,2020.00000000,25.00000000,180.00000000,42.16400000,-88.38300000,2299.00000000,17.49619482,34.00000000,202.00000000,211.00000000,221.00000000,277.00000000,255.00000000,247.00000000,243.00000000,232.00000000,221.00000000,88.00000000,68.00000000
63071,Reed Road Solar,IL,1,1.60000000,1.30000000,2020.00000000,25.00000000,180.00000000,42.11092500,-88.24025400,1982.00000000,17.40428521,79.00000000,222.00000000,136.00000000,246.00000000,302.00000000,227.00000000,216.00000000,111.00000000,105.00000000,110.00000000,119.00000000,109.00000000
63073,Mooseheart School Solar,IL,1,2.80000000,2.00000000,2020.00000000,25.00000000,180.00000000,41.82330000,-88.33780000,3694.00000000,21.08447489,59.00000000,326.00000000,324.00000000,338.00000000,429.00000000,379.00000000,404.00000000,405.00000000,378.00000000,381.00000000,153.00000000,118.00000000
63074,Reedley Community College Solar,CA,1,2.80000000,2.60000000,2018.00000000,7.00000000,180.00000000,36.60563000,-119.45770000,3780.00000000,16.59641728,153.00000000,225.00000000,339.00000000,419.00000000,512.00000000,470.00000000,470.00000000,414.00000000,311.00000000,219.00000000,176.00000000,72.00000000
63107,Howell CSG,NY,1,3.00000000,2.00000000,2020.00000000,25.00000000,90.00000000,41.26525800,-74.31297800,2155.00000000,12.30022831,16.00000000,105.00000000,131.00000000,158.00000000,196.00000000,184.00000000,281.00000000,299.00000000,261.00000000,300.00000000,188.00000000,36.00000000
63116,Dakota Community Solar One LLC CSG,MN,1,1.40000000,1.00000000,2019.00000000,30.00000000,180.00000000,44.65779000,-93.10852000,1846.00000000,21.07305936,72.00000000,127.00000000,180.00000000,164.00000000,193.00000000,179.00000000,211.00000000,194.00000000,211.00000000,173.00000000,87.00000000,55.00000000
63117,Douglas Todd Community Solar One LLC CSG,MN,1,1.40000000,1.00000000,2019.00000000,30.00000000,180.00000000,45.84334400,-95.15002000,1758.00000000,20.06849315,42.00000000,134.00000000,163.00000000,166.00000000,202.00000000,193.00000000,204.00000000,172.00000000,209.00000000,157.00000000,69.00000000,47.00000000
63118,Meeker Community Solar One LLC CSG,MN,1,1.40000000,1.00000000,2019.00000000,30.00000000,180.00000000,45.07106000,-94.30718000,1829.00000000,20.87899543,50.00000000,126.00000000,175.00000000,171.00000000,212.00000000,181.00000000,211.00000000,187.00000000,210.00000000,167.00000000,88.00000000,51.00000000
63119,McLeod Community Solar One LLC CSG,MN,1,1.40000000,1.00000000,2019.00000000,30.00000000,180.00000000,44.71920000,-94.49429000,1764.00000000,20.13698630,67.00000000,118.00000000,174.00000000,166.00000000,191.00000000,163.00000000,207.00000000,176.00000000,198.00000000,165.00000000,89.00000000,50.00000000
63120,Nicollet Community Solar One LLC,MN,1,1.40000000,1.00000000,2020.00000000,30.00000000,180.00000000,44.26035000,-94.29093000,1759.00000000,20.07990868,71.00000000,126.00000000,179.00000000,172.00000000,185.00000000,183.00000000,202.00000000,186.00000000,173.00000000,133.00000000,94.00000000,55.00000000
63121,Stearns Community Solar One LLC CSG,MN,1,1.40000000,1.00000000,2019.00000000,30.00000000,180.00000000,45.61804000,-94.48596000,1802.00000000,20.57077626,40.00000000,127.00000000,168.00000000,169.00000000,208.00000000,189.00000000,215.00000000,187.00000000,213.00000000,158.00000000,77.00000000,51.00000000
63122,Sherburne Community Solar One LLC CSG,MN,1,1.40000000,1.00000000,2019.00000000,30.00000000,180.00000000,45.53199000,-94.13578000,1719.00000000,19.62328767,51.00000000,128.00000000,170.00000000,167.00000000,172.00000000,175.00000000,195.00000000,179.00000000,205.00000000,157.00000000,73.00000000,47.00000000
63130,Beals Medina Solar LLC CSG,NY,1,5.20000000,3.50000000,2020.00000000,25.00000000,31.00000000,43.22560000,-78.35590000,4813.00000000,15.69797782,81.00000000,327.00000000,462.00000000,508.00000000,517.00000000,635.00000000,525.00000000,272.00000000,586.00000000,507.00000000,287.00000000,106.00000000
63131,West Street Solar 1 LLC,MA,1,7.30000000,5.00000000,2019.00000000,25.00000000,5.00000000,42.59500000,-72.04460000,8723.00000000,19.91552511,228.00000000,662.00000000,724.00000000,782.00000000,903.00000000,974.00000000,857.00000000,884.00000000,827.00000000,808.00000000,625.00000000,449.00000000
63136,Hopkins Hill CSG,RI,2,9.60000000,6.60000000,2020.00000000,25.00000000,180.00000000,41.61609000,-71.56682500,9434.00000000,16.31728241,149.00000000,575.00000000,749.00000000,838.00000000,945.00000000,1097.00000000,1100.00000000,1138.00000000,963.00000000,935.00000000,599.00000000,346.00000000
63137,Tippecanoe Solar Power Plant,IN,1,2.40000000,1.60000000,2019.00000000,30.00000000,180.00000000,40.42114200,-86.94015700,2599.00000000,18.54309361,75.00000000,210.00000000,249.00000000,244.00000000,312.00000000,307.00000000,292.00000000,293.00000000,254.00000000,260.00000000,103.00000000,0.00000000
63149,Franklin Solar (NJ),NJ,1,10.00000000,8.80000000,2020.00000000,25.00000000,180.00000000,40.72000000,-75.06000000,13217.00000000,17.14534039,378.00000000,1033.00000000,1192.00000000,1211.00000000,1287.00000000,1499.00000000,1487.00000000,1228.00000000,1122.00000000,1358.00000000,896.00000000,526.00000000
63161,AES Tonawanda Solar LLC,NY,1,2.60000000,2.00000000,2020.00000000,25.00000000,0.00000000,42.99710000,-78.90170000,3071.00000000,17.52853881,47.00000000,196.00000000,262.00000000,280.00000000,397.00000000,359.00000000,421.00000000,336.00000000,314.00000000,274.00000000,111.00000000,74.00000000
63170,USS Kass Solar LLC,MN,1,1.40000000,1.00000000,2021.00000000,0.00000000,0.00000000,44.22443000,-95.68949000,2190.00000000,25.00000000,96.00000000,141.00000000,194.00000000,205.00000000,245.00000000,250.00000000,257.00000000,224.00000000,249.00000000,175.00000000,90.00000000,64.00000000
63176,Prawer Project CSG,MN,1,1.40000000,1.00000000,2020.00000000,30.00000000,180.00000000,45.46367800,-94.04507800,1592.00000000,18.17351598,63.00000000,98.00000000,178.00000000,161.00000000,202.00000000,176.00000000,141.00000000,151.00000000,168.00000000,122.00000000,84.00000000,48.00000000
63177,Schwinghamer Project CSG,MN,1,1.40000000,1.00000000,2019.00000000,30.00000000,180.00000000,45.62694200,-94.59608200,1793.00000000,20.46803653,44.00000000,118.00000000,171.00000000,172.00000000,209.00000000,183.00000000,214.00000000,183.00000000,211.00000000,158.00000000,77.00000000,53.00000000
63178,STAG St. Paul Project CSG,MN,1,1.40000000,1.00000000,2020.00000000,10.00000000,180.00000000,44.88563300,-93.02643200,1396.00000000,15.93607306,38.00000000,66.00000000,112.00000000,105.00000000,177.00000000,159.00000000,185.00000000,172.00000000,170.00000000,124.00000000,59.00000000,29.00000000
63179,Linden 01 CSG,MN,1,1.50000000,1.00000000,2020.00000000,30.00000000,180.00000000,44.59161900,-93.84538900,1829.00000000,20.87899543,65.00000000,129.00000000,184.00000000,170.00000000,212.00000000,186.00000000,187.00000000,175.00000000,217.00000000,153.00000000,93.00000000,58.00000000
63181,Monroeville Solar,OH,1,5.10000000,3.20000000,2017.00000000,20.00000000,0.00000000,41.23014200,-82.71178500,3656.00000000,13.04223744,94.00000000,267.00000000,303.00000000,401.00000000,450.00000000,409.00000000,411.00000000,416.00000000,346.00000000,324.00000000,131.00000000,104.00000000
63182,Linden 02 CSG,MN,1,1.50000000,1.00000000,2020.00000000,30.00000000,180.00000000,44.59193300,-93.84681600,1816.00000000,20.73059361,64.00000000,128.00000000,183.00000000,169.00000000,212.00000000,185.00000000,189.00000000,181.00000000,206.00000000,151.00000000,91.00000000,57.00000000
63183,Linden 03 CSG,MN,1,1.50000000,1.00000000,2020.00000000,30.00000000,180.00000000,44.59213200,-93.84497100,1834.00000000,20.93607306,66.00000000,128.00000000,184.00000000,169.00000000,212.00000000,186.00000000,193.00000000,186.00000000,206.00000000,152.00000000,93.00000000,59.00000000
63185,Sayreville Solar Project,NJ,1,4.40000000,3.10000000,2019.00000000,12.00000000,180.00000000,40.43800000,-74.33600000,5324.00000000,19.60524378,135.00000000,353.00000000,478.00000000,519.00000000,552.00000000,680.00000000,557.00000000,539.00000000,477.00000000,502.00000000,307.00000000,225.00000000
63189,Bio-Rad,CA,1,2.50000000,2.30000000,2021.00000000,15.00000000,180.00000000,38.02248600,-122.27366300,3179.00000000,15.77824102,111.00000000,178.00000000,279.00000000,354.00000000,414.00000000,399.00000000,339.00000000,343.00000000,289.00000000,236.00000000,139.00000000,98.00000000
63191,Hopkinton Phase 2,RI,1,2.90000000,2.50000000,2020.00000000,25.00000000,180.00000000,41.44329300,-71.79113300,3611.00000000,16.48858447,165.00000000,279.00000000,309.00000000,301.00000000,308.00000000,391.00000000,343.00000000,387.00000000,324.00000000,342.00000000,264.00000000,198.00000000
63198,ACCP NJ 1,NJ,1,1.50000000,1.20000000,2020.00000000,15.00000000,180.00000000,40.92635000,-74.67508900,2001.00000000,19.03538813,43.00000000,133.00000000,182.00000000,182.00000000,215.00000000,251.00000000,239.00000000,206.00000000,183.00000000,195.00000000,113.00000000,59.00000000
63206,Rafael Solar,OR,1,3.20000000,2.20000000,2019.00000000,20.00000000,180.00000000,44.85983800,-123.00791300,3819.00000000,19.81631382,74.00000000,181.00000000,319.00000000,389.00000000,473.00000000,490.00000000,556.00000000,462.00000000,393.00000000,293.00000000,105.00000000,84.00000000
63207,Case Creek Solar,OR,1,3.20000000,2.20000000,2019.00000000,20.00000000,180.00000000,45.17200000,-122.91200000,3895.00000000,20.21066833,83.00000000,193.00000000,330.00000000,408.00000000,479.00000000,503.00000000,574.00000000,464.00000000,386.00000000,288.00000000,110.00000000,77.00000000
63208,Kale Patch Solar,OR,1,3.30000000,2.20000000,2019.00000000,20.00000000,180.00000000,45.08300000,-122.90400000,3526.00000000,18.29597343,73.00000000,190.00000000,331.00000000,409.00000000,473.00000000,501.00000000,252.00000000,458.00000000,382.00000000,284.00000000,105.00000000,68.00000000
63212,Battle Creek Solar,VT,1,3.40000000,2.20000000,2018.00000000,25.00000000,180.00000000,42.91330000,-73.21420000,3438.00000000,17.83935243,50.00000000,247.00000000,251.00000000,336.00000000,405.00000000,416.00000000,451.00000000,367.00000000,389.00000000,328.00000000,122.00000000,76.00000000
63213,Sheridan School Corporation Solar,IN,2,1.80000000,1.50000000,2016.00000000,26.94444444,180.00000000,40.14027800,-86.21527800,1865.00000000,14.19330289,46.00000000,134.00000000,183.00000000,185.00000000,208.00000000,203.00000000,202.00000000,215.00000000,169.00000000,174.00000000,79.00000000,67.00000000
63215,USS Dot Com Solar LLC CSG,MN,1,1.60000000,1.40000000,2021.00000000,0.00000000,0.00000000,44.42231400,-94.92664000,1852.00000000,15.10110894,90.00000000,139.00000000,189.00000000,202.00000000,222.00000000,236.00000000,85.00000000,135.00000000,240.00000000,176.00000000,80.00000000,58.00000000
63221,USS Steamboat Solar LLC CSG,MN,1,1.20000000,1.00000000,2021.00000000,0.00000000,0.00000000,44.41301000,-94.98580000,1885.00000000,21.51826484,80.00000000,124.00000000,165.00000000,170.00000000,227.00000000,214.00000000,240.00000000,171.00000000,212.00000000,157.00000000,74.00000000,51.00000000
63225,AGA TAG Solar IV LLC,NC,1,7.20000000,4.90000000,2019.00000000,45.00000000,45.00000000,34.27355000,-78.06444000,8044.00000000,18.74009878,598.00000000,673.00000000,802.00000000,857.00000000,858.00000000,672.00000000,648.00000000,785.00000000,642.00000000,746.00000000,389.00000000,374.00000000
63229,Manheim New Jersey,NJ,2,2.70000000,2.20000000,2013.00000000,10.55555556,180.00000000,40.11359000,-74.70629000,3638.00000000,18.87712744,81.00000000,252.00000000,291.00000000,326.00000000,358.00000000,447.00000000,436.00000000,391.00000000,313.00000000,352.00000000,227.00000000,164.00000000
63230,Knaggs Brothers Farm,NY,1,5.50000000,4.50000000,2018.00000000,25.00000000,180.00000000,42.73035000,-73.96910000,6930.00000000,17.57990868,149.00000000,547.00000000,537.00000000,594.00000000,801.00000000,787.00000000,818.00000000,681.00000000,755.00000000,686.00000000,399.00000000,176.00000000
63231,Woodbury Solar,MN,1,4.00000000,3.00000000,2020.00000000,25.00000000,180.00000000,44.88194400,-92.96750000,4421.00000000,16.82267884,130.00000000,305.00000000,447.00000000,428.00000000,539.00000000,429.00000000,490.00000000,497.00000000,493.00000000,404.00000000,180.00000000,79.00000000
63232,Brookfield Wire Company,MA,1,2.00000000,1.40000000,2016.00000000,25.00000000,180.00000000,42.21694000,-72.12208000,1608.00000000,13.11154599,56.00000000,188.00000000,181.00000000,99.00000000,199.00000000,249.00000000,97.00000000,144.00000000,52.00000000,88.00000000,163.00000000,92.00000000
63235,O'Neill Creek Solar,OR,1,3.30000000,2.20000000,2019.00000000,20.00000000,180.00000000,45.47200000,-123.12900000,3360.00000000,17.43462017,71.00000000,168.00000000,310.00000000,36.00000000,456.00000000,497.00000000,535.00000000,452.00000000,379.00000000,275.00000000,112.00000000,69.00000000
63237,Old Court Rd Solar,MD,1,2.60000000,2.00000000,2019.00000000,25.00000000,4.00000000,39.34167000,-76.83510000,2915.00000000,16.63812785,117.00000000,277.00000000,325.00000000,314.00000000,301.00000000,310.00000000,269.00000000,243.00000000,184.00000000,254.00000000,171.00000000,150.00000000
63239,Sherman Solar,CT,1,1.20000000,1.00000000,2019.00000000,25.00000000,180.00000000,41.58300000,-71.90200000,1445.00000000,16.49543379,40.00000000,110.00000000,141.00000000,136.00000000,142.00000000,146.00000000,142.00000000,149.00000000,132.00000000,145.00000000,97.00000000,65.00000000
63240,Jackson Solar (CT),CT,1,1.20000000,1.00000000,2019.00000000,25.00000000,180.00000000,41.58300000,-71.90400000,1445.00000000,16.49543379,41.00000000,110.00000000,141.00000000,136.00000000,142.00000000,146.00000000,142.00000000,149.00000000,132.00000000,144.00000000,97.00000000,65.00000000
63241,Limelight Solar II LLC,SC,1,2.60000000,2.00000000,2019.00000000,25.00000000,180.00000000,34.99389000,-81.87819000,1911.00000000,10.90753425,148.00000000,198.00000000,250.00000000,290.00000000,38.00000000,96.00000000,277.00000000,243.00000000,181.00000000,0.00000000,82.00000000,108.00000000
63242,ATOOD Solar III LLC,SC,1,2.70000000,2.00000000,2019.00000000,45.00000000,45.00000000,34.99647000,-82.04210000,2711.00000000,15.47374429,226.00000000,248.00000000,300.00000000,304.00000000,301.00000000,305.00000000,152.00000000,139.00000000,212.00000000,200.00000000,147.00000000,177.00000000
63243,AGA TAG Solar III LLC,SC,1,2.70000000,2.00000000,2020.00000000,45.00000000,45.00000000,34.99647000,-82.04210000,2948.00000000,16.82648402,165.00000000,166.00000000,548.00000000,328.00000000,334.00000000,317.00000000,330.00000000,335.00000000,241.00000000,-1.00000000,84.00000000,101.00000000
63244,Sydney Solar,CT,1,2.40000000,2.00000000,2020.00000000,25.00000000,180.00000000,41.76830000,-72.07830000,2936.00000000,16.75799087,60.00000000,210.00000000,290.00000000,285.00000000,312.00000000,330.00000000,313.00000000,305.00000000,260.00000000,264.00000000,193.00000000,114.00000000
63245,Dickinson Solar (CT),CT,1,2.40000000,2.00000000,2020.00000000,25.00000000,180.00000000,41.76980000,-72.07940000,2868.00000000,16.36986301,61.00000000,200.00000000,286.00000000,291.00000000,310.00000000,336.00000000,316.00000000,285.00000000,242.00000000,257.00000000,176.00000000,108.00000000
63247,Novel Debra Solar LLC CSG,MN,1,1.40000000,1.00000000,2020.00000000,55.00000000,180.00000000,44.09394000,-92.74975000,1856.00000000,21.18721461,61.00000000,150.00000000,195.00000000,186.00000000,229.00000000,154.00000000,210.00000000,182.00000000,219.00000000,161.00000000,63.00000000,46.00000000
63249,Novel Wayne Solar LLC CSG,MN,1,1.40000000,1.00000000,2021.00000000,60.00000000,180.00000000,44.10234100,-92.74647700,1715.00000000,19.57762557,64.00000000,140.00000000,170.00000000,150.00000000,134.00000000,196.00000000,194.00000000,181.00000000,234.00000000,160.00000000,42.00000000,50.00000000
63252,Cannon Garden Solar,MN,1,1.30000000,1.00000000,2020.00000000,25.00000000,180.00000000,44.24416000,-93.26916000,1699.00000000,19.39497717,56.00000000,118.00000000,164.00000000,156.00000000,191.00000000,175.00000000,195.00000000,189.00000000,183.00000000,159.00000000,73.00000000,40.00000000
63253,Francis Scott Key Mall,MD,1,2.10000000,1.60000000,2018.00000000,5.00000000,219.00000000,39.38588000,-77.40947000,1343.00000000,9.58190639,26.00000000,69.00000000,103.00000000,110.00000000,112.00000000,177.00000000,190.00000000,168.00000000,124.00000000,129.00000000,77.00000000,58.00000000
63254,Altamonte Mall,FL,1,2.00000000,1.50000000,2016.00000000,5.00000000,180.00000000,28.66633000,-81.37810000,1297.00000000,9.87062405,76.00000000,105.00000000,122.00000000,149.00000000,179.00000000,147.00000000,136.00000000,118.00000000,100.00000000,81.00000000,71.00000000,13.00000000
63256,Pembroke Lakes Mall,FL,1,1.40000000,1.10000000,2016.00000000,5.00000000,180.00000000,26.01060000,-80.30460000,1196.00000000,12.41178912,61.00000000,81.00000000,110.00000000,135.00000000,137.00000000,96.00000000,124.00000000,106.00000000,100.00000000,80.00000000,84.00000000,82.00000000
63257,Short Hills Mall,NJ,1,3.50000000,2.70000000,2018.00000000,5.00000000,200.00000000,40.73970000,-74.36420000,3080.00000000,13.02215457,71.00000000,148.00000000,263.00000000,313.00000000,362.00000000,432.00000000,405.00000000,348.00000000,260.00000000,233.00000000,141.00000000,104.00000000
63260,AC Power,NJ,1,1.60000000,1.30000000,2019.00000000,25.00000000,180.00000000,40.04977800,-74.93516700,2150.00000000,18.87952230,65.00000000,174.00000000,189.00000000,195.00000000,199.00000000,244.00000000,229.00000000,215.00000000,178.00000000,223.00000000,143.00000000,96.00000000
63262,Becton Canaan,CT,3,3.30000000,2.50000000,2019.00000000,19.09090909,177.24330739,42.01000000,-73.33500000,3293.00000000,15.03652968,53.00000000,239.00000000,272.00000000,276.00000000,380.00000000,390.00000000,382.00000000,309.00000000,341.00000000,325.00000000,205.00000000,121.00000000
63263,Plainfield Solar 2,CT,1,1.20000000,1.00000000,2020.00000000,25.00000000,180.00000000,41.67900000,-71.90500000,1486.00000000,16.96347032,34.00000000,116.00000000,142.00000000,141.00000000,167.00000000,175.00000000,158.00000000,149.00000000,140.00000000,133.00000000,87.00000000,44.00000000
63266,Penny Hill Solar,NC,1,2.70000000,2.00000000,2017.00000000,20.00000000,180.00000000,35.75900000,-77.51300000,3712.00000000,21.18721461,250.00000000,287.00000000,291.00000000,329.00000000,373.00000000,404.00000000,350.00000000,329.00000000,280.00000000,330.00000000,258.00000000,231.00000000
63267,"Meeks Solar, LLC",NC,1,2.80000000,2.00000000,2017.00000000,20.00000000,180.00000000,35.81555600,-77.29111100,3826.00000000,21.83789954,246.00000000,293.00000000,317.00000000,346.00000000,366.00000000,421.00000000,346.00000000,367.00000000,286.00000000,353.00000000,248.00000000,237.00000000
63270,"Strider Solar, LLC",NC,1,7.00000000,5.00000000,2018.00000000,20.00000000,180.00000000,35.60000000,-79.79000000,8446.00000000,19.28310502,440.00000000,578.00000000,691.00000000,754.00000000,761.00000000,871.00000000,886.00000000,917.00000000,690.00000000,877.00000000,537.00000000,444.00000000
63272,"Woodsdale Farm, LLC",NC,1,2.60000000,2.00000000,2018.00000000,20.00000000,180.00000000,36.46400000,-78.95000000,3355.00000000,19.14954338,169.00000000,259.00000000,321.00000000,343.00000000,336.00000000,372.00000000,351.00000000,346.00000000,210.00000000,306.00000000,187.00000000,155.00000000
63279,Barneveld Solar,NY,1,1.40000000,1.00000000,2019.00000000,20.00000000,180.00000000,43.25138800,-75.17722200,1405.00000000,16.03881279,12.00000000,84.00000000,94.00000000,130.00000000,192.00000000,154.00000000,200.00000000,153.00000000,165.00000000,135.00000000,72.00000000,14.00000000
63286,DG Amaze ACY1,NJ,1,5.20000000,3.80000000,2019.00000000,5.00000000,210.00000000,39.82294500,-75.21629300,5179.00000000,15.55815910,142.00000000,359.00000000,462.00000000,503.00000000,527.00000000,678.00000000,621.00000000,553.00000000,420.00000000,440.00000000,269.00000000,205.00000000
63289,White Marsh Mall,MD,1,1.40000000,1.10000000,2015.00000000,5.00000000,180.00000000,39.37614000,-76.46813000,1042.00000000,10.81361561,24.00000000,62.00000000,97.00000000,116.00000000,114.00000000,144.00000000,131.00000000,112.00000000,81.00000000,80.00000000,47.00000000,34.00000000
63290,Natick Mall,MA,1,3.40000000,2.70000000,2018.00000000,5.00000000,180.00000000,42.30090000,-71.38430000,3617.00000000,15.29257568,67.00000000,228.00000000,308.00000000,366.00000000,417.00000000,474.00000000,443.00000000,399.00000000,329.00000000,283.00000000,181.00000000,122.00000000
63292,100 Brook Hill Drive Solar,NY,1,2.50000000,2.00000000,2015.00000000,5.00000000,173.00000000,41.09305000,-73.98280000,1361.00000000,7.76826484,25.00000000,48.00000000,98.00000000,110.00000000,134.00000000,153.00000000,141.00000000,175.00000000,170.00000000,157.00000000,93.00000000,57.00000000
63296,"232 Long Branch 29 Solar I, LLC",NC,1,3.00000000,2.00000000,2018.00000000,15.00000000,180.00000000,35.23222000,-81.55972200,2135.00000000,12.18607306,132.00000000,163.00000000,207.00000000,228.00000000,229.00000000,243.00000000,235.00000000,221.00000000,157.00000000,63.00000000,141.00000000,116.00000000
63297,Hobart & William Smith College Gates Rd.,NY,1,2.60000000,2.40000000,2017.00000000,25.00000000,189.00000000,42.86228000,-77.05058000,2959.00000000,14.07439117,69.00000000,199.00000000,254.00000000,246.00000000,343.00000000,329.00000000,386.00000000,326.00000000,305.00000000,279.00000000,153.00000000,70.00000000
63298,"Barrette Outdoor Living, Inc.",NJ,1,2.10000000,1.90000000,2019.00000000,10.00000000,174.00000000,39.48770000,-74.60035000,2650.00000000,15.92165345,79.00000000,175.00000000,243.00000000,256.00000000,265.00000000,349.00000000,278.00000000,296.00000000,222.00000000,232.00000000,143.00000000,112.00000000
63299,"Harvest Beulaville, LLC",NC,1,2.70000000,2.00000000,2017.00000000,20.00000000,180.00000000,34.90389000,-77.78416700,3486.00000000,19.89726027,251.00000000,283.00000000,317.00000000,344.00000000,351.00000000,327.00000000,320.00000000,328.00000000,263.00000000,231.00000000,236.00000000,235.00000000
63303,Alticor Inc - Solar Project,CA,1,1.40000000,1.20000000,2017.00000000,10.00000000,180.00000000,33.87858500,-117.99608000,1586.00000000,15.08751903,97.00000000,97.00000000,156.00000000,176.00000000,174.00000000,154.00000000,205.00000000,178.00000000,127.00000000,97.00000000,71.00000000,54.00000000
63334,Campus Drive Solar,NJ,1,4.80000000,3.70000000,2020.00000000,10.00000000,140.00000000,40.05621300,-74.88094100,5816.00000000,17.94397137,144.00000000,379.00000000,515.00000000,576.00000000,607.00000000,765.00000000,680.00000000,605.00000000,481.00000000,523.00000000,324.00000000,217.00000000
63345,"Scotch Bonnet Solar, LLC",NC,1,4.90000000,4.50000000,2020.00000000,20.00000000,180.00000000,34.53827000,-77.90811300,6303.00000000,15.98934551,453.00000000,499.00000000,599.00000000,637.00000000,685.00000000,626.00000000,634.00000000,539.00000000,327.00000000,564.00000000,352.00000000,388.00000000
63353,Allied Beverages Elizabeth,NJ,1,4.60000000,3.20000000,2018.00000000,5.00000000,208.00000000,40.66567800,-74.17522600,5295.00000000,18.88912671,140.00000000,282.00000000,460.00000000,524.00000000,579.00000000,680.00000000,644.00000000,558.00000000,481.00000000,449.00000000,283.00000000,215.00000000
63354,Ticket Network South Windsor,CT,1,1.40000000,1.00000000,2018.00000000,10.00000000,137.00000000,41.82151800,-72.50738300,1553.00000000,17.72831050,32.00000000,72.00000000,134.00000000,152.00000000,182.00000000,210.00000000,193.00000000,168.00000000,147.00000000,131.00000000,84.00000000,48.00000000
63355,Chanel Piscataway Rooftop,NJ,1,1.80000000,1.40000000,2018.00000000,5.00000000,142.00000000,40.55034200,-74.48296900,2981.00000000,24.30691455,75.00000000,152.00000000,273.00000000,304.00000000,338.00000000,403.00000000,367.00000000,309.00000000,244.00000000,250.00000000,162.00000000,104.00000000
63356,Colonial Pipeline Allentown Chesterfield,NJ,1,2.50000000,1.90000000,2018.00000000,20.00000000,180.00000000,40.15230200,-74.65775400,2979.00000000,17.89834174,81.00000000,211.00000000,252.00000000,278.00000000,286.00000000,359.00000000,331.00000000,303.00000000,246.00000000,306.00000000,201.00000000,125.00000000
63357,Colonial Pipeline Woodbury West Deptford,NJ,1,4.90000000,3.70000000,2018.00000000,15.00000000,180.00000000,39.81731900,-75.19687400,5218.00000000,16.09897569,91.00000000,231.00000000,399.00000000,524.00000000,530.00000000,683.00000000,626.00000000,549.00000000,419.00000000,538.00000000,356.00000000,272.00000000
63358,Corbin Russwin Phase 3 Berlin,CT,1,1.40000000,1.00000000,2018.00000000,20.00000000,162.00000000,41.64232200,-72.74090700,1711.00000000,19.53196347,44.00000000,120.00000000,144.00000000,156.00000000,177.00000000,207.00000000,193.00000000,172.00000000,159.00000000,159.00000000,105.00000000,75.00000000
63361,Medline Ind. Phase 2 Tracy,CA,1,1.40000000,1.00000000,2018.00000000,10.00000000,180.00000000,37.73476100,-121.50894500,1976.00000000,22.55707763,76.00000000,114.00000000,167.00000000,205.00000000,252.00000000,240.00000000,233.00000000,212.00000000,172.00000000,134.00000000,99.00000000,72.00000000
63363,Niagara Bottling Stockton,CA,1,1.20000000,1.00000000,2018.00000000,5.00000000,222.00000000,37.89481700,-121.24891000,870.00000000,9.93150685,0.00000000,0.00000000,0.00000000,0.00000000,0.00000000,206.00000000,189.00000000,157.00000000,117.00000000,79.00000000,67.00000000,55.00000000
63366,435A Bergen Avenue,NJ,1,1.90000000,1.40000000,2019.00000000,10.00000000,202.00000000,40.75193800,-74.13125800,2086.00000000,17.00913242,54.00000000,104.00000000,187.00000000,212.00000000,242.00000000,277.00000000,271.00000000,192.00000000,189.00000000,177.00000000,105.00000000,76.00000000
63367,Strandness Garden,MN,1,1.30000000,1.00000000,2020.00000000,25.00000000,180.00000000,45.65727000,-95.52985000,1583.00000000,18.07077626,26.00000000,102.00000000,155.00000000,159.00000000,186.00000000,189.00000000,202.00000000,157.00000000,194.00000000,137.00000000,50.00000000,26.00000000
63368,"GSPP Gilman, LLC",VT,1,2.80000000,2.10000000,2018.00000000,30.00000000,180.00000000,44.41477300,-71.71448300,3122.00000000,16.97108067,61.00000000,228.00000000,227.00000000,320.00000000,342.00000000,343.00000000,403.00000000,303.00000000,368.00000000,314.00000000,154.00000000,59.00000000
63369,Riley Road LLC,NY,2,5.60000000,4.00000000,2019.00000000,20.00000000,180.00000000,41.46913200,-74.07837200,6899.00000000,19.68892694,178.00000000,513.00000000,592.00000000,605.00000000,764.00000000,794.00000000,782.00000000,676.00000000,641.00000000,648.00000000,412.00000000,294.00000000
63370,GSSP Schneider LLC,MN,5,7.00000000,5.00000000,2019.00000000,30.00000000,180.00000000,45.52953500,-94.29745200,8511.00000000,19.43150685,194.00000000,637.00000000,746.00000000,829.00000000,1028.00000000,863.00000000,1035.00000000,895.00000000,1021.00000000,684.00000000,349.00000000,230.00000000
63371,Hope Solar Farm LLC,NY,1,2.90000000,2.00000000,2019.00000000,25.00000000,180.00000000,42.72642800,-73.60212900,3105.00000000,17.72260274,43.00000000,240.00000000,248.00000000,291.00000000,394.00000000,257.00000000,414.00000000,328.00000000,351.00000000,305.00000000,165.00000000,69.00000000
63372,Catlin Solar 1 LLC,NY,1,6.10000000,4.00000000,2019.00000000,25.00000000,180.00000000,42.28594200,-76.95398100,6407.00000000,18.28481735,141.00000000,494.00000000,423.00000000,487.00000000,735.00000000,772.00000000,841.00000000,677.00000000,661.00000000,673.00000000,359.00000000,144.00000000
63373,Saratoga Solar LLC,NY,1,6.30000000,5.00000000,2019.00000000,30.00000000,0.00000000,43.07377000,-73.90395400,7930.00000000,18.10502283,166.00000000,631.00000000,613.00000000,699.00000000,877.00000000,881.00000000,935.00000000,766.00000000,828.00000000,807.00000000,526.00000000,201.00000000
63374,CP Middletown Solar I LLC,CT,1,1.30000000,1.00000000,2019.00000000,20.00000000,0.00000000,41.54882600,-72.70687700,1683.00000000,19.21232877,44.00000000,115.00000000,150.00000000,151.00000000,178.00000000,199.00000000,180.00000000,164.00000000,151.00000000,154.00000000,112.00000000,85.00000000
63375,CP Middletown Solar II LLC,CT,1,1.30000000,1.00000000,2019.00000000,20.00000000,0.00000000,41.54882600,-72.70687700,1688.00000000,19.26940639,43.00000000,115.00000000,150.00000000,151.00000000,178.00000000,200.00000000,182.00000000,166.00000000,153.00000000,156.00000000,112.00000000,82.00000000
63380,Goodhue Community Solar One LLC CSG,MN,1,1.40000000,1.00000000,2020.00000000,30.00000000,180.00000000,44.29741000,-92.64087000,1763.00000000,20.12557078,60.00000000,139.00000000,179.00000000,158.00000000,191.00000000,149.00000000,200.00000000,190.00000000,183.00000000,177.00000000,83.00000000,54.00000000
63381,"Railroad Solar Farm, LLC",NC,1,5.40000000,4.10000000,2016.00000000,25.00000000,180.00000000,34.68056000,-79.18500000,6193.00000000,17.24301147,463.00000000,530.00000000,611.00000000,673.00000000,613.00000000,646.00000000,550.00000000,543.00000000,381.00000000,462.00000000,359.00000000,362.00000000
63383,"ATOOD Solar IV, LLC",NC,1,6.00000000,5.00000000,2019.00000000,15.00000000,180.00000000,34.27532000,-78.06101500,7462.00000000,17.03652968,557.00000000,613.00000000,742.00000000,786.00000000,712.00000000,751.00000000,711.00000000,579.00000000,518.00000000,624.00000000,454.00000000,415.00000000
63391,City of Rio Rancho WWTP,NM,1,1.30000000,1.20000000,2019.00000000,30.00000000,0.00000000,35.17988900,-106.80658300,2678.00000000,25.47564688,128.00000000,169.00000000,221.00000000,260.00000000,263.00000000,222.00000000,265.00000000,254.00000000,249.00000000,243.00000000,197.00000000,207.00000000
63392,DEC Phase II at Georgetown,DE,1,4.20000000,3.00000000,2019.00000000,25.00000000,180.00000000,38.66498900,-75.39944400,5373.00000000,20.44520548,276.00000000,419.00000000,491.00000000,502.00000000,435.00000000,637.00000000,374.00000000,552.00000000,444.00000000,534.00000000,388.00000000,321.00000000
63394,Falls Creek Garden,MN,1,1.30000000,1.00000000,2020.00000000,25.00000000,180.00000000,44.17570000,-93.14274000,1713.00000000,19.55479452,66.00000000,127.00000000,161.00000000,154.00000000,189.00000000,165.00000000,186.00000000,179.00000000,196.00000000,161.00000000,79.00000000,50.00000000
63395,Star Garden,MN,1,1.30000000,1.00000000,2020.00000000,25.00000000,180.00000000,45.65063000,-95.53088000,1631.00000000,18.61872146,31.00000000,104.00000000,157.00000000,161.00000000,190.00000000,191.00000000,209.00000000,164.00000000,200.00000000,141.00000000,53.00000000,30.00000000
63396,Buffalo Garden,MN,1,1.30000000,1.00000000,2020.00000000,25.00000000,180.00000000,44.00036000,-93.49681000,1728.00000000,19.72602740,53.00000000,128.00000000,157.00000000,157.00000000,188.00000000,174.00000000,196.00000000,190.00000000,197.00000000,159.00000000,82.00000000,47.00000000
63397,Loon Garden,MN,1,1.30000000,1.00000000,2020.00000000,25.00000000,180.00000000,44.08968000,-93.55615000,1727.00000000,19.71461187,61.00000000,126.00000000,164.00000000,157.00000000,189.00000000,175.00000000,197.00000000,189.00000000,197.00000000,149.00000000,76.00000000,47.00000000
63404,Thermo Fisher,NJ,1,1.70000000,1.50000000,2013.00000000,5.00000000,176.00000000,40.57370000,-74.62947000,1603.00000000,12.19939117,43.00000000,75.00000000,132.00000000,178.00000000,172.00000000,229.00000000,221.00000000,175.00000000,92.00000000,138.00000000,94.00000000,54.00000000
63406,Vermillion River_MN_GRE DEA-GM,MN,1,3.80000000,3.00000000,2019.00000000,25.00000000,182.00000000,44.59980400,-93.13610500,5051.00000000,19.21993912,190.00000000,335.00000000,489.00000000,443.00000000,568.00000000,505.00000000,573.00000000,545.00000000,576.00000000,460.00000000,228.00000000,139.00000000
63411,"Greenwich Solar 1, LLC CSG",NY,1,7.30000000,5.00000000,2020.00000000,25.00000000,1.00000000,43.07830000,-73.53310000,4590.00000000,10.47945205,8.00000000,311.00000000,287.00000000,345.00000000,483.00000000,565.00000000,730.00000000,336.00000000,523.00000000,637.00000000,365.00000000,0.00000000
63413,LTMUA,NJ,1,1.30000000,1.00000000,2012.00000000,25.00000000,180.00000000,39.00776000,-74.93556000,1340.00000000,15.29680365,51.00000000,99.00000000,129.00000000,126.00000000,115.00000000,156.00000000,142.00000000,137.00000000,108.00000000,110.00000000,86.00000000,81.00000000
63414,IOS II-LAX9,CA,1,5.00000000,4.00000000,2020.00000000,10.00000000,180.00000000,34.09000000,-117.45000000,7202.00000000,20.55365297,405.00000000,405.00000000,623.00000000,750.00000000,767.00000000,783.00000000,759.00000000,695.00000000,628.00000000,562.00000000,439.00000000,386.00000000
63416,Sierra Pacific Industries (2042-RD),CA,1,10.20000000,8.40000000,2020.00000000,25.00000000,180.00000000,40.12138900,-122.19194400,16322.00000000,22.18145249,624.00000000,911.00000000,1328.00000000,1632.00000000,1969.00000000,1819.00000000,1762.00000000,1745.00000000,1663.00000000,1399.00000000,896.00000000,574.00000000
63417,Goodhue Community Solar Three LLC CSG,MN,1,1.40000000,1.00000000,2020.00000000,30.00000000,180.00000000,44.29725000,-92.74543000,1680.00000000,19.17808219,39.00000000,139.00000000,178.00000000,158.00000000,186.00000000,145.00000000,187.00000000,182.00000000,186.00000000,162.00000000,75.00000000,43.00000000
63418,DGS Wasco State Prison,CA,1,3.00000000,2.30000000,2020.00000000,7.00000000,180.00000000,35.59390300,-119.40721500,4455.00000000,22.11137582,216.00000000,310.00000000,410.00000000,412.00000000,476.00000000,496.00000000,515.00000000,479.00000000,381.00000000,322.00000000,237.00000000,201.00000000
63419,DGS Central California Womens Facility,CA,1,2.60000000,2.00000000,2020.00000000,7.00000000,225.00000000,37.08970100,-120.14996600,3682.00000000,21.01598174,161.00000000,239.00000000,355.00000000,421.00000000,488.00000000,480.00000000,475.00000000,418.00000000,302.00000000,208.00000000,135.00000000,0.00000000
63424,Straight Garden Solar,MN,1,1.30000000,1.00000000,2020.00000000,25.00000000,180.00000000,44.25271000,-93.27304000,1736.00000000,19.81735160,67.00000000,124.00000000,171.00000000,157.00000000,194.00000000,170.00000000,187.00000000,179.00000000,191.00000000,162.00000000,83.00000000,51.00000000
63425,Leven Garden Solar,MN,1,1.30000000,1.00000000,2020.00000000,25.00000000,180.00000000,45.71693000,-95.26357000,1539.00000000,17.56849315,39.00000000,111.00000000,153.00000000,132.00000000,94.00000000,183.00000000,204.00000000,171.00000000,207.00000000,145.00000000,62.00000000,38.00000000
63426,Zumbro Solar Garden,MN,1,1.30000000,1.00000000,2020.00000000,25.00000000,180.00000000,44.04603000,-92.75999000,1694.00000000,19.33789954,29.00000000,124.00000000,167.00000000,151.00000000,196.00000000,175.00000000,197.00000000,195.00000000,195.00000000,159.00000000,68.00000000,38.00000000
63427,Mud Garden Solar,MN,1,1.30000000,1.00000000,2020.00000000,25.00000000,180.00000000,44.54328000,-94.22260000,1732.00000000,19.77168950,53.00000000,111.00000000,171.00000000,164.00000000,201.00000000,175.00000000,200.00000000,182.00000000,198.00000000,158.00000000,77.00000000,42.00000000
63428,"IGS CC, LLC",DC,1,2.00000000,1.50000000,2020.00000000,35.00000000,180.00000000,38.93617200,-76.96818600,1857.00000000,14.13242009,44.00000000,78.00000000,164.00000000,193.00000000,176.00000000,244.00000000,219.00000000,226.00000000,168.00000000,203.00000000,87.00000000,55.00000000
63429,Erin Garden Solar,MN,1,1.30000000,1.00000000,2020.00000000,25.00000000,180.00000000,44.67524000,-94.01007000,1572.00000000,17.94520548,51.00000000,99.00000000,141.00000000,136.00000000,168.00000000,155.00000000,176.00000000,173.00000000,192.00000000,152.00000000,79.00000000,50.00000000
63430,Chub Garden Solar,MN,1,1.30000000,1.00000000,2020.00000000,25.00000000,180.00000000,44.48595000,-93.21279000,1772.00000000,20.22831050,71.00000000,121.00000000,158.00000000,156.00000000,200.00000000,177.00000000,202.00000000,188.00000000,201.00000000,160.00000000,83.00000000,55.00000000
63434,Maston Garden Solar,MN,1,1.30000000,1.00000000,2020.00000000,25.00000000,180.00000000,44.04334000,-92.69045000,1727.00000000,19.71461187,57.00000000,144.00000000,175.00000000,149.00000000,155.00000000,173.00000000,198.00000000,193.00000000,179.00000000,163.00000000,83.00000000,58.00000000
63445,1009 Yadkin Solar,NC,1,6.70000000,4.90000000,2021.00000000,20.00000000,180.00000000,36.14749000,-80.65611400,5907.00000000,13.76153201,363.00000000,0.00000000,572.00000000,806.00000000,753.00000000,933.00000000,63.00000000,420.00000000,815.00000000,697.00000000,472.00000000,13.00000000
63447,1008 Matthews Solar,NC,1,6.60000000,4.90000000,2021.00000000,20.00000000,180.00000000,36.21669000,-80.55247300,8289.00000000,19.31087503,493.00000000,610.00000000,629.00000000,759.00000000,765.00000000,895.00000000,794.00000000,743.00000000,869.00000000,716.00000000,603.00000000,413.00000000
63448,1045 Tomlin Mill Solar,NC,1,6.60000000,4.90000000,2021.00000000,20.00000000,180.00000000,35.91617800,-80.83548800,7686.00000000,17.90606654,448.00000000,627.00000000,659.00000000,823.00000000,762.00000000,564.00000000,830.00000000,693.00000000,790.00000000,447.00000000,576.00000000,467.00000000
63449,Lang Solar Farm,NC,1,6.40000000,5.00000000,2016.00000000,20.00000000,190.00000000,35.19587000,-77.50275900,9116.00000000,20.81278539,622.00000000,691.00000000,773.00000000,875.00000000,907.00000000,965.00000000,869.00000000,858.00000000,712.00000000,830.00000000,570.00000000,444.00000000
63450,Chenango Solar,NY,1,6.10000000,4.90000000,2019.00000000,20.00000000,180.00000000,42.19816700,-75.92728200,6499.00000000,15.14071382,131.00000000,508.00000000,488.00000000,413.00000000,755.00000000,822.00000000,893.00000000,674.00000000,710.00000000,605.00000000,388.00000000,112.00000000
63451,"Monroe Solar Farm, LLC",NJ,1,14.70000000,13.10000000,2020.00000000,15.00000000,180.00000000,40.31200000,-74.42500000,18636.00000000,16.23967374,464.00000000,1283.00000000,1609.00000000,1807.00000000,1914.00000000,2307.00000000,2172.00000000,1922.00000000,1542.00000000,1821.00000000,1134.00000000,661.00000000
63453,Malmedal Solar Garden,MN,1,1.30000000,1.00000000,2019.00000000,20.00000000,180.00000000,45.65736000,-95.51856000,1677.00000000,19.14383562,36.00000000,108.00000000,162.00000000,165.00000000,191.00000000,191.00000000,212.00000000,168.00000000,205.00000000,139.00000000,63.00000000,37.00000000
63454,Wollan Garden Solar,MN,1,1.30000000,1.00000000,2019.00000000,20.00000000,180.00000000,45.63712100,-95.53090300,1211.00000000,13.82420091,23.00000000,99.00000000,158.00000000,163.00000000,163.00000000,186.00000000,200.00000000,172.00000000,0.00000000,0.00000000,21.00000000,26.00000000
63459,Selective Insurance,NJ,2,3.70000000,2.80000000,2022.00000000,16.78378378,188.83487451,41.15222200,-74.74444400,4471.00000000,18.22814742,102.00000000,304.00000000,397.00000000,415.00000000,501.00000000,526.00000000,533.00000000,453.00000000,413.00000000,395.00000000,276.00000000,156.00000000
63463,"Mohea Solar Energy Center, LLC",SC,1,6.20000000,5.00000000,2020.00000000,20.00000000,180.00000000,35.08849000,-81.62438000,8179.00000000,18.67351598,484.00000000,635.00000000,784.00000000,839.00000000,846.00000000,911.00000000,894.00000000,896.00000000,591.00000000,523.00000000,352.00000000,424.00000000
63480,Roberds Garden CSG,MN,1,1.30000000,1.00000000,2019.00000000,20.00000000,180.00000000,44.29946000,-93.23908800,1691.00000000,19.30365297,56.00000000,118.00000000,163.00000000,155.00000000,189.00000000,168.00000000,191.00000000,185.00000000,191.00000000,154.00000000,79.00000000,42.00000000
63481,Clear Garden CSG,MN,1,1.30000000,1.00000000,2019.00000000,20.00000000,180.00000000,44.03536100,-93.49489400,1725.00000000,19.69178082,54.00000000,121.00000000,165.00000000,159.00000000,192.00000000,171.00000000,196.00000000,187.00000000,196.00000000,158.00000000,81.00000000,45.00000000
63484,Gohman Community Solar (CSG),MN,1,1.40000000,1.10000000,2020.00000000,30.00000000,180.00000000,45.43568300,-94.04479900,1646.00000000,17.08177667,56.00000000,131.00000000,167.00000000,166.00000000,135.00000000,173.00000000,162.00000000,173.00000000,201.00000000,155.00000000,79.00000000,48.00000000
63496,Frederick County - Landfill,MD,1,2.70000000,2.00000000,2019.00000000,25.00000000,180.00000000,39.37326300,-77.34985000,2257.00000000,12.88242009,88.00000000,259.00000000,176.00000000,174.00000000,240.00000000,144.00000000,229.00000000,192.00000000,182.00000000,286.00000000,167.00000000,120.00000000
63497,Calabro Airport North Solar Project,NY,1,1.80000000,1.30000000,2019.00000000,25.00000000,180.00000000,40.82240000,-72.87500000,2350.00000000,20.63575694,87.00000000,165.00000000,207.00000000,211.00000000,229.00000000,275.00000000,232.00000000,246.00000000,192.00000000,225.00000000,160.00000000,121.00000000
63498,Calabro Airport South Solar Project,NY,1,1.70000000,1.20000000,2019.00000000,20.00000000,180.00000000,40.81152400,-72.85705300,2168.00000000,20.62404871,82.00000000,150.00000000,199.00000000,205.00000000,224.00000000,268.00000000,186.00000000,235.00000000,192.00000000,159.00000000,152.00000000,116.00000000
63503,Lakehurst Solar,NJ,1,14.40000000,9.60000000,2020.00000000,20.00000000,180.00000000,40.02400000,-74.31200000,17808.00000000,21.17579909,638.00000000,1381.00000000,1576.00000000,1644.00000000,1534.00000000,2057.00000000,1942.00000000,1788.00000000,1473.00000000,1582.00000000,1290.00000000,903.00000000
63511,Mohonasen Central School District,NY,1,1.50000000,1.10000000,2019.00000000,25.00000000,180.00000000,42.76722800,-73.95684700,1634.00000000,16.95724367,38.00000000,140.00000000,128.00000000,162.00000000,145.00000000,129.00000000,224.00000000,157.00000000,198.00000000,181.00000000,107.00000000,25.00000000
63512,Wor-Wic Community College - Offsite,MD,1,2.70000000,2.00000000,2019.00000000,25.00000000,180.00000000,38.41327400,-75.69011800,3615.00000000,20.63356164,188.00000000,244.00000000,312.00000000,328.00000000,326.00000000,401.00000000,358.00000000,362.00000000,279.00000000,357.00000000,248.00000000,212.00000000
63514,Moonlight Packing - Phase 2,CA,1,1.80000000,1.40000000,2019.00000000,20.00000000,180.00000000,36.58579400,-119.46998600,2641.00000000,21.53457273,90.00000000,172.00000000,241.00000000,279.00000000,298.00000000,314.00000000,296.00000000,308.00000000,248.00000000,174.00000000,137.00000000,84.00000000
63520,PA Solar Park II,PA,1,14.40000000,10.00000000,2020.00000000,25.00000000,180.00000000,40.86159000,-75.84656000,15497.00000000,17.69063927,451.00000000,1214.00000000,1424.00000000,1331.00000000,1526.00000000,1805.00000000,1741.00000000,1490.00000000,1389.00000000,1625.00000000,909.00000000,592.00000000
63523,Spruce - WCMD - Rubble II,MD,1,2.50000000,2.00000000,2015.00000000,25.00000000,0.00000000,39.62143000,-77.82543000,2744.00000000,15.66210046,106.00000000,224.00000000,282.00000000,267.00000000,279.00000000,346.00000000,266.00000000,222.00000000,180.00000000,282.00000000,175.00000000,115.00000000
63524,Spruce - WCMD - Rubble I,MD,1,2.50000000,2.00000000,2015.00000000,25.00000000,0.00000000,39.61849000,-77.82332000,2873.00000000,16.39840183,112.00000000,243.00000000,248.00000000,282.00000000,198.00000000,353.00000000,319.00000000,272.00000000,241.00000000,299.00000000,184.00000000,122.00000000
63525,Spruce - WCMD - Creek,MD,1,2.50000000,2.00000000,2015.00000000,25.00000000,2.00000000,39.67185000,-77.82329000,2078.00000000,11.86073059,60.00000000,197.00000000,244.00000000,227.00000000,218.00000000,262.00000000,198.00000000,171.00000000,21.00000000,257.00000000,139.00000000,84.00000000
63526,Spruce - WCMD - Resh I,MD,1,2.50000000,2.00000000,2016.00000000,20.00000000,0.00000000,39.68185000,-77.80145000,2799.00000000,15.97602740,71.00000000,161.00000000,291.00000000,283.00000000,296.00000000,359.00000000,353.00000000,310.00000000,244.00000000,226.00000000,119.00000000,86.00000000
63527,Lafayette 2 - Internal Services Dept,CA,1,2.10000000,1.90000000,2020.00000000,4.80000000,225.00000000,34.05000000,-118.18000000,2626.00000000,15.77745734,135.00000000,152.00000000,236.00000000,274.00000000,247.00000000,279.00000000,322.00000000,347.00000000,245.00000000,167.00000000,120.00000000,102.00000000
63530,Jersey City DWP,NJ,1,1.20000000,1.00000000,2019.00000000,0.00000000,0.00000000,40.69002500,-74.08743100,1237.00000000,14.12100457,30.00000000,51.00000000,109.00000000,123.00000000,136.00000000,169.00000000,157.00000000,136.00000000,115.00000000,103.00000000,63.00000000,45.00000000
63531,Pima Community College NW,AZ,1,1.80000000,1.30000000,2019.00000000,14.00000000,145.00000000,32.34349100,-111.02786000,3046.00000000,26.74745346,179.00000000,202.00000000,261.00000000,302.00000000,352.00000000,301.00000000,275.00000000,289.00000000,260.00000000,248.00000000,195.00000000,182.00000000
63532,Winona Community Solar One LLC,MN,1,1.40000000,1.00000000,2020.00000000,30.00000000,180.00000000,43.85852400,-91.32198300,1804.00000000,20.59360731,26.00000000,160.00000000,173.00000000,151.00000000,193.00000000,175.00000000,212.00000000,195.00000000,196.00000000,185.00000000,82.00000000,56.00000000
63533,Goodhue Community Solar Two LLC,MN,1,1.40000000,1.00000000,2020.00000000,30.00000000,180.00000000,44.29390700,-92.72359800,1818.00000000,20.75342466,66.00000000,140.00000000,181.00000000,160.00000000,190.00000000,150.00000000,203.00000000,202.00000000,200.00000000,174.00000000,90.00000000,62.00000000
63534,Houston/Winona Community Solar One LLC,MN,1,1.40000000,1.00000000,2020.00000000,30.00000000,180.00000000,43.86632700,-91.32235100,1837.00000000,20.97031963,41.00000000,158.00000000,170.00000000,150.00000000,193.00000000,172.00000000,214.00000000,206.00000000,205.00000000,185.00000000,88.00000000,55.00000000
63536,Amazon DEN2 Solar Project,CO,1,1.50000000,1.20000000,2019.00000000,10.00000000,183.00000000,39.75000000,-104.75000000,1789.00000000,17.01864536,90.00000000,98.00000000,111.00000000,101.00000000,216.00000000,227.00000000,215.00000000,188.00000000,200.00000000,168.00000000,66.00000000,109.00000000
63537,Amazon BDL3 Solar Project,CT,1,1.50000000,1.00000000,2019.00000000,10.00000000,198.00000000,41.45000000,-72.85000000,1623.00000000,18.52739726,49.00000000,44.00000000,141.00000000,155.00000000,190.00000000,189.00000000,175.00000000,173.00000000,157.00000000,156.00000000,108.00000000,86.00000000
63542,Enter Solar,MN,1,1.40000000,1.00000000,2019.00000000,30.00000000,181.00000000,44.14157600,-93.70770000,1626.41000000,18.56632420,68.00000000,111.00000000,174.00000000,238.00000000,21.00000000,157.41000000,202.00000000,168.00000000,160.00000000,151.00000000,123.00000000,53.00000000
63543,Lange Solar,MN,1,1.40000000,1.00000000,2019.00000000,30.00000000,177.00000000,44.02821600,-92.63908000,1910.00000000,21.80365297,97.00000000,121.00000000,182.00000000,363.00000000,5.00000000,87.00000000,211.00000000,265.00000000,223.00000000,192.00000000,98.00000000,66.00000000
63555,"St. Joseph's Solar, LLC CSG",MA,1,1.40000000,1.00000000,2017.00000000,16.00000000,180.00000000,42.14358600,-71.97211200,1595.00000000,18.20776256,37.00000000,102.00000000,143.00000000,149.00000000,182.00000000,195.00000000,156.00000000,169.00000000,148.00000000,145.00000000,108.00000000,61.00000000
63556,"Boutillier Solar, LLC CSG",MA,1,4.00000000,2.90000000,2018.00000000,20.00000000,180.00000000,42.21900000,-71.89100000,4670.00000000,18.38293182,104.00000000,313.00000000,409.00000000,432.00000000,502.00000000,545.00000000,539.00000000,490.00000000,430.00000000,416.00000000,311.00000000,179.00000000
63557,"Blair Wire Village Solar, LLC CSG",MA,1,1.40000000,1.00000000,2017.00000000,18.00000000,180.00000000,42.25900000,-71.97500000,1659.00000000,18.93835616,38.00000000,112.00000000,144.00000000,149.00000000,169.00000000,200.00000000,191.00000000,174.00000000,154.00000000,150.00000000,114.00000000,64.00000000
63558,"Barton Acres Solar, LLC CSG",MA,1,1.40000000,1.00000000,2017.00000000,18.00000000,176.00000000,42.57200000,-72.16400000,1692.00000000,19.31506849,32.00000000,108.00000000,139.00000000,154.00000000,187.00000000,203.00000000,206.00000000,179.00000000,169.00000000,153.00000000,108.00000000,54.00000000
63561,"Cherry Valley Solar, LLC CSG",MA,1,1.40000000,1.00000000,2017.00000000,18.00000000,190.00000000,42.22996100,-71.89154500,1598.00000000,18.24200913,34.00000000,104.00000000,144.00000000,152.00000000,176.00000000,193.00000000,180.00000000,166.00000000,147.00000000,146.00000000,104.00000000,52.00000000
63562,"ISM Solar Dighton 2, LLC CSG",MA,1,2.90000000,2.00000000,2017.00000000,25.00000000,180.00000000,41.81685800,-71.16894400,3653.00000000,20.85045662,124.00000000,246.00000000,290.00000000,336.00000000,376.00000000,406.00000000,380.00000000,377.00000000,310.00000000,348.00000000,273.00000000,187.00000000
63563,"Incom Solar, LLC CSG",MA,1,3.00000000,2.00000000,2017.00000000,20.00000000,170.00000000,42.10792900,-72.01722700,3563.00000000,20.33675799,83.00000000,245.00000000,302.00000000,276.00000000,409.00000000,440.00000000,402.00000000,367.00000000,333.00000000,324.00000000,245.00000000,137.00000000
63564,"JH Solar, LLC CSG",MA,1,1.30000000,1.00000000,2017.00000000,19.00000000,180.00000000,42.24300000,-72.10000000,1611.00000000,18.39041096,32.00000000,117.00000000,138.00000000,146.00000000,178.00000000,189.00000000,179.00000000,179.00000000,160.00000000,137.00000000,99.00000000,57.00000000
63565,"Woodchuck Solar, LLC CSG",MA,1,1.40000000,1.00000000,2017.00000000,18.00000000,190.00000000,42.25821800,-71.97518900,1631.00000000,18.61872146,34.00000000,109.00000000,143.00000000,153.00000000,184.00000000,199.00000000,187.00000000,170.00000000,154.00000000,141.00000000,101.00000000,56.00000000
63569,"Dudley River 3 Solar, LLC CSG",MA,1,1.30000000,1.00000000,2017.00000000,16.00000000,190.00000000,42.07125500,-71.99821900,1701.00000000,19.41780822,47.00000000,128.00000000,148.00000000,154.00000000,182.00000000,193.00000000,184.00000000,156.00000000,151.00000000,155.00000000,124.00000000,79.00000000
63570,"Dudley River 2 Solar, LLC CSG",MA,1,1.30000000,1.00000000,2017.00000000,19.00000000,190.00000000,42.07239000,-71.99706400,1644.00000000,18.76712329,44.00000000,115.00000000,143.00000000,150.00000000,177.00000000,186.00000000,180.00000000,163.00000000,149.00000000,150.00000000,117.00000000,70.00000000
63571,"Dudley River Solar, LLC CSG",MA,1,1.40000000,1.00000000,2017.00000000,16.00000000,190.00000000,42.07093400,-71.99966300,1699.00000000,19.39497717,43.00000000,119.00000000,148.00000000,156.00000000,183.00000000,196.00000000,190.00000000,171.00000000,155.00000000,153.00000000,117.00000000,68.00000000
63572,"Ledeaux Solar, LLC CSG",MA,1,1.20000000,1.00000000,2017.00000000,19.00000000,180.00000000,42.24100000,-72.10400000,1449.00000000,16.54109589,29.00000000,108.00000000,128.00000000,136.00000000,166.00000000,175.00000000,166.00000000,146.00000000,133.00000000,124.00000000,88.00000000,50.00000000
63573,"Cohasse Solar, LLC CSG",MA,1,1.20000000,1.00000000,2017.00000000,18.00000000,190.00000000,42.05600000,-72.04500000,1541.00000000,17.59132420,37.00000000,106.00000000,137.00000000,143.00000000,169.00000000,188.00000000,173.00000000,154.00000000,138.00000000,134.00000000,103.00000000,59.00000000
63588,"Palombo Solar, LLC CSG",MA,1,2.70000000,2.00000000,2017.00000000,20.00000000,190.00000000,42.02500000,-71.59900000,3365.00000000,19.20662100,80.00000000,243.00000000,293.00000000,309.00000000,364.00000000,405.00000000,357.00000000,354.00000000,294.00000000,299.00000000,227.00000000,140.00000000
63589,"Palombo B Solar, LLC CSG",MA,1,1.40000000,1.00000000,2017.00000000,20.00000000,190.00000000,42.02800000,-71.59600000,1632.00000000,18.63013699,33.00000000,112.00000000,147.00000000,157.00000000,183.00000000,205.00000000,177.00000000,179.00000000,148.00000000,143.00000000,94.00000000,54.00000000
63618,USS Solar Brick,IL,1,2.70000000,2.00000000,2021.00000000,0.00000000,0.00000000,39.35009000,-89.79322000,4576.00000000,26.11872146,165.00000000,356.00000000,425.00000000,425.00000000,506.00000000,574.00000000,458.00000000,482.00000000,406.00000000,421.00000000,197.00000000,161.00000000
63623,Lafayette 2 - MLK Jr. Hospital (MLK),CA,1,1.60000000,1.70000000,2020.00000000,10.00000000,180.00000000,33.92000000,-118.24000000,2281.00000000,15.31694870,139.00000000,131.00000000,216.00000000,241.00000000,206.00000000,246.00000000,261.00000000,253.00000000,173.00000000,179.00000000,136.00000000,100.00000000
63626,"IGS FE Trenton, LLC",NJ,1,1.60000000,1.50000000,2020.00000000,10.00000000,177.00000000,40.18933000,-74.65676000,1924.00000000,14.64231355,50.00000000,126.00000000,160.00000000,188.00000000,200.00000000,246.00000000,218.00000000,198.00000000,165.00000000,184.00000000,112.00000000,77.00000000
63627,"Scenic Hill Solar IV, LLC",AR,1,2.80000000,2.20000000,2019.00000000,25.00000000,180.00000000,35.47056000,-93.44640000,3749.00000000,19.45309257,204.00000000,275.00000000,353.00000000,335.00000000,335.00000000,365.00000000,386.00000000,374.00000000,314.00000000,370.00000000,243.00000000,195.00000000
63629,"Hydra Community Solar Garden, LLC (CSG)",MN,1,1.40000000,1.00000000,2020.00000000,30.00000000,180.00000000,44.41672300,-93.21985700,1765.00000000,20.14840183,66.00000000,128.00000000,173.00000000,157.00000000,196.00000000,174.00000000,185.00000000,189.00000000,202.00000000,167.00000000,81.00000000,47.00000000
63659,Bowden Solar LLC,MA,1,2.80000000,2.00000000,2019.00000000,20.00000000,180.00000000,42.10915600,-72.33813300,3443.30000000,19.65353881,69.30000000,240.00000000,290.00000000,311.00000000,384.00000000,415.00000000,403.00000000,357.00000000,327.00000000,314.00000000,220.00000000,113.00000000
63660,M72 West Solar,MI,1,2.20000000,1.80000000,2019.00000000,30.00000000,180.00000000,44.77678700,-85.70135600,2520.00000000,15.98173516,18.00000000,139.00000000,207.00000000,272.00000000,349.00000000,294.00000000,326.00000000,288.00000000,295.00000000,236.00000000,83.00000000,13.00000000
63675,MSAP 13,NY,1,2.10000000,2.00000000,2020.00000000,30.00000000,180.00000000,42.69833500,-73.67174000,3155.00000000,18.00799087,95.00000000,258.00000000,238.00000000,278.00000000,370.00000000,341.00000000,373.00000000,293.00000000,322.00000000,299.00000000,189.00000000,99.00000000
63678,Paulson Community (CSG),MN,1,1.40000000,1.00000000,2020.00000000,25.00000000,180.00000000,44.33568600,-93.91702300,1750.00000000,19.97716895,49.00000000,115.00000000,172.00000000,166.00000000,202.00000000,161.00000000,208.00000000,188.00000000,203.00000000,162.00000000,82.00000000,42.00000000
63679,Laurel Village (CSG),MN,1,1.40000000,1.00000000,2020.00000000,30.00000000,180.00000000,45.08380800,-94.17968400,1627.00000000,18.57305936,41.00000000,122.00000000,172.00000000,180.00000000,220.00000000,185.00000000,199.00000000,167.00000000,165.00000000,103.00000000,48.00000000,25.00000000
63682,Brenda Luhman - CSG,MN,1,1.40000000,1.00000000,2020.00000000,30.00000000,180.00000000,44.29183800,-92.72945000,1887.00000000,21.54109589,57.00000000,145.00000000,181.00000000,160.00000000,200.00000000,183.00000000,213.00000000,207.00000000,215.00000000,178.00000000,89.00000000,59.00000000
63683,Carlson Community (CSG),MN,1,1.40000000,1.00000000,2021.00000000,30.00000000,180.00000000,45.48315500,-92.81518400,1290.00000000,14.72602740,42.00000000,128.00000000,177.00000000,150.00000000,196.00000000,143.00000000,183.00000000,0.00000000,97.00000000,70.00000000,14.00000000,90.00000000
63690,Oak Street Solar,MA,1,4.70000000,3.50000000,2019.00000000,20.00000000,180.00000000,42.14861100,-72.49694400,5597.00000000,18.25505545,118.00000000,391.00000000,497.00000000,512.00000000,624.00000000,648.00000000,649.00000000,558.00000000,527.00000000,534.00000000,360.00000000,179.00000000
63691,"Hunker Solar River, LLC",PA,1,4.30000000,3.30000000,2021.00000000,15.00000000,153.00000000,40.21638200,-79.64710800,4633.00000000,16.02670541,118.00000000,345.00000000,422.00000000,248.00000000,416.00000000,576.00000000,627.00000000,554.00000000,493.00000000,466.00000000,209.00000000,159.00000000
63697,Cranberry Solar,MA,1,1.50000000,1.00000000,2016.00000000,10.00000000,200.00000000,41.87195500,-70.90779200,1468.00000000,16.75799087,34.00000000,73.00000000,136.00000000,38.00000000,140.00000000,215.00000000,195.00000000,188.00000000,154.00000000,133.00000000,95.00000000,67.00000000
63698,Galloway Landfill,NJ,1,3.30000000,2.30000000,2020.00000000,25.00000000,180.00000000,40.17241500,-74.02324300,4585.00000000,22.75660115,183.00000000,333.00000000,371.00000000,386.00000000,413.00000000,532.00000000,493.00000000,467.00000000,382.00000000,469.00000000,318.00000000,238.00000000
63718,ISM Solar Cranston CSG,RI,1,3.40000000,3.10000000,2020.00000000,25.00000000,180.00000000,41.73514700,-71.46304000,4141.00000000,15.24893210,112.00000000,237.00000000,366.00000000,386.00000000,440.00000000,509.00000000,452.00000000,429.00000000,376.00000000,383.00000000,274.00000000,177.00000000
63720,Augusta Solar,SC,1,2.80000000,2.00000000,2020.00000000,0.00000000,180.00000000,34.12400000,-82.13000000,4116.00000000,23.49315068,248.00000000,269.00000000,350.00000000,405.00000000,440.00000000,491.00000000,459.00000000,443.00000000,270.00000000,286.00000000,226.00000000,229.00000000
63724,Hayfield Solar I LLC CSG,MN,1,1.40000000,1.00000000,2021.00000000,60.00000000,180.00000000,43.89411300,-92.86718700,1530.00000000,17.46575342,64.00000000,133.00000000,172.00000000,168.00000000,224.00000000,136.00000000,123.00000000,143.00000000,108.00000000,145.00000000,69.00000000,45.00000000
63725,Hayfield Solar III LLC CSG,MN,1,1.40000000,1.00000000,2021.00000000,60.00000000,180.00000000,43.91921400,-92.86125700,1954.00000000,22.30593607,70.00000000,146.00000000,186.00000000,179.00000000,242.00000000,208.00000000,197.00000000,237.00000000,226.00000000,159.00000000,56.00000000,48.00000000
63726,Pipestone City Solar LLC CSG,MN,1,1.40000000,1.00000000,2021.00000000,60.00000000,180.00000000,44.01597200,-96.31751400,2047.00000000,23.36757991,90.00000000,130.00000000,185.00000000,194.00000000,260.00000000,240.00000000,212.00000000,210.00000000,232.00000000,155.00000000,83.00000000,56.00000000
63729,CES Marbletown Solar,NY,1,4.40000000,3.00000000,2021.00000000,25.00000000,180.00000000,41.88571600,-74.10271800,5019.00000000,19.09817352,128.00000000,398.00000000,416.00000000,430.00000000,574.00000000,554.00000000,591.00000000,510.00000000,496.00000000,420.00000000,316.00000000,186.00000000
63732,"ESA Buies Creek, LLC",NC,1,3.90000000,2.80000000,2020.00000000,20.00000000,180.00000000,35.41424000,-78.71433000,5592.00000000,22.79843444,363.00000000,384.00000000,482.00000000,510.00000000,533.00000000,590.00000000,515.00000000,542.00000000,454.00000000,486.00000000,374.00000000,359.00000000
63733,"Eros Solar, LLC",NC,1,7.00000000,5.00000000,2020.00000000,20.00000000,180.00000000,35.16513000,-78.08025000,8977.00000000,20.49543379,618.00000000,720.00000000,773.00000000,932.00000000,825.00000000,499.00000000,755.00000000,865.00000000,791.00000000,945.00000000,653.00000000,601.00000000
63734,"Ventura Solar, LLC",NC,1,7.00000000,5.00000000,2020.00000000,20.00000000,180.00000000,35.87880900,-81.17711600,9898.00000000,22.59817352,639.00000000,744.00000000,895.00000000,934.00000000,968.00000000,1005.00000000,950.00000000,1017.00000000,627.00000000,902.00000000,647.00000000,570.00000000
63748,Mount Hope West,NY,1,2.70000000,1.90000000,2020.00000000,80.00000000,180.00000000,41.46697400,-74.50941700,3588.00000000,21.55731795,100.00000000,257.00000000,302.00000000,304.00000000,385.00000000,401.00000000,399.00000000,344.00000000,336.00000000,360.00000000,240.00000000,160.00000000
63749,Mount Hope East,NY,1,2.80000000,1.90000000,2019.00000000,25.00000000,180.00000000,41.46765400,-74.50964600,3529.00000000,21.20283586,111.00000000,242.00000000,301.00000000,300.00000000,378.00000000,390.00000000,390.00000000,341.00000000,328.00000000,354.00000000,234.00000000,160.00000000
63750,Bluestone,NY,1,3.00000000,2.00000000,2019.00000000,25.00000000,180.00000000,41.98746700,-74.03019300,3501.00000000,19.98287671,86.00000000,286.00000000,287.00000000,282.00000000,378.00000000,348.00000000,389.00000000,337.00000000,354.00000000,359.00000000,231.00000000,164.00000000
63751,Underhill,NY,1,3.00000000,2.00000000,2019.00000000,25.00000000,180.00000000,41.71628100,-73.88426300,3499.00000000,19.97146119,92.00000000,275.00000000,297.00000000,299.00000000,380.00000000,382.00000000,399.00000000,347.00000000,323.00000000,319.00000000,238.00000000,148.00000000
63752,Grabinski,NY,1,3.00000000,2.00000000,2019.00000000,25.00000000,180.00000000,41.57873100,-74.17967000,2459.00000000,14.03538813,87.00000000,263.00000000,301.00000000,299.00000000,387.00000000,372.00000000,405.00000000,345.00000000,0.00000000,0.00000000,0.00000000,0.00000000
63756,Omtanke Solar,SC,1,8.50000000,6.00000000,2020.00000000,20.00000000,190.00000000,33.13370500,-80.25371600,9921.00000000,18.87557078,716.00000000,801.00000000,894.00000000,1002.00000000,966.00000000,1048.00000000,939.00000000,921.00000000,747.00000000,826.00000000,557.00000000,504.00000000
63758,Kroger La Habra,CA,1,1.80000000,1.20000000,2020.00000000,10.00000000,180.00000000,33.92214100,-117.93909600,1688.00000000,16.05783866,105.00000000,101.00000000,154.00000000,173.00000000,167.00000000,183.00000000,184.00000000,165.00000000,161.00000000,129.00000000,98.00000000,68.00000000
63762,Silveira Ranch Road Solar,CA,3,3.60000000,3.00000000,2021.00000000,20.00000000,178.11263734,38.15347400,-122.56565000,4076.00000000,15.50989346,0.00000000,0.00000000,0.00000000,402.00000000,583.00000000,508.00000000,571.00000000,567.00000000,499.00000000,449.00000000,299.00000000,198.00000000
63772,Adirondack Solar,NY,1,1.70000000,1.10000000,2018.00000000,30.00000000,0.00000000,44.89364100,-73.84173100,1703.00000000,17.67330843,29.00000000,121.00000000,163.00000000,169.00000000,199.00000000,184.00000000,208.00000000,171.00000000,183.00000000,153.00000000,90.00000000,33.00000000
63780,NY- CSG- Johnstown 2,NY,1,2.70000000,2.00000000,2020.00000000,30.00000000,180.00000000,43.04232000,-74.37876000,2386.00000000,13.61872146,51.00000000,220.00000000,229.00000000,220.00000000,291.00000000,275.00000000,252.00000000,193.00000000,216.00000000,252.00000000,151.00000000,36.00000000
63781,NY- CSG- Livingston 4,NY,1,2.80000000,2.00000000,2020.00000000,30.00000000,180.00000000,42.91990000,-77.76420000,2858.00000000,16.31278539,48.00000000,193.00000000,265.00000000,236.00000000,336.00000000,328.00000000,376.00000000,315.00000000,301.00000000,272.00000000,139.00000000,49.00000000
63791,Sobania Community Solar LLC,MN,1,1.40000000,1.00000000,2020.00000000,30.00000000,180.00000000,45.42356700,-94.02109600,1997.00000000,22.79680365,58.00000000,127.00000000,191.00000000,193.00000000,227.00000000,232.00000000,267.00000000,224.00000000,232.00000000,137.00000000,65.00000000,44.00000000
63794,Stevens Community Solar LLC,MN,1,1.40000000,1.00000000,2020.00000000,30.00000000,180.00000000,45.66125100,-93.94227000,2015.00000000,23.00228311,49.00000000,81.00000000,195.00000000,199.00000000,252.00000000,239.00000000,277.00000000,231.00000000,242.00000000,156.00000000,51.00000000,43.00000000
63816,"RJC CSG, LLC",MN,1,1.50000000,1.00000000,2021.00000000,30.00000000,0.00000000,44.12500000,-93.27700000,1805.00000000,20.60502283,59.00000000,135.00000000,175.00000000,162.00000000,173.00000000,177.00000000,200.00000000,196.00000000,208.00000000,174.00000000,93.00000000,53.00000000
63819,"Betcher CSG 1, LLC",MN,1,1.40000000,1.00000000,2020.00000000,30.00000000,180.00000000,44.39200000,-92.59500000,1654.00000000,18.88127854,65.00000000,141.00000000,178.00000000,145.00000000,200.00000000,178.00000000,207.00000000,197.00000000,24.00000000,174.00000000,88.00000000,57.00000000
63825,Lineage Logistics Solar,IL,1,2.10000000,1.60000000,2019.00000000,20.00000000,180.00000000,41.45500000,-87.75200000,2712.00000000,19.34931507,58.00000000,228.00000000,243.00000000,263.00000000,320.00000000,301.00000000,294.00000000,275.00000000,264.00000000,259.00000000,114.00000000,93.00000000
63835,"Pilot Mountain Solar, LLC",NC,1,7.50000000,4.90000000,2020.00000000,20.00000000,180.00000000,36.27066000,-80.37635000,9647.00000000,22.47460628,597.00000000,731.00000000,889.00000000,933.00000000,959.00000000,1013.00000000,923.00000000,913.00000000,681.00000000,894.00000000,586.00000000,528.00000000
63836,"Benson Solar, LLC",NC,1,5.70000000,4.90000000,2020.00000000,20.00000000,180.00000000,35.39620000,-78.56223000,8178.00000000,19.05227845,491.00000000,594.00000000,707.00000000,747.00000000,786.00000000,870.00000000,780.00000000,793.00000000,638.00000000,751.00000000,526.00000000,495.00000000
63837,"Lane II Solar, LLC",NC,1,7.50000000,4.90000000,2020.00000000,20.00000000,180.00000000,35.39977000,-78.05327000,10816.00000000,25.19802442,741.00000000,819.00000000,903.00000000,956.00000000,1020.00000000,1131.00000000,1003.00000000,988.00000000,841.00000000,1019.00000000,709.00000000,686.00000000
63854,Medusa NY 1,NY,1,2.80000000,2.00000000,2020.00000000,25.00000000,185.00000000,42.46628600,-74.09953300,3258.00000000,18.59589041,100.00000000,249.00000000,253.00000000,276.00000000,368.00000000,365.00000000,365.00000000,301.00000000,344.00000000,340.00000000,201.00000000,96.00000000
63855,Walden NY 1,NY,1,2.70000000,2.00000000,2020.00000000,25.00000000,187.00000000,41.55274900,-74.14547100,2851.00000000,16.27283105,52.00000000,166.00000000,279.00000000,272.00000000,336.00000000,304.00000000,337.00000000,260.00000000,264.00000000,311.00000000,188.00000000,82.00000000
63856,Westtown NY 2,NY,1,2.80000000,2.00000000,2020.00000000,25.00000000,180.00000000,41.34545500,-74.52377000,3219.00000000,18.37328767,71.00000000,237.00000000,262.00000000,318.00000000,352.00000000,377.00000000,377.00000000,263.00000000,315.00000000,324.00000000,205.00000000,118.00000000
63857,Middletown NY 1,NY,1,2.80000000,2.00000000,2020.00000000,25.00000000,180.00000000,41.40888000,-74.50979900,3588.00000000,20.47945205,106.00000000,255.00000000,304.00000000,305.00000000,371.00000000,403.00000000,402.00000000,348.00000000,319.00000000,365.00000000,247.00000000,163.00000000
63858,Westerlo NY 1,NY,1,2.80000000,2.00000000,2020.00000000,25.00000000,180.00000000,42.43822000,-74.01589400,3481.00000000,19.86872146,82.00000000,267.00000000,276.00000000,293.00000000,391.00000000,382.00000000,403.00000000,320.00000000,363.00000000,362.00000000,228.00000000,114.00000000
63861,Logansport Solar,IN,1,19.30000000,16.00000000,2021.00000000,30.00000000,180.00000000,40.76008300,-86.38828800,23341.00000000,16.65311073,547.00000000,1506.00000000,2430.00000000,2328.00000000,2824.00000000,2609.00000000,2506.00000000,2662.00000000,1855.00000000,2050.00000000,1092.00000000,932.00000000
63887,East Brookfield Main Street Solar LLC CS,MA,1,1.40000000,1.00000000,2020.00000000,25.00000000,0.00000000,42.23230000,-72.02940000,1566.00000000,17.87671233,42.00000000,134.00000000,144.00000000,156.00000000,182.00000000,193.00000000,188.00000000,175.00000000,154.00000000,114.00000000,84.00000000,0.00000000
63888,"ESIL-PFCHICAGO 3, LLC",IL,1,2.10000000,1.40000000,2020.00000000,5.00000000,190.00000000,41.84900000,-87.66900000,2388.00000000,19.47162427,51.00000000,182.00000000,209.00000000,232.00000000,302.00000000,291.00000000,284.00000000,243.00000000,241.00000000,195.00000000,90.00000000,68.00000000
63889,"ESIL-PFCHICAGO 2, LLC",IL,1,1.40000000,1.00000000,2020.00000000,5.00000000,179.00000000,41.81700000,-87.73500000,1684.00000000,19.22374429,30.00000000,124.00000000,146.00000000,162.00000000,214.00000000,210.00000000,202.00000000,167.00000000,161.00000000,140.00000000,60.00000000,68.00000000
63893,"GD Hopkinton Main I, LLC",RI,3,12.40000000,10.60000000,2020.00000000,20.00000000,5.00000000,41.43829300,-71.78109200,15777.00000000,16.99082450,541.00000000,1070.00000000,1429.00000000,1356.00000000,1627.00000000,1919.00000000,1581.00000000,1654.00000000,1428.00000000,1416.00000000,1046.00000000,710.00000000
63896,Fairfield PV - BD Solar Fairfield LLC,ME,1,7.30000000,5.00000000,2021.00000000,25.00000000,180.00000000,44.63400000,-69.59700000,8212.00000000,18.74885845,227.00000000,447.00000000,545.00000000,871.00000000,961.00000000,994.00000000,896.00000000,763.00000000,918.00000000,741.00000000,486.00000000,363.00000000
63899,Cornillie 2 Community (CSG),MN,1,1.50000000,1.40000000,2021.00000000,30.00000000,180.00000000,45.45942000,-92.89476000,1655.00000000,13.49478147,35.00000000,125.00000000,170.00000000,160.00000000,200.00000000,167.00000000,205.00000000,177.00000000,185.00000000,150.00000000,71.00000000,10.00000000
63904,Timonium Fairgrounds,MD,1,2.60000000,1.90000000,2020.00000000,10.00000000,189.00000000,39.44700000,-76.63000000,2761.00000000,16.58856044,83.00000000,196.00000000,266.00000000,266.00000000,263.00000000,354.00000000,343.00000000,291.00000000,204.00000000,235.00000000,147.00000000,113.00000000
63908,SulusSolar17,OR,1,3.80000000,3.10000000,2020.00000000,25.00000000,180.00000000,45.34891000,-122.43351500,4104.00000000,15.11268228,97.00000000,196.00000000,362.00000000,418.00000000,479.00000000,531.00000000,591.00000000,489.00000000,390.00000000,308.00000000,131.00000000,112.00000000
63917,DC Water Solar,DC,1,4.50000000,3.50000000,2021.00000000,5.00000000,217.00000000,38.81924400,-77.01894400,5581.00000000,18.20287019,175.00000000,381.00000000,486.00000000,529.00000000,568.00000000,735.00000000,661.00000000,621.00000000,437.00000000,483.00000000,296.00000000,209.00000000
63928,Vacaville Hospital,CA,1,2.10000000,1.50000000,2019.00000000,5.00000000,269.00000000,38.38867000,-121.93864000,2885.00000000,21.95585997,106.00000000,154.00000000,240.00000000,307.00000000,365.00000000,358.00000000,353.00000000,311.00000000,255.00000000,199.00000000,138.00000000,99.00000000
63934,Severson Garden,MN,1,1.30000000,1.00000000,2020.00000000,25.00000000,180.00000000,44.00057000,-93.49594000,943.00000000,10.76484018,53.00000000,127.00000000,169.00000000,154.00000000,195.00000000,128.00000000,0.00000000,0.00000000,0.00000000,1.00000000,66.00000000,50.00000000
63936,Silver Lake Garden,MN,1,1.20000000,1.00000000,2021.00000000,25.00000000,180.00000000,44.00789000,-93.49541000,1642.00000000,18.74429224,43.00000000,131.00000000,142.00000000,162.00000000,176.00000000,182.00000000,238.00000000,201.00000000,156.00000000,115.00000000,55.00000000,41.00000000
63937,Lyman Garden,MN,1,1.30000000,1.00000000,2020.00000000,25.00000000,180.00000000,44.47637000,-93.15309000,1664.00000000,18.99543379,64.00000000,117.00000000,160.00000000,147.00000000,193.00000000,162.00000000,171.00000000,169.00000000,199.00000000,161.00000000,78.00000000,43.00000000
63938,Nicollet Garden,MN,1,1.30000000,1.00000000,2020.00000000,25.00000000,180.00000000,44.25364000,-94.27067000,1756.00000000,20.04566210,68.00000000,121.00000000,169.00000000,162.00000000,196.00000000,174.00000000,197.00000000,179.00000000,194.00000000,158.00000000,86.00000000,52.00000000
63939,Union Garden,MN,1,1.20000000,1.00000000,2021.00000000,25.00000000,180.00000000,44.46936000,-93.13565000,1770.00000000,20.20547945,61.00000000,121.00000000,159.00000000,156.00000000,208.00000000,192.00000000,216.00000000,198.00000000,200.00000000,143.00000000,66.00000000,50.00000000
63942,Sunpin Blandford,MA,1,6.90000000,4.70000000,2020.00000000,20.00000000,180.00000000,42.17337000,-73.02470000,6486.00000000,15.75342466,0.00000000,188.00000000,484.00000000,581.00000000,750.00000000,932.00000000,820.00000000,632.00000000,670.00000000,693.00000000,445.00000000,291.00000000
63944,"Blackhorse Farm Solar, LLC CSG",RI,1,4.60000000,3.80000000,2020.00000000,15.00000000,0.00000000,41.71860000,-71.23420000,5634.00000000,16.92501802,138.00000000,365.00000000,511.00000000,572.00000000,662.00000000,753.00000000,649.00000000,658.00000000,517.00000000,525.00000000,284.00000000,0.00000000
63947,DGS Valley State Prison,CA,1,2.60000000,2.30000000,2021.00000000,7.00000000,225.00000000,37.10117000,-120.15307200,3873.00000000,19.22275164,150.00000000,200.00000000,360.00000000,411.00000000,499.00000000,470.00000000,456.00000000,421.00000000,318.00000000,272.00000000,179.00000000,137.00000000
63950,Erving CSG,MA,1,1.30000000,1.00000000,2020.00000000,25.00000000,180.00000000,42.60371700,-72.47116000,1469.00000000,16.76940639,37.00000000,122.00000000,128.00000000,98.00000000,161.00000000,176.00000000,185.00000000,114.00000000,150.00000000,143.00000000,93.00000000,62.00000000
63952,Ridge Farm,IL,1,2.90000000,2.00000000,2020.00000000,60.00000000,180.00000000,39.88821000,-87.68593000,4415.00000000,25.19977169,130.00000000,316.00000000,385.00000000,385.00000000,472.00000000,531.00000000,541.00000000,537.00000000,413.00000000,404.00000000,167.00000000,134.00000000
63953,Easthampton CSG,MA,1,3.00000000,2.50000000,2020.00000000,15.00000000,180.00000000,42.24781000,-72.67983700,3645.00000000,16.64383562,68.00000000,286.00000000,324.00000000,306.00000000,410.00000000,435.00000000,423.00000000,368.00000000,345.00000000,335.00000000,217.00000000,128.00000000
63954,Mendota,IL,1,2.50000000,2.00000000,2020.00000000,25.00000000,180.00000000,41.54863000,-89.15986000,3404.00000000,19.42922374,82.00000000,304.00000000,312.00000000,311.00000000,304.00000000,379.00000000,383.00000000,380.00000000,345.00000000,345.00000000,140.00000000,119.00000000
63956,"Palmer Creek Solar, LLC",OR,1,3.30000000,2.30000000,2020.00000000,25.00000000,90.00000000,45.18484000,-123.10175000,2984.00000000,14.81040302,87.00000000,1.00000000,0.00000000,348.00000000,516.00000000,460.00000000,419.00000000,233.00000000,371.00000000,306.00000000,132.00000000,111.00000000
63957,"Day Hill Solar, LLC",OR,1,3.10000000,2.30000000,2020.00000000,20.00000000,0.00000000,45.26866000,-122.32942000,3880.00000000,19.25749454,91.00000000,178.00000000,317.00000000,389.00000000,468.00000000,506.00000000,536.00000000,467.00000000,388.00000000,293.00000000,131.00000000,116.00000000
63969,SulusSolar35,OR,1,3.50000000,3.00000000,2020.00000000,25.00000000,5.00000000,45.14055100,-122.64965500,3468.00000000,13.19634703,96.00000000,224.00000000,408.00000000,482.00000000,564.00000000,18.00000000,124.00000000,547.00000000,444.00000000,343.00000000,134.00000000,84.00000000
63987,Novel Martens Solar LLC(CSG),MN,1,1.40000000,1.00000000,2022.00000000,60.00000000,180.00000000,44.44236100,-94.38725000,2227.00000000,25.42237443,77.00000000,147.00000000,202.00000000,206.00000000,264.00000000,245.00000000,276.00000000,233.00000000,254.00000000,181.00000000,85.00000000,57.00000000
63993,FTF-PackingShed,CA,1,1.10000000,1.00000000,2013.00000000,25.00000000,180.00000000,36.54690100,-119.43017900,581.00000000,6.63242009,0.00000000,0.00000000,0.00000000,60.00000000,70.00000000,72.00000000,69.00000000,70.00000000,74.00000000,83.00000000,52.00000000,31.00000000
63994,Firebaugh-CCS-PV-1,CA,1,1.20000000,1.00000000,2015.00000000,25.00000000,180.00000000,36.73466700,-120.61277300,1871.00000000,21.35844749,85.00000000,115.00000000,165.00000000,190.00000000,217.00000000,201.00000000,198.00000000,190.00000000,166.00000000,141.00000000,115.00000000,88.00000000
63997,Pine Hill,RI,1,6.70000000,5.00000000,2020.00000000,20.00000000,6.00000000,41.82100400,-71.56249800,7884.00000000,18.00000000,219.00000000,591.00000000,707.00000000,779.00000000,830.00000000,957.00000000,786.00000000,689.00000000,722.00000000,700.00000000,568.00000000,336.00000000
64006,SulusSolar33,OR,1,3.50000000,3.00000000,2021.00000000,25.00000000,185.00000000,45.08000000,-123.40000000,4470.00000000,17.00913242,104.00000000,216.00000000,382.00000000,493.00000000,472.00000000,601.00000000,690.00000000,456.00000000,464.00000000,353.00000000,119.00000000,120.00000000
64008,MilfordSolar OR,OR,1,3.50000000,3.00000000,2021.00000000,25.00000000,180.00000000,45.57000000,-123.05000000,4580.00000000,17.42770167,97.00000000,201.00000000,388.00000000,484.00000000,561.00000000,588.00000000,679.00000000,542.00000000,432.00000000,353.00000000,132.00000000,123.00000000
64009,BristolSolar,OR,1,3.40000000,3.00000000,2021.00000000,25.00000000,180.00000000,45.15000000,-122.79000000,4506.00000000,17.14611872,103.00000000,226.00000000,393.00000000,481.00000000,559.00000000,584.00000000,645.00000000,528.00000000,432.00000000,329.00000000,132.00000000,94.00000000
64011,Bainbridge Solar,GA,1,1.30000000,1.00000000,2019.00000000,20.00000000,180.00000000,30.96715900,-84.62553700,1920.00000000,21.91780822,130.00000000,144.00000000,169.00000000,192.00000000,176.00000000,189.00000000,187.00000000,220.00000000,131.00000000,171.00000000,100.00000000,111.00000000
64014,28 Livermore Hill Road Solar,MA,1,6.40000000,5.00000000,2020.00000000,20.00000000,180.00000000,42.55151000,-71.95110700,7900.00000000,18.03652968,158.00000000,607.00000000,646.00000000,729.00000000,855.00000000,932.00000000,938.00000000,815.00000000,747.00000000,694.00000000,492.00000000,287.00000000
64017,Brick Church Solar,NY,1,5.40000000,4.00000000,2019.00000000,20.00000000,180.00000000,42.75559400,-73.58003400,6457.00000000,18.42751142,122.00000000,473.00000000,432.00000000,555.00000000,760.00000000,729.00000000,796.00000000,662.00000000,677.00000000,641.00000000,399.00000000,211.00000000
64022,SulusSolar22,OR,1,3.50000000,3.00000000,2021.00000000,25.00000000,180.00000000,44.97000000,-122.78000000,4734.00000000,18.01369863,86.00000000,224.00000000,403.00000000,482.00000000,583.00000000,611.00000000,700.00000000,577.00000000,483.00000000,362.00000000,127.00000000,96.00000000
64023,"10 Finderne Avenue Solar, LLC",NJ,1,3.10000000,2.30000000,2017.00000000,25.00000000,180.00000000,40.55812000,-74.57594000,3317.00000000,16.46317252,93.00000000,256.00000000,330.00000000,337.00000000,329.00000000,355.00000000,368.00000000,298.00000000,227.00000000,361.00000000,226.00000000,137.00000000
64028,San Diego - EMDF at San Diego,CA,1,3.30000000,2.90000000,2021.00000000,7.00000000,201.00000000,32.59025800,-116.91949000,4739.00000000,18.65454259,285.00000000,299.00000000,429.00000000,399.00000000,590.00000000,580.00000000,570.00000000,452.00000000,193.00000000,347.00000000,317.00000000,278.00000000
64030,Kenmare - Sullivan Community College,NY,1,2.10000000,2.00000000,2015.00000000,30.00000000,180.00000000,41.77279600,-74.66671700,2593.00000000,14.80022831,74.00000000,227.00000000,233.00000000,180.00000000,281.00000000,278.00000000,278.00000000,252.00000000,261.00000000,274.00000000,174.00000000,81.00000000
64033,GreenparkSolar,OR,1,1.40000000,1.30000000,2020.00000000,25.00000000,185.00000000,44.87941400,-122.93745100,1430.00000000,12.55707763,34.00000000,88.00000000,161.00000000,193.00000000,169.00000000,141.00000000,11.00000000,229.00000000,191.00000000,134.00000000,43.00000000,36.00000000
64034,SulusSolar25,OR,1,2.60000000,2.20000000,2020.00000000,25.00000000,180.00000000,45.27000000,-122.82000000,3288.00000000,17.06102117,75.00000000,158.00000000,273.00000000,346.00000000,412.00000000,418.00000000,484.00000000,406.00000000,305.00000000,239.00000000,96.00000000,76.00000000
64041,Wappinger 9D Solar,NY,1,2.60000000,2.00000000,2019.00000000,25.00000000,180.00000000,41.56544000,-73.93797200,3344.00000000,19.08675799,82.00000000,239.00000000,291.00000000,301.00000000,378.00000000,386.00000000,389.00000000,337.00000000,291.00000000,292.00000000,219.00000000,139.00000000
64042,Montague Road Solar,MA,1,4.00000000,3.60000000,2019.00000000,20.00000000,180.00000000,42.42172100,-72.53686300,4753.00000000,15.07166413,104.00000000,401.00000000,410.00000000,428.00000000,569.00000000,563.00000000,605.00000000,207.00000000,457.00000000,475.00000000,305.00000000,229.00000000
64044,Off Airport Road - West,NY,1,5.60000000,4.00000000,2019.00000000,25.00000000,180.00000000,41.78564800,-74.22903600,6698.00000000,19.11529680,176.00000000,539.00000000,585.00000000,568.00000000,722.00000000,732.00000000,769.00000000,618.00000000,650.00000000,650.00000000,437.00000000,252.00000000
64045,Fitchburg Renewables,MA,1,5.10000000,4.00000000,2020.00000000,25.00000000,180.00000000,42.60439600,-71.79570500,6401.00000000,18.26769406,229.00000000,317.00000000,554.00000000,585.00000000,681.00000000,750.00000000,757.00000000,639.00000000,603.00000000,562.00000000,438.00000000,286.00000000
64046,6140 Route 209 - North,NY,1,5.60000000,4.00000000,2019.00000000,25.00000000,180.00000000,41.78755500,-74.28888500,6783.00000000,19.35787671,171.00000000,567.00000000,597.00000000,573.00000000,689.00000000,730.00000000,742.00000000,642.00000000,651.00000000,689.00000000,448.00000000,284.00000000
64048,SulusSolar29,OR,1,3.00000000,2.60000000,2020.00000000,25.00000000,180.00000000,45.46000000,-122.29000000,3758.00000000,16.49982438,62.00000000,170.00000000,325.00000000,373.00000000,451.00000000,498.00000000,555.00000000,465.00000000,369.00000000,281.00000000,111.00000000,98.00000000
64049,San Diego - NCRC at Vista,CA,1,2.00000000,1.80000000,2021.00000000,7.00000000,178.00000000,33.19028300,-117.25558400,2941.00000000,18.65169964,164.00000000,176.00000000,261.00000000,298.00000000,279.00000000,304.00000000,334.00000000,311.00000000,230.00000000,236.00000000,195.00000000,153.00000000
64056,T Luhman CSG,MN,1,1.40000000,1.00000000,2021.00000000,0.00000000,180.00000000,44.28200000,-92.68200000,2011.00000000,22.95662100,67.00000000,157.00000000,199.00000000,178.00000000,239.00000000,202.00000000,262.00000000,233.00000000,209.00000000,141.00000000,78.00000000,46.00000000
64060,SELCO Community Solar,MA,1,3.90000000,3.00000000,2018.00000000,15.00000000,180.00000000,42.26564000,-71.68807000,4895.00000000,18.62633181,109.00000000,377.00000000,421.00000000,464.00000000,536.00000000,585.00000000,547.00000000,497.00000000,446.00000000,424.00000000,316.00000000,173.00000000
64062,Palmyra PV - BD Solar Palmyra LLC,ME,1,7.00000000,5.00000000,2022.00000000,25.00000000,180.00000000,44.84000000,-69.31000000,8492.00000000,19.38812785,259.00000000,663.00000000,629.00000000,893.00000000,919.00000000,910.00000000,968.00000000,909.00000000,867.00000000,700.00000000,420.00000000,355.00000000
64068,BD Solar Hancock LLC,ME,1,10.10000000,7.00000000,2022.00000000,25.00000000,180.00000000,44.53567100,-68.35473200,7471.00000000,12.18362688,0.00000000,0.00000000,35.00000000,96.00000000,524.00000000,1258.00000000,1298.00000000,1298.00000000,1006.00000000,900.00000000,624.00000000,432.00000000
64069,Winslow PV - BD Solar 2 LLC,ME,1,10.60000000,7.00000000,2022.00000000,25.00000000,180.00000000,44.56000000,-69.59000000,12595.00000000,20.53979126,457.00000000,1023.00000000,886.00000000,1283.00000000,1336.00000000,1267.00000000,1467.00000000,1353.00000000,1293.00000000,1047.00000000,682.00000000,501.00000000
64070,BD Solar Ellsworth LLC,ME,1,10.10000000,7.00000000,2022.00000000,25.00000000,180.00000000,44.53454700,-68.37878900,5636.00000000,9.19112851,16.00000000,55.00000000,59.00000000,78.00000000,12.00000000,241.00000000,1214.00000000,1067.00000000,1132.00000000,945.00000000,549.00000000,268.00000000
64072,Camp Ripley Solar,MN,1,13.10000000,10.90000000,2016.00000000,35.00000000,180.00000000,46.09100000,-94.34000000,15045.00000000,15.75656655,379.00000000,1252.00000000,1513.00000000,1465.00000000,1344.00000000,1482.00000000,1885.00000000,1563.00000000,1850.00000000,1415.00000000,600.00000000,297.00000000
64078,Pittsfield Solar LLC,ME,1,13.90000000,9.90000000,2017.00000000,35.00000000,170.00000000,44.81400900,-69.44956100,16532.00000000,19.06277386,562.00000000,1242.00000000,1307.00000000,1733.00000000,1690.00000000,1713.00000000,1827.00000000,1745.00000000,1725.00000000,1361.00000000,849.00000000,778.00000000
64085,North Providence,RI,1,2.70000000,2.00000000,2018.00000000,25.00000000,180.00000000,41.86982600,-71.47649300,3472.00000000,19.81735160,95.00000000,250.00000000,310.00000000,317.00000000,356.00000000,371.00000000,355.00000000,339.00000000,311.00000000,339.00000000,262.00000000,167.00000000
64096,Samuel Mickle School,NJ,1,1.40000000,1.10000000,2017.00000000,10.00000000,143.00000000,39.78736000,-75.24615000,1646.00000000,17.08177667,42.00000000,111.00000000,142.00000000,157.00000000,165.00000000,217.00000000,195.00000000,180.00000000,138.00000000,143.00000000,88.00000000,68.00000000
64098,Tesla Reno GigaFactory,NV,6,8.00000000,6.70000000,2022.00000000,22.66250000,170.94211187,39.53951100,-119.43915800,8735.00000000,14.88277789,362.00000000,462.00000000,571.00000000,794.00000000,973.00000000,942.00000000,891.00000000,1666.00000000,1247.00000000,410.00000000,239.00000000,178.00000000
64101,"Mid-River PA, LLC (ABE4)",PA,1,3.80000000,3.00000000,2020.00000000,15.00000000,180.00000000,40.73998000,-75.27774000,4231.00000000,16.09969559,109.00000000,224.00000000,365.00000000,418.00000000,454.00000000,534.00000000,518.00000000,435.00000000,383.00000000,399.00000000,242.00000000,150.00000000
64107,Canton,MA,1,5.80000000,5.00000000,2012.00000000,5.00000000,0.00000000,42.14512600,-71.13091800,6359.00000000,14.51826484,120.00000000,397.00000000,560.00000000,693.00000000,803.00000000,845.00000000,635.00000000,736.00000000,572.00000000,508.00000000,317.00000000,173.00000000
64109,Ravenbrook,MA,1,6.00000000,5.00000000,2013.00000000,5.00000000,0.00000000,41.91967500,-70.81942100,6901.00000000,15.75570776,188.00000000,336.00000000,523.00000000,708.00000000,834.00000000,908.00000000,818.00000000,753.00000000,629.00000000,547.00000000,397.00000000,260.00000000
64110,Hudson,MA,1,5.80000000,5.00000000,2017.00000000,5.00000000,0.00000000,42.40404700,-71.54136200,5500.00000000,12.55707763,87.00000000,321.00000000,509.00000000,613.00000000,575.00000000,702.00000000,780.00000000,604.00000000,534.00000000,415.00000000,230.00000000,130.00000000
64111,A Street 2,RI,1,2.20000000,1.60000000,2018.00000000,20.00000000,0.00000000,41.79754400,-71.54592900,2773.00000000,19.78453196,74.00000000,185.00000000,257.00000000,269.00000000,280.00000000,318.00000000,301.00000000,281.00000000,228.00000000,259.00000000,200.00000000,121.00000000
64112,Berkley,MA,1,3.60000000,3.00000000,2017.00000000,15.00000000,0.00000000,41.84145400,-71.01832800,3997.00000000,15.20928463,111.00000000,211.00000000,355.00000000,404.00000000,471.00000000,504.00000000,437.00000000,447.00000000,356.00000000,325.00000000,226.00000000,150.00000000
64113,Kilvert,RI,1,6.30000000,4.70000000,2018.00000000,20.00000000,0.00000000,41.72750500,-71.44961100,8405.00000000,20.41435927,242.00000000,628.00000000,738.00000000,747.00000000,870.00000000,971.00000000,877.00000000,873.00000000,734.00000000,785.00000000,581.00000000,359.00000000
64114,A Street 1,RI,1,1.60000000,1.20000000,2018.00000000,20.00000000,0.00000000,41.79795300,-71.54677500,1924.00000000,18.30289193,47.00000000,124.00000000,179.00000000,193.00000000,201.00000000,228.00000000,220.00000000,202.00000000,153.00000000,178.00000000,128.00000000,71.00000000
64115,Carver,MA,1,1.80000000,1.50000000,2017.00000000,5.00000000,0.00000000,41.91533800,-70.80164800,1902.00000000,14.47488584,54.00000000,89.00000000,170.00000000,210.00000000,239.00000000,244.00000000,219.00000000,210.00000000,177.00000000,142.00000000,88.00000000,60.00000000
64116,Plainfield Pike,RI,1,2.70000000,2.00000000,2019.00000000,25.00000000,0.00000000,41.79311100,-71.55348400,3654.00000000,20.85616438,101.00000000,262.00000000,329.00000000,337.00000000,373.00000000,425.00000000,363.00000000,383.00000000,323.00000000,327.00000000,267.00000000,164.00000000
64117,Meadowlark Solar,NC,1,6.90000000,4.90000000,2018.00000000,20.00000000,180.00000000,35.55194400,-79.02305500,9355.00000000,21.79433417,591.00000000,657.00000000,814.00000000,853.00000000,812.00000000,999.00000000,849.00000000,888.00000000,747.00000000,932.00000000,633.00000000,580.00000000
64118,Nash 97 Solar 2,NC,1,7.00000000,4.90000000,2018.00000000,20.00000000,180.00000000,35.85030000,-78.21620000,8513.00000000,19.83272761,527.00000000,658.00000000,752.00000000,814.00000000,866.00000000,949.00000000,816.00000000,607.00000000,646.00000000,815.00000000,548.00000000,515.00000000
64119,Nickelson Solar 2,NC,1,6.90000000,4.90000000,2018.00000000,20.00000000,180.00000000,34.74570000,-77.98800000,9703.00000000,22.60506943,678.00000000,734.00000000,815.00000000,909.00000000,964.00000000,1008.00000000,894.00000000,868.00000000,726.00000000,854.00000000,625.00000000,628.00000000
64121,Siler City Solar 2,NC,1,6.90000000,4.90000000,2018.00000000,20.00000000,180.00000000,35.68810700,-79.46540800,9434.00000000,21.97838039,605.00000000,692.00000000,753.00000000,873.00000000,905.00000000,1007.00000000,911.00000000,941.00000000,706.00000000,889.00000000,604.00000000,548.00000000
64125,Podunque Road CSG,NY,1,6.80000000,5.00000000,2021.00000000,25.00000000,180.00000000,42.41506700,-78.23753000,7644.00000000,17.45205479,637.00000000,637.00000000,637.00000000,637.00000000,637.00000000,637.00000000,637.00000000,637.00000000,637.00000000,637.00000000,637.00000000,637.00000000
64126,County Road 16,NY,1,2.90000000,2.00000000,2020.00000000,25.00000000,180.00000000,42.37710000,-76.90220000,3216.00000000,18.35616438,268.00000000,268.00000000,268.00000000,268.00000000,268.00000000,268.00000000,268.00000000,268.00000000,268.00000000,268.00000000,268.00000000,268.00000000
64127,Townsend Road(CSG),NY,1,5.10000000,3.70000000,2021.00000000,25.00000000,180.00000000,42.35010100,-76.93801400,6132.00000000,18.91891892,511.00000000,511.00000000,511.00000000,511.00000000,511.00000000,511.00000000,511.00000000,511.00000000,511.00000000,511.00000000,511.00000000,511.00000000
64137,Kenmare - Mansfield Branch Street,MA,1,2.10000000,1.50000000,2017.00000000,20.00000000,0.00000000,42.01587300,-71.20313000,2360.00000000,17.96042618,60.00000000,168.00000000,206.00000000,232.00000000,255.00000000,290.00000000,260.00000000,252.00000000,215.00000000,204.00000000,143.00000000,75.00000000
64153,Novel Novak Solar LLC CSG,MN,1,1.40000000,1.00000000,2021.00000000,60.00000000,180.00000000,45.65936100,-93.93175000,1362.00000000,15.54794521,37.00000000,50.00000000,127.00000000,128.00000000,164.00000000,160.00000000,193.00000000,161.00000000,164.00000000,106.00000000,42.00000000,30.00000000
64154,Novel Shelly Solar LLC (CSG),MN,1,1.40000000,1.00000000,2022.00000000,60.00000000,180.00000000,44.61395600,-95.64266900,1947.00000000,22.22602740,65.00000000,97.00000000,155.00000000,161.00000000,217.00000000,229.00000000,277.00000000,237.00000000,262.00000000,123.00000000,78.00000000,46.00000000
64162,Newton Rumford Landfill,MA,1,2.20000000,1.70000000,2017.00000000,20.00000000,180.00000000,42.35634100,-71.24458600,2673.00000000,17.94923449,74.00000000,215.00000000,230.00000000,265.00000000,291.00000000,315.00000000,247.00000000,269.00000000,246.00000000,231.00000000,173.00000000,117.00000000
64173,Lotus,NC,1,5.60000000,4.00000000,2014.00000000,20.00000000,0.00000000,36.13621000,-79.53957000,6748.00000000,19.25799087,465.00000000,561.00000000,691.00000000,714.00000000,705.00000000,704.00000000,738.00000000,343.00000000,265.00000000,678.00000000,465.00000000,419.00000000
64174,Big Boy,NC,1,3.50000000,3.00000000,2014.00000000,20.00000000,0.00000000,36.07767000,-79.63376700,4398.00000000,16.73515982,275.00000000,318.00000000,415.00000000,434.00000000,430.00000000,468.00000000,400.00000000,387.00000000,332.00000000,415.00000000,274.00000000,250.00000000
64175,Beth,NC,1,6.60000000,5.00000000,2014.00000000,20.00000000,0.00000000,35.97558600,-79.61836800,7471.00000000,17.05707763,563.00000000,679.00000000,807.00000000,683.00000000,806.00000000,807.00000000,753.00000000,644.00000000,396.00000000,587.00000000,393.00000000,353.00000000
64176,Charlie,NC,1,5.70000000,4.00000000,2014.00000000,20.00000000,0.00000000,35.97485000,-79.60948000,6256.00000000,17.85388128,492.00000000,552.00000000,649.00000000,556.00000000,525.00000000,649.00000000,629.00000000,664.00000000,497.00000000,470.00000000,244.00000000,329.00000000
64179,IA - City of Ames - Airport Road,IA,1,2.20000000,2.00000000,2020.00000000,30.00000000,180.00000000,42.00300000,-93.61700000,3120.00000000,17.80821918,70.00000000,250.00000000,281.00000000,295.00000000,336.00000000,327.00000000,320.00000000,333.00000000,324.00000000,307.00000000,158.00000000,119.00000000
64184,ZPD-PT Solar Project 2017-044 LLC CSG,MA,1,1.60000000,1.00000000,2021.00000000,26.00000000,0.00000000,42.27820000,-72.00710000,1340.00000000,15.29680365,28.00000000,114.00000000,124.00000000,131.00000000,116.00000000,138.00000000,155.00000000,149.00000000,130.00000000,126.00000000,80.00000000,49.00000000
64190,Waipio Peninsula,HI,1,14.30000000,11.00000000,2015.00000000,10.00000000,180.00000000,21.36351400,-157.98559400,17537.00000000,18.19946036,1426.00000000,1504.00000000,1628.00000000,1853.00000000,1723.00000000,1367.00000000,1280.00000000,1580.00000000,1555.00000000,1500.00000000,1136.00000000,985.00000000
64192,Bo Biggs Solar,NC,1,6.90000000,4.90000000,2018.00000000,20.00000000,180.00000000,34.58125000,-78.94951000,9362.00000000,21.81064207,589.00000000,699.00000000,852.00000000,888.00000000,888.00000000,971.00000000,854.00000000,954.00000000,773.00000000,731.00000000,607.00000000,556.00000000
64193,Moore Solar,NC,1,6.90000000,5.00000000,2018.00000000,25.00000000,180.00000000,36.38427000,-79.48112000,8571.00000000,19.56849315,483.00000000,614.00000000,747.00000000,767.00000000,839.00000000,883.00000000,829.00000000,809.00000000,581.00000000,838.00000000,630.00000000,551.00000000
64217,Blair Solar,CT,1,1.20000000,1.00000000,2021.00000000,25.00000000,180.00000000,42.02956000,-72.50324000,1631.00000000,18.61872146,37.00000000,124.00000000,145.00000000,147.00000000,177.00000000,183.00000000,179.00000000,163.00000000,154.00000000,155.00000000,101.00000000,66.00000000
64218,Madison Solar (CT),CT,1,1.20000000,1.00000000,2021.00000000,25.00000000,180.00000000,42.03050000,-72.50395200,1669.00000000,19.05251142,40.00000000,131.00000000,146.00000000,148.00000000,177.00000000,182.00000000,178.00000000,163.00000000,156.00000000,162.00000000,110.00000000,76.00000000
64219,Few Solar,CT,1,1.20000000,1.00000000,2021.00000000,25.00000000,180.00000000,42.03107000,-72.50438000,1605.00000000,18.32191781,37.00000000,128.00000000,144.00000000,145.00000000,175.00000000,180.00000000,175.00000000,153.00000000,145.00000000,154.00000000,104.00000000,65.00000000
64226,Curry Solar,GA,1,1.70000000,1.10000000,2015.00000000,30.00000000,180.00000000,32.03881900,-82.14031800,2229.00000000,23.13200498,162.00000000,162.00000000,176.00000000,219.00000000,194.00000000,229.00000000,224.00000000,235.00000000,140.00000000,173.00000000,146.00000000,169.00000000
64232,Hadley 3 Solar (South),MA,1,2.60000000,2.00000000,2019.00000000,25.00000000,163.00000000,42.35578200,-72.54259500,3141.00000000,17.92808219,80.00000000,241.00000000,253.00000000,275.00000000,319.00000000,344.00000000,347.00000000,349.00000000,323.00000000,235.00000000,224.00000000,151.00000000
64251,Pickford Solar,MI,1,7.60000000,6.90000000,2021.00000000,35.00000000,180.00000000,46.18925400,-84.34545200,9765.00000000,16.15544967,259.00000000,522.00000000,828.00000000,961.00000000,1242.00000000,1052.00000000,1228.00000000,1141.00000000,1099.00000000,872.00000000,346.00000000,215.00000000
64263,Hot Springs 2020,AR,1,1.30000000,1.00000000,2021.00000000,15.00000000,180.00000000,34.42100000,-93.19485000,1504.00000000,17.16894977,81.00000000,110.00000000,138.00000000,140.00000000,146.00000000,166.00000000,155.00000000,151.00000000,123.00000000,138.00000000,88.00000000,68.00000000
64265,Rock Creek 2 CSG,CO,1,2.00000000,1.60000000,2020.00000000,52.00000000,180.00000000,37.39955000,-105.90341000,3901.00000000,27.83247717,215.00000000,278.00000000,341.00000000,420.00000000,442.00000000,417.00000000,446.00000000,391.00000000,294.00000000,181.00000000,241.00000000,235.00000000
64267,Valencia 2,CA,1,4.20000000,3.00000000,2020.00000000,0.00000000,0.00000000,33.02180000,-115.52641000,3851.00000000,14.65372907,205.00000000,218.00000000,302.00000000,432.00000000,466.00000000,442.00000000,399.00000000,371.00000000,333.00000000,285.00000000,217.00000000,181.00000000
64268,Lawrence Brook,VT,1,2.80000000,2.20000000,2020.00000000,25.00000000,180.00000000,44.51701000,-72.62542000,2996.00000000,15.54586966,34.00000000,188.00000000,245.00000000,305.00000000,343.00000000,364.00000000,417.00000000,327.00000000,333.00000000,269.00000000,139.00000000,32.00000000
64270,"ESCA-LL-COLTON, LLC",CA,1,3.30000000,2.60000000,2021.00000000,10.00000000,216.00000000,34.03925000,-117.36056000,4016.00000000,17.63259571,246.00000000,245.00000000,384.00000000,462.00000000,471.00000000,445.00000000,416.00000000,304.00000000,251.00000000,319.00000000,263.00000000,210.00000000
64273,"Sweet Tea Solar, LLC",NC,1,4.70000000,4.50000000,2021.00000000,12.50000000,213.00000000,35.16088900,-77.13329500,5816.00000000,14.75393201,362.00000000,431.00000000,540.00000000,499.00000000,596.00000000,687.00000000,574.00000000,548.00000000,456.00000000,521.00000000,296.00000000,306.00000000
64288,Renewable Energy Center at BJH,MO,1,1.80000000,1.60000000,2019.00000000,7.00000000,195.00000000,38.63645900,-90.25819800,846.00000000,6.03595890,38.00000000,71.00000000,101.00000000,110.00000000,122.00000000,0.00000000,129.00000000,95.00000000,64.00000000,63.00000000,31.00000000,22.00000000
64299,Roger Williams - Melville at Portsmouth,RI,1,3.90000000,3.00000000,2021.00000000,18.00000000,180.00000000,41.57950800,-71.27308300,4663.00000000,17.74353120,62.00000000,271.00000000,378.00000000,449.00000000,439.00000000,614.00000000,517.00000000,542.00000000,434.00000000,442.00000000,303.00000000,212.00000000
64305,TCI France,LA,1,2.00000000,1.50000000,2019.00000000,2.00000000,259.00000000,29.98416600,-90.02888800,1542.00000000,11.73515982,92.00000000,124.00000000,135.00000000,154.00000000,163.00000000,148.00000000,132.00000000,169.00000000,133.00000000,125.00000000,85.00000000,82.00000000
64306,TCI Alvar,LA,1,2.40000000,1.90000000,2019.00000000,2.00000000,89.00000000,29.99222200,-90.02861100,2141.00000000,12.86349435,131.00000000,170.00000000,180.00000000,218.00000000,234.00000000,229.00000000,199.00000000,214.00000000,160.00000000,168.00000000,121.00000000,117.00000000
64308,"Dissigno Healdsburg FPV, LLC",CA,1,4.40000000,3.00000000,2020.00000000,83.00000000,12.00000000,38.58440500,-122.86618900,5951.00000000,22.64459665,217.00000000,291.00000000,461.00000000,620.00000000,786.00000000,778.00000000,710.00000000,645.00000000,573.00000000,411.00000000,249.00000000,210.00000000
64333,"WED Coventry Seven, LLC",RI,1,4.00000000,3.00000000,2020.00000000,25.00000000,180.00000000,41.69756300,-71.72226700,4932.00000000,18.76712329,85.00000000,300.00000000,387.00000000,453.00000000,534.00000000,600.00000000,524.00000000,534.00000000,454.00000000,486.00000000,358.00000000,217.00000000
64334,"GD Glocester White Oak I, LLC",RI,1,2.20000000,1.80000000,2020.00000000,25.00000000,0.00000000,41.86154400,-71.59623900,2585.00000000,16.39396246,59.00000000,201.00000000,203.00000000,236.00000000,251.00000000,316.00000000,245.00000000,298.00000000,242.00000000,262.00000000,153.00000000,119.00000000
64351,Amazon JFK8 Solar Project,NY,1,7.00000000,4.90000000,2021.00000000,10.00000000,221.00000000,40.61889200,-74.18752100,6949.00000000,16.18907837,135.00000000,298.00000000,628.00000000,732.00000000,654.00000000,941.00000000,888.00000000,776.00000000,649.00000000,615.00000000,389.00000000,244.00000000
64360,"American Goldfinch SCS ACY2 NJ, LLC",NJ,1,5.50000000,3.90000000,2020.00000000,10.00000000,217.00000000,40.08556000,-74.84089000,6743.00000000,19.73715022,109.00000000,461.00000000,593.00000000,649.00000000,692.00000000,870.00000000,806.00000000,724.00000000,574.00000000,613.00000000,384.00000000,268.00000000
64363,"ESA Boston Solar, LLC",NC,1,6.80000000,5.00000000,2020.00000000,20.00000000,180.00000000,36.48600800,-78.92177100,9512.00000000,21.71689498,495.00000000,700.00000000,852.00000000,904.00000000,950.00000000,1037.00000000,953.00000000,918.00000000,715.00000000,862.00000000,606.00000000,520.00000000
64364,"SCS Beltway 011754 Rock Falls, LLC",IL,1,1.30000000,1.00000000,2020.00000000,20.00000000,180.00000000,41.76701200,-89.67033100,1791.00000000,20.44520548,34.00000000,154.00000000,158.00000000,161.00000000,206.00000000,195.00000000,195.00000000,192.00000000,186.00000000,175.00000000,72.00000000,63.00000000
64366,"Trojan Solar, LLC",NC,1,7.00000000,5.00000000,2020.00000000,20.00000000,180.00000000,34.31247200,-78.20425000,9170.00000000,20.93607306,592.00000000,729.00000000,861.00000000,915.00000000,949.00000000,1031.00000000,879.00000000,640.00000000,434.00000000,896.00000000,596.00000000,648.00000000
64367,"Zuma Solar, LLC",NC,1,4.70000000,3.00000000,2020.00000000,60.00000000,180.00000000,36.51093900,-79.43788500,6512.00000000,24.77929985,358.00000000,452.00000000,618.00000000,661.00000000,730.00000000,808.00000000,617.00000000,603.00000000,419.00000000,591.00000000,365.00000000,290.00000000
64370,Plainfield Solar 1,CT,1,1.20000000,1.00000000,2020.00000000,25.00000000,180.00000000,41.68000000,-71.90100000,1452.00000000,16.57534247,32.00000000,109.00000000,133.00000000,136.00000000,168.00000000,182.00000000,150.00000000,136.00000000,135.00000000,133.00000000,93.00000000,45.00000000
64371,Cortlandville I Solar CSG,NY,1,6.00000000,5.00000000,2021.00000000,25.00000000,180.00000000,42.60679400,-76.15448600,6527.00000000,14.90182648,73.00000000,254.00000000,591.00000000,687.00000000,538.00000000,421.00000000,1156.00000000,824.00000000,806.00000000,700.00000000,356.00000000,121.00000000
64372,Sangerfield Solar CSG,NY,1,6.50000000,5.00000000,2021.00000000,25.00000000,180.00000000,42.92441900,-75.42005000,7921.00000000,18.08447489,154.00000000,520.00000000,576.00000000,695.00000000,1007.00000000,905.00000000,1122.00000000,841.00000000,865.00000000,676.00000000,359.00000000,201.00000000
64373,Clay Solar CSG,NY,1,7.50000000,5.00000000,2021.00000000,25.00000000,180.00000000,43.19452500,-76.21195000,8375.00000000,19.12100457,165.00000000,498.00000000,719.00000000,770.00000000,1097.00000000,1061.00000000,1109.00000000,869.00000000,921.00000000,680.00000000,334.00000000,152.00000000
64379,Ridgecrest,DC,1,2.20000000,1.70000000,2021.00000000,5.00000000,180.00000000,38.84683000,-76.97592000,2086.00000000,14.00752082,61.00000000,138.00000000,185.00000000,214.00000000,222.00000000,288.00000000,256.00000000,220.00000000,155.00000000,165.00000000,100.00000000,82.00000000
64380,Cascades,NJ,1,2.60000000,2.00000000,2021.00000000,5.00000000,180.00000000,40.55879000,-74.45646000,2882.00000000,16.44977169,71.00000000,140.00000000,252.00000000,287.00000000,319.00000000,375.00000000,356.00000000,315.00000000,250.00000000,259.00000000,156.00000000,102.00000000
64384,Amazon TUS2,AZ,1,3.30000000,2.60000000,2022.00000000,10.00000000,180.00000000,32.12941600,-110.83888800,5541.00000000,24.32824025,295.00000000,339.00000000,450.00000000,545.00000000,600.00000000,494.00000000,572.00000000,495.00000000,531.00000000,479.00000000,381.00000000,360.00000000
64388,TruStile Doors - Denver,CO,1,1.50000000,1.20000000,2021.00000000,10.00000000,180.00000000,39.82570800,-104.97312000,2085.00000000,19.83447489,80.00000000,122.00000000,181.00000000,216.00000000,255.00000000,254.00000000,260.00000000,166.00000000,216.00000000,173.00000000,87.00000000,75.00000000
64389,Niagara Bottling - Seguin,TX,1,5.70000000,4.90000000,2021.00000000,11.00000000,180.00000000,29.58913900,-97.97719800,7974.00000000,18.57701985,467.00000000,549.00000000,616.00000000,668.00000000,676.00000000,834.00000000,800.00000000,901.00000000,767.00000000,718.00000000,562.00000000,416.00000000
64401,CSU San Jose State University,CA,1,2.10000000,1.70000000,2021.00000000,10.00000000,149.00000000,37.33400000,-121.88400000,2128.00000000,14.28955144,80.00000000,112.00000000,167.00000000,221.00000000,270.00000000,260.00000000,245.00000000,245.00000000,198.00000000,148.00000000,101.00000000,81.00000000
64402,El Dorado County,CA,1,1.90000000,1.50000000,2021.00000000,15.00000000,180.00000000,38.69814500,-120.82825600,2924.00000000,22.25266362,116.00000000,150.00000000,227.00000000,294.00000000,358.00000000,353.00000000,342.00000000,314.00000000,277.00000000,224.00000000,150.00000000,119.00000000
64404,Mesa Carport PV,AZ,2,4.90000000,4.60000000,2020.00000000,8.36734694,180.00000000,33.34700000,-111.60200000,5923.00000000,14.69872940,343.00000000,443.00000000,673.00000000,821.00000000,875.00000000,755.00000000,806.00000000,760.00000000,447.00000000,0.00000000,0.00000000,0.00000000
64409,Anderson (SC),SC,1,2.80000000,2.00000000,2021.00000000,60.00000000,180.00000000,34.49370700,-82.67613700,3904.00000000,22.28310502,220.00000000,247.00000000,308.00000000,354.00000000,387.00000000,439.00000000,459.00000000,457.00000000,276.00000000,298.00000000,234.00000000,225.00000000
64410,Briarwood,SC,1,2.80000000,2.00000000,2020.00000000,60.00000000,180.00000000,34.08475000,-82.10133000,3847.00000000,21.95776256,215.00000000,242.00000000,316.00000000,366.00000000,370.00000000,477.00000000,403.00000000,434.00000000,257.00000000,326.00000000,222.00000000,219.00000000
64411,Delanco,NJ,1,3.10000000,2.40000000,2021.00000000,25.00000000,180.00000000,40.04936000,-74.93530000,4222.00000000,20.08181126,136.00000000,341.00000000,374.00000000,380.00000000,384.00000000,459.00000000,447.00000000,425.00000000,352.00000000,439.00000000,286.00000000,199.00000000
64412,Gold Mine,SC,1,2.10000000,1.50000000,2020.00000000,60.00000000,180.00000000,34.07260000,-82.22630000,3004.00000000,22.86149163,180.00000000,213.00000000,261.00000000,314.00000000,335.00000000,350.00000000,332.00000000,339.00000000,205.00000000,190.00000000,143.00000000,142.00000000
64416,Sandoval,IL,1,2.80000000,2.00000000,2021.00000000,60.00000000,180.00000000,38.58990500,-89.14934800,3581.00000000,20.43949772,156.00000000,339.00000000,408.00000000,411.00000000,484.00000000,551.00000000,517.00000000,385.00000000,255.00000000,0.00000000,0.00000000,75.00000000
64417,Wilbraham,MA,1,5.00000000,4.00000000,2020.00000000,20.00000000,180.00000000,42.10391000,-72.38129000,5324.00000000,15.19406393,102.00000000,422.00000000,537.00000000,525.00000000,671.00000000,704.00000000,643.00000000,453.00000000,278.00000000,502.00000000,312.00000000,175.00000000
64418,Big Bear,CA,1,6.10000000,5.50000000,2020.00000000,7.00000000,180.00000000,34.01528700,-118.19285100,4998.00000000,10.37359900,371.00000000,414.00000000,746.00000000,769.00000000,453.00000000,889.00000000,994.00000000,362.00000000,0.00000000,0.00000000,0.00000000,0.00000000
64419,Elm Street,MA,1,3.70000000,2.80000000,2020.00000000,20.00000000,180.00000000,41.79171800,-71.14181700,5051.00000000,20.59279191,131.00000000,321.00000000,434.00000000,493.00000000,542.00000000,624.00000000,559.00000000,554.00000000,464.00000000,467.00000000,284.00000000,178.00000000
64421,Sunvestment Energy Group NY 63 LLC,NY,1,2.70000000,2.00000000,2020.00000000,30.00000000,180.00000000,43.04470000,-76.04190000,3060.00000000,17.46575342,69.00000000,207.00000000,250.00000000,268.00000000,358.00000000,325.00000000,397.00000000,303.00000000,327.00000000,293.00000000,180.00000000,83.00000000
64422,GSPP Onyx New Brunswick LLC,NJ,4,1.60000000,1.10000000,2019.00000000,5.62500000,139.22827662,40.48071000,-74.48185000,1408.00000000,14.61187215,33.00000000,78.00000000,125.00000000,140.00000000,155.00000000,189.00000000,174.00000000,153.00000000,120.00000000,119.00000000,71.00000000,51.00000000
64434,Rounseville Solar,MA,1,3.30000000,2.70000000,2020.00000000,20.00000000,180.00000000,41.73838100,-70.82852700,4240.00000000,17.92660240,172.00000000,292.00000000,343.00000000,392.00000000,439.00000000,488.00000000,432.00000000,446.00000000,367.00000000,377.00000000,284.00000000,208.00000000
64435,Town of Ware - Canadian Tree(CSG),MA,1,1.80000000,1.40000000,2021.00000000,25.00000000,180.00000000,42.26348200,-72.29553200,2425.00000000,19.77332029,57.00000000,191.00000000,205.00000000,213.00000000,252.00000000,271.00000000,265.00000000,242.00000000,227.00000000,228.00000000,155.00000000,119.00000000
64438,Vallecitos Water District,CA,1,2.10000000,1.40000000,2021.00000000,20.00000000,180.00000000,33.21253500,-117.17702900,3241.00000000,26.42694064,207.00000000,188.00000000,261.00000000,298.00000000,293.00000000,316.00000000,357.00000000,343.00000000,287.00000000,273.00000000,225.00000000,193.00000000
64439,"Pine Road Solar, LLC CSG",IL,1,3.00000000,2.00000000,2021.00000000,52.00000000,180.00000000,41.67438600,-88.66444800,4036.00000000,23.03652968,89.00000000,327.00000000,358.00000000,384.00000000,546.00000000,459.00000000,439.00000000,431.00000000,385.00000000,375.00000000,136.00000000,107.00000000
64443,Golden Solar,VT,1,3.30000000,2.20000000,2021.00000000,35.00000000,180.00000000,44.43415000,-71.97124000,3606.00000000,18.71108344,66.00000000,272.00000000,259.00000000,356.00000000,405.00000000,408.00000000,413.00000000,381.00000000,413.00000000,340.00000000,185.00000000,108.00000000
64445,"County of Dutchess, NY (Airport)",NY,1,2.20000000,1.80000000,2020.00000000,25.00000000,180.00000000,41.63139800,-73.87684500,2673.00000000,16.95205479,71.00000000,205.00000000,227.00000000,231.00000000,254.00000000,304.00000000,311.00000000,272.00000000,248.00000000,259.00000000,181.00000000,110.00000000
64451,Rosemond Solar Community Solar,NY,1,3.00000000,2.00000000,2021.00000000,25.00000000,180.00000000,41.71133000,-74.54163000,3562.00000000,20.33105023,74.00000000,285.00000000,277.00000000,303.00000000,387.00000000,408.00000000,413.00000000,303.00000000,363.00000000,372.00000000,234.00000000,143.00000000
64454,"Merrimack Solar Farm, LLC",NH,1,3.00000000,2.40000000,2019.00000000,20.00000000,180.00000000,42.81138100,-71.50116700,3509.00000000,16.69044901,87.00000000,277.00000000,291.00000000,324.00000000,364.00000000,395.00000000,418.00000000,344.00000000,337.00000000,301.00000000,220.00000000,151.00000000
64464,"Clendenin A Community Solar, LLC CSG",IL,1,2.90000000,2.00000000,2021.00000000,55.00000000,0.00000000,37.82924100,-89.01148300,3267.47000000,18.64994292,122.00000000,255.00000000,312.00000000,318.00000000,370.00000000,382.00000000,335.00000000,309.00000000,210.00000000,314.00000000,189.00000000,151.47000000
64465,"Kern A Community Solar, LLC CSG",IL,1,2.80000000,2.00000000,2021.00000000,55.00000000,180.00000000,37.89750600,-88.95239900,3817.00000000,21.78652968,106.00000000,230.00000000,366.00000000,348.00000000,405.00000000,473.00000000,432.00000000,439.00000000,300.00000000,359.00000000,199.00000000,160.00000000
64466,Lukuc B Community Solar LLC CSG,IL,1,2.90000000,2.00000000,2021.00000000,55.00000000,180.00000000,37.83616500,-89.04242300,3552.00000000,20.27397260,114.00000000,227.00000000,345.00000000,323.00000000,391.00000000,415.00000000,329.00000000,402.00000000,304.00000000,358.00000000,186.00000000,158.00000000
64467,"CSG Mt. Morris 2, LLC",IL,1,2.90000000,2.00000000,2021.00000000,25.00000000,180.00000000,42.06565300,-89.43313600,3562.00000000,20.33105023,59.00000000,311.00000000,282.00000000,318.00000000,406.00000000,375.00000000,371.00000000,385.00000000,376.00000000,377.00000000,158.00000000,144.00000000
64468,"Tower Road Solar, LLC CSG",IL,1,3.00000000,2.00000000,2021.00000000,52.00000000,180.00000000,41.80522400,-88.92518800,3192.00000000,18.21917808,115.00000000,153.00000000,0.00000000,0.00000000,258.00000000,510.00000000,483.00000000,506.00000000,467.00000000,416.00000000,152.00000000,132.00000000
64479,Novel Handeland Solar LLC (CSG),MN,1,1.40000000,1.00000000,2022.00000000,60.00000000,180.00000000,44.78207700,-95.78581100,1553.00000000,17.72831050,73.00000000,134.00000000,187.00000000,150.00000000,184.00000000,174.00000000,169.00000000,135.00000000,142.00000000,89.00000000,59.00000000,57.00000000
64482,Novel Stavem Solar LLC CSG,MN,1,1.40000000,1.00000000,2021.00000000,60.00000000,180.00000000,45.66683000,-95.40195000,2043.00000000,23.32191781,45.00000000,123.00000000,191.00000000,195.00000000,245.00000000,243.00000000,274.00000000,215.00000000,242.00000000,156.00000000,66.00000000,48.00000000
64483,Novel Sunnyfield Farms Solar LLC CSG,MN,1,1.40000000,1.00000000,2022.00000000,60.00000000,180.00000000,44.24588400,-92.54620800,1987.00000000,22.68264840,72.00000000,0.00000000,199.00000000,171.00000000,246.00000000,230.00000000,267.00000000,248.00000000,243.00000000,180.00000000,77.00000000,54.00000000
64486,Novel David Solar LLC CSG,MN,1,1.40000000,1.00000000,2022.00000000,60.00000000,180.00000000,44.00039700,-93.50161600,2114.00000000,24.13242009,76.00000000,154.00000000,196.00000000,109.00000000,248.00000000,246.00000000,270.00000000,246.00000000,249.00000000,181.00000000,85.00000000,54.00000000
64487,Novel Huneke Solar LLC CSG,MN,1,1.40000000,1.00000000,2021.00000000,60.00000000,180.00000000,44.26731900,-92.66487200,2072.00000000,23.65296804,74.00000000,158.00000000,202.00000000,187.00000000,246.00000000,231.00000000,263.00000000,245.00000000,171.00000000,163.00000000,74.00000000,58.00000000
64488,Novel Denzer Solar LLC CSG,MN,1,1.40000000,1.00000000,2022.00000000,60.00000000,180.00000000,44.10110800,-91.76288200,2078.00000000,23.72146119,67.00000000,153.00000000,193.00000000,175.00000000,245.00000000,222.00000000,249.00000000,239.00000000,233.00000000,179.00000000,72.00000000,51.00000000
64502,7448 Candlewood Road,MD,1,1.90000000,1.50000000,2020.00000000,15.00000000,222.00000000,39.16000000,-76.70000000,2254.00000000,17.15372907,68.00000000,162.00000000,205.00000000,218.00000000,221.00000000,278.00000000,258.00000000,227.00000000,175.00000000,204.00000000,136.00000000,102.00000000
64517,Department of Justice,CA,1,2.80000000,2.40000000,2020.00000000,7.40000000,180.00000000,38.54805600,-121.44855000,3882.00000000,18.46461187,136.00000000,207.00000000,318.00000000,414.00000000,525.00000000,505.00000000,447.00000000,419.00000000,355.00000000,254.00000000,179.00000000,123.00000000
64524,SoCore Clovis 1,NM,1,2.50000000,2.00000000,2021.00000000,0.00000000,0.00000000,34.42303500,-103.25407800,4321.00000000,24.66324201,273.00000000,327.00000000,391.00000000,474.00000000,504.00000000,385.00000000,432.00000000,396.00000000,358.00000000,342.00000000,229.00000000,210.00000000
64525,Troupsburg,NY,1,8.70000000,7.00000000,2020.00000000,30.00000000,0.00000000,42.01210000,-77.37510000,7177.00000000,11.70417482,210.00000000,597.00000000,630.00000000,697.00000000,698.00000000,609.00000000,901.00000000,775.00000000,729.00000000,770.00000000,420.00000000,141.00000000
64526,Raboth - Marion Drive,MA,1,4.60000000,3.50000000,2021.00000000,7.00000000,36.00000000,41.96951000,-70.72541000,5117.00000000,16.68949772,175.00000000,280.00000000,417.00000000,494.00000000,604.00000000,659.00000000,602.00000000,565.00000000,462.00000000,393.00000000,262.00000000,204.00000000
64527,Flatwood Farm,NC,1,6.50000000,5.00000000,2018.00000000,20.00000000,180.00000000,35.58800000,-79.03230000,9120.00000000,20.82191781,850.00000000,679.00000000,694.00000000,845.00000000,832.00000000,932.00000000,829.00000000,882.00000000,657.00000000,850.00000000,575.00000000,495.00000000
64549,"Smithfield Solar Farm, LLC",RI,1,3.30000000,2.40000000,2020.00000000,20.00000000,180.00000000,41.92237000,-71.52036800,4414.00000000,20.99505327,108.00000000,292.00000000,385.00000000,414.00000000,476.00000000,545.00000000,488.00000000,484.00000000,391.00000000,394.00000000,287.00000000,150.00000000
64554,Bright Field Solar LLC(CSG),NY,1,5.30000000,4.00000000,2021.00000000,25.00000000,180.00000000,42.46000000,-77.73832000,5711.00000000,16.29851598,123.00000000,365.00000000,506.00000000,496.00000000,714.00000000,657.00000000,762.00000000,629.00000000,613.00000000,497.00000000,239.00000000,110.00000000
64555,Bright Oak Solar LLC(CSG),NY,1,5.80000000,4.00000000,2021.00000000,25.00000000,180.00000000,43.03300000,-78.24481000,6719.00000000,19.17522831,118.00000000,449.00000000,570.00000000,569.00000000,822.00000000,765.00000000,891.00000000,743.00000000,676.00000000,614.00000000,338.00000000,164.00000000
64556,Bright Hill Solar LLC(CSG),NY,1,6.80000000,5.00000000,2021.00000000,25.00000000,180.00000000,42.46723000,-77.70378000,7884.00000000,18.00000000,187.00000000,523.00000000,664.00000000,669.00000000,962.00000000,880.00000000,1035.00000000,837.00000000,839.00000000,735.00000000,373.00000000,180.00000000
64557,River Valley LLC (NY) (CSG),NY,1,6.90000000,5.00000000,2021.00000000,25.00000000,180.00000000,42.06724000,-78.47783000,7420.00000000,16.94063927,154.00000000,515.00000000,647.00000000,644.00000000,906.00000000,845.00000000,983.00000000,804.00000000,753.00000000,700.00000000,332.00000000,137.00000000
64560,Tioga Solar South(CSG),NY,1,6.60000000,5.00000000,2021.00000000,20.00000000,180.00000000,42.14134000,-76.28797000,6103.00000000,13.93378995,136.00000000,405.00000000,401.00000000,442.00000000,617.00000000,606.00000000,816.00000000,681.00000000,706.00000000,693.00000000,413.00000000,187.00000000
64561,Tioga Solar North(CSG),NY,1,6.60000000,5.00000000,2021.00000000,20.00000000,180.00000000,42.14134000,-76.28797000,6103.00000000,13.93378995,136.00000000,405.00000000,401.00000000,442.00000000,617.00000000,606.00000000,816.00000000,681.00000000,706.00000000,693.00000000,413.00000000,187.00000000
64563,Novel Stein Solar LLC CSG,MN,1,1.40000000,1.00000000,2022.00000000,60.00000000,180.00000000,45.38912800,-92.67605800,1807.00000000,20.62785388,54.00000000,126.00000000,185.00000000,160.00000000,214.00000000,203.00000000,208.00000000,190.00000000,205.00000000,160.00000000,64.00000000,38.00000000
64593,Bellisario Solar 1,NY,1,7.50000000,5.00000000,2021.00000000,20.00000000,180.00000000,42.44978300,-76.12111600,6297.00000000,14.37671233,149.00000000,564.00000000,450.00000000,544.00000000,736.00000000,656.00000000,540.00000000,664.00000000,854.00000000,570.00000000,440.00000000,130.00000000
64594,Bellisario Solar 2,NY,1,7.50000000,5.00000000,2021.00000000,20.00000000,180.00000000,42.45194400,-76.12111600,6168.00000000,14.08219178,93.00000000,416.00000000,495.00000000,656.00000000,737.00000000,656.00000000,590.00000000,534.00000000,729.00000000,677.00000000,403.00000000,182.00000000
64595,Bellisario Solar 3,NY,1,7.50000000,5.00000000,2021.00000000,20.00000000,180.00000000,42.45295600,-76.13176000,6343.00000000,14.48173516,57.00000000,305.00000000,305.00000000,687.00000000,812.00000000,635.00000000,615.00000000,693.00000000,826.00000000,820.00000000,462.00000000,126.00000000
64600,Prologis L.P,CA,1,3.80000000,3.00000000,2018.00000000,10.00000000,180.00000000,37.72504400,-121.52978300,5804.00000000,22.08523592,232.00000000,332.00000000,486.00000000,602.00000000,738.00000000,683.00000000,674.00000000,617.00000000,507.00000000,415.00000000,300.00000000,218.00000000
64602,"Kirby Road Solar, LLC",MD,1,2.00000000,1.30000000,2021.00000000,25.00000000,180.00000000,38.77897000,-76.92369500,2543.00000000,22.33052336,109.00000000,160.00000000,221.00000000,228.00000000,235.00000000,299.00000000,270.00000000,253.00000000,196.00000000,257.00000000,175.00000000,140.00000000
64603,"TPE King Solar Holdings1, LLC (CSG)",RI,1,16.30000000,12.70000000,2022.00000000,25.00000000,180.00000000,41.97921200,-71.58130900,18101.00000000,16.27026930,456.00000000,1303.00000000,1608.00000000,1765.00000000,2036.00000000,2052.00000000,1864.00000000,1941.00000000,1599.00000000,1658.00000000,1175.00000000,644.00000000
64604,MNCPPC Randall Farm,MD,1,1.80000000,1.40000000,2020.00000000,20.00000000,0.00000000,38.83162400,-76.80314600,2323.00000000,18.94161774,87.00000000,186.00000000,209.00000000,214.00000000,215.00000000,276.00000000,255.00000000,238.00000000,177.00000000,226.00000000,114.00000000,126.00000000
64606,Burns Solar One LLC,MD,1,4.80000000,2.00000000,2020.00000000,25.00000000,180.00000000,39.47653000,-76.85446000,3852.00000000,21.98630137,144.00000000,299.00000000,341.00000000,335.00000000,346.00000000,441.00000000,426.00000000,379.00000000,294.00000000,379.00000000,266.00000000,202.00000000
64608,"Hostetter Solar One, LLC",MD,1,2.80000000,2.00000000,2020.00000000,25.00000000,180.00000000,39.66448000,-77.70058000,3894.00000000,22.22602740,143.00000000,306.00000000,359.00000000,345.00000000,325.00000000,445.00000000,442.00000000,395.00000000,312.00000000,383.00000000,252.00000000,187.00000000
64610,Amazon MDW6 Solar Project,IL,1,3.00000000,1.90000000,2020.00000000,10.00000000,180.00000000,41.67210000,-88.11549000,2615.00000000,15.71136746,15.00000000,128.00000000,249.00000000,257.00000000,344.00000000,299.00000000,260.00000000,254.00000000,289.00000000,276.00000000,138.00000000,106.00000000
64629,JM Huber at Quincy,IL,1,1.80000000,1.50000000,2021.00000000,20.00000000,180.00000000,39.85908300,-91.39968500,2204.00000000,16.77321157,82.00000000,203.00000000,230.00000000,237.00000000,258.00000000,144.00000000,231.00000000,224.00000000,196.00000000,206.00000000,102.00000000,91.00000000
64642,P52ES 1755 Henryton Rd Phase 1 LLC CSG,MD,1,2.30000000,1.90000000,2021.00000000,52.00000000,180.00000000,39.32015000,-76.92965000,3374.00000000,20.27156933,100.00000000,235.00000000,301.00000000,316.00000000,340.00000000,455.00000000,408.00000000,340.00000000,259.00000000,301.00000000,184.00000000,135.00000000
64643,P52ES 1755 Henryton Rd Phase 2 LLC,MD,1,2.60000000,1.90000000,2021.00000000,52.00000000,180.00000000,39.32015000,-76.92965000,3768.00000000,22.63878875,157.00000000,275.00000000,339.00000000,344.00000000,368.00000000,478.00000000,437.00000000,372.00000000,288.00000000,340.00000000,215.00000000,155.00000000
64646,Pittman Solar One LLC,MD,1,2.80000000,2.00000000,2020.00000000,25.00000000,180.00000000,39.68753000,-78.10800000,3787.00000000,21.61529680,160.00000000,289.00000000,299.00000000,328.00000000,359.00000000,445.00000000,434.00000000,378.00000000,315.00000000,380.00000000,239.00000000,161.00000000
64647,"Bulldog Solar One, LLC",MD,1,2.80000000,2.00000000,2020.00000000,25.00000000,180.00000000,38.91520000,-76.69720000,3746.00000000,21.38127854,128.00000000,296.00000000,333.00000000,331.00000000,341.00000000,414.00000000,399.00000000,380.00000000,288.00000000,378.00000000,254.00000000,204.00000000
64673,Acton,ME,1,4.20000000,3.50000000,2021.00000000,30.00000000,180.00000000,43.54373100,-70.91275100,4562.00000000,14.87932159,172.00000000,432.00000000,424.00000000,479.00000000,522.00000000,535.00000000,70.00000000,262.00000000,498.00000000,519.00000000,372.00000000,277.00000000
64674,Van Buren,NC,1,2.90000000,2.00000000,2021.00000000,52.00000000,180.00000000,34.98404500,-78.52749900,2449.00000000,13.97831050,271.00000000,328.00000000,399.00000000,446.00000000,468.00000000,93.00000000,0.00000000,0.00000000,0.00000000,118.00000000,168.00000000,158.00000000
64675,Naples,ME,1,2.60000000,2.00000000,2021.00000000,25.00000000,180.00000000,43.97060100,-70.57696400,2679.00000000,15.29109589,85.00000000,248.00000000,242.00000000,297.00000000,302.00000000,160.00000000,245.00000000,269.00000000,209.00000000,269.00000000,207.00000000,146.00000000
64680,"Clifton Park Solar 1, LLC",NY,1,7.50000000,5.00000000,2020.00000000,25.00000000,180.00000000,42.83901300,-73.83472200,8322.00000000,19.00000000,150.00000000,624.00000000,647.00000000,767.00000000,1046.00000000,966.00000000,971.00000000,755.00000000,897.00000000,796.00000000,485.00000000,218.00000000
64681,"Clifton Park Solar 2, LLC",NY,1,2.90000000,2.00000000,2020.00000000,25.00000000,180.00000000,42.84037000,-73.83546000,3200.00000000,18.26484018,55.00000000,233.00000000,247.00000000,197.00000000,396.00000000,393.00000000,418.00000000,339.00000000,348.00000000,308.00000000,183.00000000,83.00000000
64692,Fredonia Solar LLC,NY,1,1.40000000,1.10000000,2021.00000000,52.00000000,180.00000000,42.45304700,-79.34080000,1533.00000000,15.90909091,28.00000000,102.00000000,128.00000000,145.00000000,200.00000000,187.00000000,210.00000000,166.00000000,164.00000000,139.00000000,46.00000000,18.00000000
64693,Dos Palos,CA,1,1.00000000,1.00000000,2021.00000000,25.00000000,0.00000000,36.98175500,-120.62535800,1561.00000000,17.81963470,65.00000000,93.00000000,137.00000000,160.00000000,189.00000000,179.00000000,175.00000000,161.00000000,134.00000000,112.00000000,91.00000000,65.00000000
64700,"El Dorado Solar, LLC",CA,1,1.90000000,1.50000000,2021.00000000,25.00000000,18.00000000,38.63700000,-121.05900000,2942.00000000,22.38964992,133.00000000,178.00000000,244.00000000,317.00000000,378.00000000,357.00000000,367.00000000,132.00000000,225.00000000,280.00000000,189.00000000,142.00000000
64705,Fairhaven MA 2,MA,1,4.20000000,2.90000000,2021.00000000,20.00000000,180.00000000,41.66600000,-70.87831000,4498.00000000,17.70587309,217.00000000,203.00000000,413.00000000,427.00000000,530.00000000,594.00000000,525.00000000,360.00000000,397.00000000,417.00000000,199.00000000,216.00000000
64715,Dusenberry,NY,1,7.10000000,5.00000000,2021.00000000,26.00000000,5.00000000,42.76770000,-73.62470000,8186.00000000,18.68949772,175.00000000,642.00000000,633.00000000,757.00000000,1036.00000000,979.00000000,780.00000000,841.00000000,885.00000000,800.00000000,409.00000000,249.00000000
64716,Knapp East (CSG),NY,1,6.30000000,5.00000000,2021.00000000,25.00000000,30.00000000,43.01340000,-78.46010000,7357.00000000,16.79680365,87.00000000,460.00000000,628.00000000,652.00000000,953.00000000,873.00000000,1008.00000000,820.00000000,763.00000000,668.00000000,272.00000000,173.00000000
64718,Redman North Community Solar,NY,1,1.90000000,1.50000000,2022.00000000,0.00000000,0.00000000,43.27520000,-77.96600000,1826.00000000,13.89649924,42.00000000,156.00000000,184.00000000,212.00000000,379.00000000,349.00000000,427.00000000,77.00000000,0.00000000,0.00000000,0.00000000,0.00000000
64720,Knapp West(CSG),NY,1,6.10000000,5.00000000,2021.00000000,25.00000000,30.00000000,43.01480000,-78.46090000,6947.00000000,15.86073059,73.00000000,436.00000000,613.00000000,625.00000000,928.00000000,841.00000000,964.00000000,783.00000000,722.00000000,548.00000000,254.00000000,160.00000000
64721,Rowe (CSG),NY,1,7.20000000,5.00000000,2021.00000000,25.00000000,29.00000000,42.06870000,-78.37520000,7591.00000000,17.33105023,190.00000000,209.00000000,646.00000000,679.00000000,927.00000000,948.00000000,1013.00000000,866.00000000,827.00000000,794.00000000,321.00000000,171.00000000
64722,Redman South Community Solar,NY,1,6.60000000,5.00000000,2022.00000000,0.00000000,0.00000000,43.27430000,-77.96500000,9665.00000000,22.06621005,165.00000000,461.00000000,728.00000000,833.00000000,1322.00000000,1205.00000000,1467.00000000,1136.00000000,1057.00000000,785.00000000,299.00000000,207.00000000
64723,Alton Road Solar,RI,1,17.60000000,13.90000000,2019.00000000,20.00000000,180.00000000,41.40754700,-71.74832800,23633.00000000,19.40885648,859.00000000,1634.00000000,1941.00000000,2093.00000000,2427.00000000,2900.00000000,2309.00000000,2433.00000000,2132.00000000,2140.00000000,1636.00000000,1129.00000000
64724,Townline Community Solar,NY,1,6.40000000,5.00000000,2022.00000000,25.00000000,25.00000000,43.04210000,-78.13370000,7469.00000000,17.05251142,157.00000000,501.00000000,621.00000000,655.00000000,963.00000000,852.00000000,865.00000000,861.00000000,770.00000000,670.00000000,381.00000000,173.00000000
64725,Williams Rd,NY,1,5.90000000,4.00000000,2021.00000000,25.00000000,0.00000000,43.20400000,-78.94300000,5500.00000000,15.69634703,115.00000000,372.00000000,495.00000000,478.00000000,742.00000000,676.00000000,738.00000000,555.00000000,351.00000000,578.00000000,233.00000000,167.00000000
64730,IL17021 Brush Creek I CSG,IL,1,2.40000000,2.00000000,2022.00000000,25.00000000,180.00000000,42.45224300,-89.63881300,4073.00000000,23.24771689,120.00000000,343.00000000,371.00000000,398.00000000,488.00000000,466.00000000,473.00000000,453.00000000,425.00000000,350.00000000,89.00000000,97.00000000
64741,Morgan Solar 1 CSG,IL,1,2.90000000,2.00000000,2021.00000000,52.00000000,180.00000000,39.82245000,-90.55519000,4061.00000000,23.17922374,135.00000000,325.00000000,334.00000000,362.00000000,459.00000000,470.00000000,429.00000000,455.00000000,382.00000000,384.00000000,177.00000000,149.00000000
64742,Morgan Solar 1b CSG,IL,1,3.00000000,2.00000000,2021.00000000,52.00000000,180.00000000,39.82215000,-90.55457000,2887.00000000,16.47831050,137.00000000,321.00000000,239.00000000,251.00000000,309.00000000,307.00000000,302.00000000,310.00000000,246.00000000,242.00000000,121.00000000,102.00000000
64746,Goldman Sachs Carports Solar,NY,1,1.30000000,1.00000000,2020.00000000,7.00000000,188.00000000,42.76573000,-73.75055000,1138.00000000,12.99086758,29.00000000,81.00000000,83.00000000,96.00000000,148.00000000,122.00000000,130.00000000,112.00000000,128.00000000,108.00000000,64.00000000,37.00000000
64751,Amazon PSP1,CA,1,4.70000000,3.80000000,2021.00000000,0.00000000,0.00000000,33.92624000,-116.99442000,7457.00000000,22.40146599,443.00000000,426.00000000,572.00000000,740.00000000,822.00000000,816.00000000,767.00000000,717.00000000,617.00000000,605.00000000,505.00000000,427.00000000
64779,IGS Frankfort 2 CSG,IL,1,2.30000000,2.00000000,2021.00000000,52.00000000,180.00000000,41.49563000,-87.78760000,4061.00000000,23.17922374,135.00000000,325.00000000,334.00000000,362.00000000,459.00000000,470.00000000,429.00000000,455.00000000,382.00000000,384.00000000,177.00000000,149.00000000
64781,Kearsarge Westerly,RI,1,6.00000000,4.00000000,2020.00000000,20.00000000,180.00000000,41.38576100,-71.73220200,6575.00000000,18.76426941,202.00000000,434.00000000,612.00000000,622.00000000,719.00000000,822.00000000,675.00000000,738.00000000,613.00000000,535.00000000,395.00000000,208.00000000
64782,Kearsarge Fogland,RI,1,2.90000000,2.40000000,2020.00000000,25.00000000,180.00000000,41.55595500,-71.18822100,3458.00000000,16.44786910,135.00000000,226.00000000,295.00000000,323.00000000,355.00000000,411.00000000,315.00000000,383.00000000,296.00000000,341.00000000,237.00000000,141.00000000
64783,Kearsarge East Providence,RI,1,2.90000000,2.00000000,2020.00000000,20.00000000,180.00000000,41.83374600,-71.36974600,3078.00000000,17.56849315,81.00000000,217.00000000,283.00000000,228.00000000,349.00000000,388.00000000,346.00000000,347.00000000,276.00000000,211.00000000,224.00000000,128.00000000
64790,OER Checkerspot,MD,1,2.00000000,1.50000000,2021.00000000,0.00000000,0.00000000,38.78357200,-76.57415300,2728.00000000,20.76103501,117.00000000,203.00000000,256.00000000,273.00000000,267.00000000,332.00000000,322.00000000,290.00000000,207.00000000,223.00000000,136.00000000,102.00000000
64830,"Brightwood Solar, LLC",OR,1,13.50000000,10.00000000,2021.00000000,60.00000000,180.00000000,45.38494900,-122.08442100,15544.00000000,17.74429224,181.00000000,528.00000000,1273.00000000,1523.00000000,2028.00000000,2105.00000000,2094.00000000,2096.00000000,1749.00000000,1094.00000000,460.00000000,413.00000000
64836,Catalina Express,CA,1,1.30000000,1.00000000,2020.00000000,5.00000000,180.00000000,33.74994700,-118.27846900,1656.00000000,18.90410959,105.00000000,103.00000000,175.00000000,184.00000000,175.00000000,180.00000000,182.00000000,167.00000000,133.00000000,98.00000000,81.00000000,73.00000000
64837,Marina South,CA,1,1.20000000,1.00000000,2020.00000000,5.00000000,180.00000000,33.71799300,-118.27561700,1768.00000000,20.18264840,103.00000000,103.00000000,173.00000000,191.00000000,198.00000000,192.00000000,198.00000000,185.00000000,139.00000000,103.00000000,96.00000000,87.00000000
64860,Billings Road,VT,1,2.30000000,1.70000000,2021.00000000,30.00000000,180.00000000,44.52344000,-72.36986000,2333.00000000,15.66612947,30.00000000,158.00000000,179.00000000,239.00000000,262.00000000,283.00000000,316.00000000,251.00000000,261.00000000,206.00000000,110.00000000,38.00000000
64861,Deer Creek 2,CA,1,1.60000000,1.30000000,2021.00000000,25.00000000,54.00000000,38.62800000,-120.98400000,2704.00000000,23.74429224,105.00000000,138.00000000,202.00000000,262.00000000,326.00000000,309.00000000,323.00000000,298.00000000,264.00000000,225.00000000,142.00000000,110.00000000
64863,ER Salvage Yard,VT,1,2.80000000,2.10000000,2021.00000000,25.00000000,180.00000000,44.54628000,-72.61194000,2950.00000000,16.03609480,39.00000000,175.00000000,236.00000000,299.00000000,346.00000000,371.00000000,420.00000000,318.00000000,329.00000000,254.00000000,122.00000000,41.00000000
64868,Keeversville Solar CSG,IL,1,2.50000000,2.00000000,2021.00000000,52.00000000,180.00000000,41.25559000,-88.21848000,3250.00000000,18.55022831,84.00000000,242.00000000,298.00000000,341.00000000,451.00000000,429.00000000,170.00000000,382.00000000,325.00000000,306.00000000,117.00000000,105.00000000
64874,PG Solar 1,PA,1,3.60000000,3.00000000,2021.00000000,25.00000000,210.00000000,40.48195900,-80.25307300,4680.00000000,17.80821918,128.00000000,352.00000000,396.00000000,441.00000000,509.00000000,534.00000000,551.00000000,493.00000000,440.00000000,444.00000000,222.00000000,170.00000000
64910,Brighter Future Solar,NC,1,15.70000000,11.00000000,2022.00000000,20.00000000,230.00000000,35.81609400,-81.37165600,16758.00000000,17.39103362,1285.00000000,1517.00000000,1890.00000000,2028.00000000,2097.00000000,2240.00000000,0.00000000,0.00000000,1451.00000000,1897.00000000,1234.00000000,1119.00000000
64918,"NorthropGrummanSolar(Rolling Meadows,IL)",IL,1,1.30000000,1.10000000,2020.00000000,20.00000000,180.00000000,42.09972000,-88.03104100,1588.00000000,16.47986716,17.00000000,113.00000000,134.00000000,157.00000000,207.00000000,197.00000000,197.00000000,181.00000000,158.00000000,134.00000000,54.00000000,39.00000000
64919,FedEx Chicago Solar Facility,IL,1,1.80000000,1.50000000,2020.00000000,20.00000000,180.00000000,41.75393200,-87.78942100,1994.00000000,15.17503805,28.00000000,144.00000000,177.00000000,202.00000000,202.00000000,263.00000000,253.00000000,241.00000000,198.00000000,161.00000000,70.00000000,55.00000000
64967,SV Gardner 1 (Lutz) CSG,IL,1,2.90000000,2.00000000,2021.00000000,52.00000000,180.00000000,41.19504000,-88.30134000,1133.00000000,6.46689498,82.00000000,0.00000000,0.00000000,0.00000000,0.00000000,0.00000000,0.00000000,128.00000000,354.00000000,310.00000000,133.00000000,126.00000000
64971,Pretzel CSG,IL,1,2.40000000,2.00000000,2022.00000000,25.00000000,180.00000000,42.30711900,-89.59809800,2578.00000000,14.71461187,0.00000000,660.00000000,370.00000000,469.00000000,517.00000000,562.00000000,0.00000000,0.00000000,0.00000000,0.00000000,0.00000000,0.00000000
64975,Park St,VT,1,2.40000000,1.80000000,2014.00000000,25.00000000,180.00000000,43.59691300,-72.97043100,2442.00000000,15.48706240,41.00000000,196.00000000,178.00000000,238.00000000,312.00000000,303.00000000,310.00000000,245.00000000,177.00000000,262.00000000,133.00000000,47.00000000
64977,"Torrington Solar One, LLC",CT,1,2.80000000,2.00000000,2021.00000000,30.00000000,180.00000000,41.83019000,-73.07802000,3154.00000000,18.00228311,93.00000000,264.00000000,274.00000000,265.00000000,301.00000000,314.00000000,320.00000000,305.00000000,288.00000000,329.00000000,228.00000000,173.00000000
64978,"Bristol Solar One, LLC",CT,1,4.10000000,3.00000000,2021.00000000,20.00000000,180.00000000,41.69097000,-72.97855000,4867.00000000,18.51978691,161.00000000,414.00000000,428.00000000,427.00000000,479.00000000,545.00000000,507.00000000,435.00000000,419.00000000,449.00000000,353.00000000,250.00000000
64979,"Watertown Solar One, LLC",CT,1,2.80000000,2.00000000,2021.00000000,20.00000000,180.00000000,41.61968000,-73.14844000,2891.00000000,16.50114155,84.00000000,216.00000000,221.00000000,214.00000000,298.00000000,314.00000000,285.00000000,279.00000000,298.00000000,328.00000000,203.00000000,151.00000000
64982,West Plains Solar I,MO,1,10.80000000,8.00000000,2022.00000000,25.00000000,90.00000000,36.78533800,-91.86740100,15570.00000000,22.21746575,846.00000000,1221.00000000,1414.00000000,1401.00000000,1406.00000000,1528.00000000,1537.00000000,1607.00000000,1247.00000000,1563.00000000,998.00000000,802.00000000
64991,Johnson CSG 1,MN,1,1.50000000,1.00000000,2021.00000000,30.00000000,180.00000000,45.48522200,-92.81563900,1765.00000000,20.14840183,45.00000000,132.00000000,178.00000000,158.00000000,197.00000000,181.00000000,211.00000000,186.00000000,214.00000000,166.00000000,72.00000000,25.00000000
64994,Sacramento Point West Medical Offices,CA,1,1.60000000,1.30000000,2020.00000000,7.00000000,245.00000000,38.59631400,-121.42802200,2069.00000000,18.16824728,61.00000000,113.00000000,166.00000000,218.00000000,276.00000000,266.00000000,252.00000000,225.00000000,184.00000000,129.00000000,106.00000000,73.00000000
65002,SSI West Riverside Landfill LLC,CA,1,3.10000000,2.50000000,2020.00000000,17.00000000,180.00000000,33.98060100,-117.37549400,4316.00000000,19.70776256,301.00000000,275.00000000,412.00000000,467.00000000,432.00000000,430.00000000,417.00000000,394.00000000,389.00000000,320.00000000,260.00000000,219.00000000
65005,Albertsons at Melrose Park,IL,1,2.70000000,1.90000000,2021.00000000,10.00000000,179.00000000,41.91687400,-87.85621200,2924.00000000,17.56789233,32.00000000,259.00000000,301.00000000,295.00000000,428.00000000,219.00000000,176.00000000,369.00000000,342.00000000,312.00000000,115.00000000,76.00000000
65013,Marengo Solar,IL,1,2.90000000,2.00000000,2020.00000000,55.00000000,180.00000000,42.25974000,-88.63587000,3877.00000000,22.12899543,44.00000000,263.00000000,290.00000000,353.00000000,488.00000000,468.00000000,479.00000000,468.00000000,433.00000000,365.00000000,130.00000000,96.00000000
65071,Buffalo NY GigaFactory,NY,1,2.40000000,2.00000000,2022.00000000,10.00000000,47.00000000,42.85929700,-78.84180000,1450.00000000,8.27625571,24.00000000,151.00000000,206.00000000,252.00000000,374.00000000,348.00000000,95.00000000,0.00000000,0.00000000,0.00000000,0.00000000,0.00000000
65083,Halifax Solar,MA,1,3.10000000,2.50000000,2015.00000000,20.00000000,180.00000000,41.99527000,-70.84382000,3883.00000000,17.73059361,163.00000000,140.00000000,335.00000000,320.00000000,391.00000000,490.00000000,413.00000000,385.00000000,432.00000000,261.00000000,344.00000000,209.00000000
65085,580 River Solar,MA,1,3.80000000,3.10000000,2018.00000000,20.00000000,180.00000000,42.68076600,-72.07610300,4664.00000000,17.17484166,144.00000000,258.00000000,372.00000000,377.00000000,517.00000000,559.00000000,573.00000000,409.00000000,504.00000000,345.00000000,408.00000000,198.00000000
65092,115 G Fisher,MA,1,1.30000000,1.00000000,2015.00000000,25.00000000,0.00000000,41.87747600,-70.83984000,1476.00000000,16.84931507,58.00000000,97.00000000,125.00000000,145.00000000,160.00000000,153.00000000,148.00000000,155.00000000,135.00000000,132.00000000,99.00000000,69.00000000
65093,154 D Fisher,MA,1,1.30000000,1.00000000,2015.00000000,25.00000000,0.00000000,41.87476000,-70.83984000,1547.00000000,17.65981735,60.00000000,99.00000000,128.00000000,147.00000000,165.00000000,176.00000000,159.00000000,161.00000000,136.00000000,137.00000000,105.00000000,74.00000000
65094,Jackson Legler Solar 1 LLC,NJ,1,4.00000000,2.90000000,2021.00000000,25.00000000,180.00000000,40.06451000,-74.35037000,5130.00000000,20.19367029,101.00000000,409.00000000,474.00000000,495.00000000,480.00000000,543.00000000,561.00000000,538.00000000,407.00000000,517.00000000,349.00000000,256.00000000
65095,Mt Arlington Solar 1 LLC,NJ,1,2.30000000,1.60000000,2021.00000000,25.00000000,180.00000000,40.93207000,-74.62377000,2847.00000000,20.31250000,78.00000000,211.00000000,238.00000000,239.00000000,266.00000000,316.00000000,320.00000000,291.00000000,261.00000000,300.00000000,203.00000000,124.00000000
65112,River Road,ME,1,6.50000000,5.00000000,2022.00000000,25.00000000,180.00000000,44.74111000,-69.76286100,8155.00000000,18.61872146,264.00000000,661.00000000,659.00000000,871.00000000,857.00000000,886.00000000,929.00000000,812.00000000,795.00000000,619.00000000,458.00000000,344.00000000
65127,AES Belleville Solar LLC,IL,1,13.30000000,9.90000000,2021.00000000,15.00000000,2.00000000,38.48720000,-90.01350000,12127.00000000,13.98344172,595.00000000,1197.00000000,0.00000000,175.00000000,1771.00000000,1803.00000000,1681.00000000,1314.00000000,1385.00000000,1646.00000000,560.00000000,0.00000000
65131,Fremont - Kato Rd,CA,2,1.70000000,1.40000000,2017.00000000,2.82352941,335.00000000,37.47918800,-121.93226300,2275.00000000,18.55022831,89.00000000,125.00000000,188.00000000,243.00000000,301.00000000,296.00000000,280.00000000,243.00000000,186.00000000,135.00000000,105.00000000,84.00000000
65135,"ER Bone Hill Solar, LLC",VT,1,1.80000000,1.20000000,2022.00000000,30.00000000,180.00000000,44.12570000,-72.65681000,1920.00000000,18.26484018,26.00000000,142.00000000,156.00000000,186.00000000,207.00000000,205.00000000,246.00000000,208.00000000,218.00000000,182.00000000,97.00000000,47.00000000
65152,Clinton Solar,CT,1,1.20000000,1.00000000,2021.00000000,25.00000000,180.00000000,41.58250000,-71.90180000,1659.00000000,18.93835616,53.00000000,130.00000000,148.00000000,145.00000000,171.00000000,188.00000000,162.00000000,165.00000000,144.00000000,151.00000000,117.00000000,85.00000000
65163,Orioles Community Solar,NY,1,6.40000000,5.60000000,2022.00000000,30.00000000,180.00000000,42.42600000,-73.81700000,7614.00000000,15.52103718,218.00000000,617.00000000,570.00000000,640.00000000,904.00000000,865.00000000,907.00000000,692.00000000,783.00000000,695.00000000,486.00000000,237.00000000
65166,"ER Center Road Solar, LLC",VT,1,2.90000000,2.10000000,2022.00000000,30.00000000,180.00000000,44.50819000,-72.34633000,3161.00000000,17.18308328,43.00000000,209.00000000,249.00000000,314.00000000,353.00000000,377.00000000,420.00000000,340.00000000,370.00000000,296.00000000,148.00000000,42.00000000
65167,Hudson County Solar,NJ,1,1.70000000,1.20000000,2022.00000000,7.00000000,117.00000000,40.72762000,-74.10803000,2037.00000000,19.37785388,51.00000000,110.00000000,172.00000000,201.00000000,235.00000000,271.00000000,264.00000000,218.00000000,177.00000000,168.00000000,99.00000000,71.00000000
65175,"ENGIE 2019 ProjectCo-MA1, LLC",MA,1,5.10000000,4.50000000,2021.00000000,20.00000000,0.00000000,42.04161400,-72.65322400,6368.00000000,16.15423643,136.00000000,472.00000000,577.00000000,610.00000000,724.00000000,751.00000000,683.00000000,655.00000000,600.00000000,575.00000000,375.00000000,210.00000000
65176,"WW-DC Solar 1, LLC",DC,1,1.50000000,1.20000000,2022.00000000,30.00000000,180.00000000,38.82568000,-77.00205000,1246.00000000,11.85312024,38.00000000,83.00000000,106.00000000,142.00000000,149.00000000,197.00000000,176.00000000,144.00000000,70.00000000,70.00000000,41.00000000,30.00000000
65177,Donaghy-Stockton,CA,1,1.60000000,1.10000000,2021.00000000,10.00000000,180.00000000,37.90952300,-121.19489300,2154.00000000,22.35367372,81.00000000,123.00000000,184.00000000,226.00000000,279.00000000,257.00000000,247.00000000,225.00000000,196.00000000,146.00000000,110.00000000,80.00000000
65178,Mtn. Solar 4 (CSG),CO,1,2.00000000,1.50000000,2021.00000000,52.00000000,0.00000000,39.72758600,-105.11305700,3582.00000000,27.26027397,181.00000000,255.00000000,324.00000000,326.00000000,377.00000000,327.00000000,418.00000000,355.00000000,364.00000000,297.00000000,179.00000000,179.00000000
65184,Holliston LLC,MA,1,1.90000000,1.50000000,2020.00000000,10.00000000,33.00000000,42.21179000,-71.41335000,1999.00000000,15.21308980,37.00000000,127.00000000,166.00000000,201.00000000,237.00000000,248.00000000,245.00000000,221.00000000,177.00000000,163.00000000,110.00000000,67.00000000
65187,Broadway 3 - UCSB Lot 38,CA,1,1.90000000,1.80000000,2016.00000000,10.00000000,180.00000000,34.41974000,-119.85637000,2620.00000000,16.61593100,170.00000000,167.00000000,262.00000000,260.00000000,240.00000000,264.00000000,297.00000000,286.00000000,215.00000000,180.00000000,150.00000000,129.00000000
65188,Broadway 4 - Target Shafter,CA,1,2.10000000,1.60000000,2018.00000000,10.00000000,180.00000000,35.46331000,-119.18912000,2963.00000000,21.14012557,158.00000000,211.00000000,288.00000000,329.00000000,397.00000000,352.00000000,309.00000000,269.00000000,209.00000000,168.00000000,154.00000000,119.00000000
65216,Woburn,MA,1,1.70000000,1.30000000,2020.00000000,10.00000000,150.00000000,42.51130000,-71.13911000,2066.00000000,18.14190376,47.00000000,146.00000000,169.00000000,200.00000000,227.00000000,257.00000000,259.00000000,219.00000000,189.00000000,163.00000000,117.00000000,73.00000000
65222,County Road 17 (CSG),NY,1,4.50000000,3.30000000,2022.00000000,25.00000000,180.00000000,42.27842000,-75.54150000,5232.00000000,18.09879618,436.00000000,436.00000000,436.00000000,436.00000000,436.00000000,436.00000000,436.00000000,436.00000000,436.00000000,436.00000000,436.00000000,436.00000000
65227,"Ameresco Danville Solar, LLC",IL,1,2.60000000,2.00000000,2021.00000000,25.00000000,180.00000000,40.10351000,-87.64977000,3594.00000000,20.51369863,118.00000000,285.00000000,334.00000000,327.00000000,381.00000000,381.00000000,402.00000000,335.00000000,358.00000000,358.00000000,165.00000000,150.00000000
65228,Red Prairie Solar,OR,1,3.10000000,2.20000000,2021.00000000,25.00000000,180.00000000,45.08738900,-123.41736100,4123.00000000,21.39373184,91.00000000,191.00000000,331.00000000,416.00000000,512.00000000,524.00000000,599.00000000,492.00000000,415.00000000,318.00000000,129.00000000,105.00000000
65229,OK Produce Fresno Carport,CA,1,2.50000000,2.00000000,2019.00000000,7.00000000,180.00000000,36.72348800,-119.77441100,3561.00000000,20.32534247,135.00000000,209.00000000,326.00000000,395.00000000,483.00000000,453.00000000,419.00000000,365.00000000,278.00000000,214.00000000,165.00000000,119.00000000
65232,Chambers 3 - Lewis County,NY,1,2.50000000,2.00000000,2018.00000000,30.00000000,180.00000000,43.78013000,-75.49986000,2906.00000000,16.58675799,39.00000000,238.00000000,267.00000000,281.00000000,358.00000000,318.00000000,359.00000000,293.00000000,329.00000000,268.00000000,130.00000000,26.00000000
65233,Chambers 3 - Erie County Alden,NY,1,2.50000000,2.00000000,2018.00000000,30.00000000,180.00000000,42.93284000,-78.55716000,2692.00000000,15.36529680,20.00000000,198.00000000,253.00000000,250.00000000,354.00000000,271.00000000,314.00000000,255.00000000,292.00000000,276.00000000,144.00000000,65.00000000
65238,Chambers 4 - Eastvale LGB3,CA,1,3.50000000,2.40000000,2019.00000000,10.00000000,180.00000000,33.99848000,-117.55289000,3935.00000000,18.71670472,245.00000000,226.00000000,338.00000000,346.00000000,393.00000000,441.00000000,420.00000000,366.00000000,269.00000000,307.00000000,329.00000000,255.00000000
65251,Chambers 4 - Redland LGB4,CA,1,2.80000000,1.90000000,2019.00000000,10.40000000,180.00000000,34.08041000,-117.20138000,1428.00000000,8.57966835,0.00000000,0.00000000,0.00000000,0.00000000,0.00000000,0.00000000,0.00000000,247.00000000,334.00000000,340.00000000,278.00000000,229.00000000
65253,Chambers 4 - Rialto LGB8,CA,1,3.20000000,2.20000000,2018.00000000,10.00000000,180.00000000,34.12937000,-117.40554000,4266.00000000,22.13574097,294.00000000,260.00000000,346.00000000,431.00000000,460.00000000,459.00000000,427.00000000,397.00000000,363.00000000,325.00000000,273.00000000,231.00000000
65254,Chambers 4 - Sacramento SMF1,CA,1,3.50000000,2.70000000,2018.00000000,10.00000000,180.00000000,38.68251000,-121.57434000,2279.00000000,9.63554879,92.00000000,130.00000000,192.00000000,230.00000000,269.00000000,248.00000000,232.00000000,226.00000000,249.00000000,216.00000000,119.00000000,76.00000000
65257,Lineage MS,MS,1,1.50000000,1.20000000,2021.00000000,25.00000000,180.00000000,32.25437900,-90.15538000,625.00000000,5.94558600,102.00000000,112.00000000,122.00000000,139.00000000,150.00000000,0.00000000,0.00000000,0.00000000,0.00000000,0.00000000,0.00000000,0.00000000
65258,Wapakoneta-Pratt,OH,1,17.30000000,13.50000000,2021.00000000,25.00000000,180.00000000,40.54400000,-84.18700000,23657.00000000,20.00422797,682.00000000,1771.00000000,1930.00000000,2248.00000000,2315.00000000,2701.00000000,2734.00000000,2649.00000000,2208.00000000,2397.00000000,1118.00000000,904.00000000
65279,Fairhaven E,MA,1,2.80000000,2.00000000,2021.00000000,20.00000000,180.00000000,42.64200000,-72.89600000,3426.00000000,19.55479452,129.00000000,173.00000000,259.00000000,271.00000000,412.00000000,407.00000000,382.00000000,363.00000000,301.00000000,320.00000000,263.00000000,146.00000000
65280,601 Doremus CDG,NJ,1,2.00000000,1.50000000,2021.00000000,10.00000000,207.00000000,40.73196600,-74.12048600,2247.00000000,17.10045662,62.00000000,130.00000000,198.00000000,218.00000000,238.00000000,270.00000000,279.00000000,229.00000000,199.00000000,197.00000000,130.00000000,97.00000000
65281,Bomber CSG,MD,1,9.20000000,6.00000000,2021.00000000,10.00000000,143.00000000,39.59902000,-76.85260000,9238.00000000,17.57610350,287.00000000,619.00000000,849.00000000,586.00000000,863.00000000,1168.00000000,1132.00000000,1014.00000000,781.00000000,922.00000000,583.00000000,434.00000000
65287,Barrow Solar,CT,1,2.50000000,2.00000000,2021.00000000,25.00000000,180.00000000,42.03263000,-72.50491000,3305.00000000,18.86415525,87.00000000,266.00000000,287.00000000,294.00000000,350.00000000,377.00000000,364.00000000,313.00000000,298.00000000,304.00000000,215.00000000,150.00000000
65289,5601 Westside CDG,NJ,1,2.00000000,1.50000000,2021.00000000,10.00000000,206.00000000,40.77957000,-74.04182000,2306.00000000,17.54946728,62.00000000,132.00000000,201.00000000,221.00000000,258.00000000,294.00000000,289.00000000,238.00000000,199.00000000,195.00000000,123.00000000,94.00000000
65297,DOCCS Midstate,NY,1,5.00000000,3.80000000,2021.00000000,20.00000000,180.00000000,43.16403300,-75.30408700,5547.00000000,16.66366258,89.00000000,253.00000000,437.00000000,510.00000000,705.00000000,659.00000000,775.00000000,595.00000000,638.00000000,514.00000000,282.00000000,90.00000000
65298,DOCCS Eastern,NY,1,7.00000000,5.00000000,2021.00000000,25.00000000,205.00000000,41.73892800,-74.36862600,8743.00000000,19.96118721,245.00000000,722.00000000,725.00000000,722.00000000,909.00000000,931.00000000,972.00000000,819.00000000,851.00000000,875.00000000,594.00000000,378.00000000
65299,DOCCS Wende,NY,1,7.00000000,5.00000000,2021.00000000,30.00000000,180.00000000,42.92998200,-78.55481000,7843.00000000,17.90639269,95.00000000,498.00000000,684.00000000,685.00000000,969.00000000,897.00000000,1039.00000000,838.00000000,831.00000000,748.00000000,407.00000000,152.00000000
65300,DOCCS Greenhaven,NY,1,5.00000000,3.70000000,2021.00000000,25.00000000,180.00000000,41.57841500,-73.72058000,6292.00000000,19.41256325,163.00000000,479.00000000,526.00000000,536.00000000,680.00000000,719.00000000,673.00000000,628.00000000,583.00000000,568.00000000,442.00000000,295.00000000
65324,Hollins Ferry CSG,MD,1,2.10000000,1.50000000,2021.00000000,10.00000000,180.00000000,39.22575200,-76.68808000,2443.00000000,18.59208524,65.00000000,178.00000000,219.00000000,226.00000000,232.00000000,304.00000000,287.00000000,262.00000000,196.00000000,224.00000000,143.00000000,107.00000000
65329,Mount Laurel Solar,NJ,1,2.90000000,2.50000000,2020.00000000,25.00000000,173.00000000,39.97557900,-74.88871600,3656.00000000,16.69406393,116.00000000,296.00000000,340.00000000,336.00000000,341.00000000,433.00000000,392.00000000,349.00000000,299.00000000,361.00000000,236.00000000,157.00000000
65330,"8500 Balboa PV, LLC",CA,2,4.00000000,3.20000000,2022.00000000,15.00000000,180.00000000,34.22379000,-118.49974000,3566.00000000,12.72117580,201.00000000,197.00000000,315.00000000,355.00000000,365.00000000,419.00000000,447.00000000,394.00000000,307.00000000,229.00000000,181.00000000,156.00000000
65331,"20333 Normandie PV, LLC",CA,1,3.20000000,2.60000000,2021.00000000,15.00000000,180.00000000,33.84614000,-118.30019000,5294.00000000,23.24376537,314.00000000,291.00000000,472.00000000,529.00000000,486.00000000,526.00000000,588.00000000,563.00000000,473.00000000,431.00000000,353.00000000,268.00000000
65352,MacKinnon Solar,VT,1,3.20000000,2.20000000,2021.00000000,18.00000000,180.00000000,43.57860000,-72.95730000,3406.00000000,17.67330843,50.00000000,257.00000000,218.00000000,339.00000000,440.00000000,426.00000000,434.00000000,338.00000000,330.00000000,320.00000000,183.00000000,71.00000000
65353,McHenry Solar,CT,1,1.20000000,1.00000000,2021.00000000,25.00000000,180.00000000,41.77000000,-72.08020000,1584.00000000,18.08219178,39.00000000,117.00000000,146.00000000,143.00000000,166.00000000,188.00000000,164.00000000,158.00000000,141.00000000,145.00000000,110.00000000,67.00000000
65357,OER Monarch CSG,MD,1,2.80000000,2.00000000,2021.00000000,25.00000000,0.00000000,38.79959400,-76.78948200,3578.00000000,20.42237443,147.00000000,291.00000000,329.00000000,333.00000000,338.00000000,440.00000000,373.00000000,299.00000000,287.00000000,314.00000000,247.00000000,180.00000000
65359,Shepherds Mill CSG,MD,1,2.80000000,2.00000000,2021.00000000,20.00000000,0.00000000,39.56230500,-77.16177100,3291.00000000,18.78424658,96.00000000,253.00000000,306.00000000,310.00000000,313.00000000,387.00000000,374.00000000,339.00000000,260.00000000,307.00000000,206.00000000,140.00000000
65368,Linden Hawk Rise Solar CSG,NJ,1,4.50000000,4.00000000,2021.00000000,25.00000000,0.00000000,40.60395000,-74.24549000,6244.00000000,17.81963470,175.00000000,421.00000000,540.00000000,607.00000000,654.00000000,775.00000000,666.00000000,645.00000000,556.00000000,537.00000000,386.00000000,282.00000000
65370,BWC Maces Pond LLC,ME,1,4.30000000,3.50000000,2021.00000000,25.00000000,0.00000000,44.17362000,-69.12333000,5023.00000000,16.38290933,116.00000000,377.00000000,384.00000000,573.00000000,602.00000000,592.00000000,543.00000000,435.00000000,540.00000000,425.00000000,260.00000000,176.00000000
65384,Rancho Cordova Medical Offices,CA,1,1.30000000,1.10000000,2021.00000000,20.00000000,180.00000000,38.57657100,-121.29103500,2042.00000000,21.19136571,81.00000000,122.00000000,166.00000000,205.00000000,240.00000000,233.00000000,221.00000000,211.00000000,203.00000000,167.00000000,115.00000000,78.00000000
65385,Airport Road Solar (CSG),NY,1,3.60000000,3.40000000,2022.00000000,25.00000000,180.00000000,41.42827000,-74.39665000,8902.00000000,29.88853075,370.00000000,313.00000000,715.00000000,673.00000000,781.00000000,913.00000000,980.00000000,976.00000000,902.00000000,745.00000000,854.00000000,680.00000000
65387,Holland Solar Farm,NJ,1,8.00000000,6.70000000,2022.00000000,10.00000000,180.00000000,40.61900000,-75.15500000,9453.00000000,16.10611327,184.00000000,533.00000000,848.00000000,954.00000000,1039.00000000,1204.00000000,1215.00000000,1004.00000000,847.00000000,876.00000000,487.00000000,262.00000000
65413,"SCS West Fairchild 011958 Danville, LLC",IL,1,2.30000000,1.60000000,2021.00000000,20.00000000,180.00000000,40.14056400,-87.65049400,2876.00000000,20.51940639,77.00000000,215.00000000,270.00000000,269.00000000,317.00000000,320.00000000,320.00000000,328.00000000,270.00000000,269.00000000,122.00000000,99.00000000
65414,"SCS Plainfield 011755 Naperville, LLC",IL,1,1.30000000,1.00000000,2021.00000000,20.00000000,180.00000000,41.69963000,-88.16644000,1775.00000000,20.26255708,38.00000000,151.00000000,156.00000000,161.00000000,209.00000000,196.00000000,197.00000000,191.00000000,175.00000000,171.00000000,72.00000000,58.00000000
65418,"SCS Randolph 012175 Somerset, LLC",NJ,1,2.90000000,2.30000000,2021.00000000,10.00000000,180.00000000,40.54009000,-74.55879900,2461.00000000,12.21461187,91.00000000,196.00000000,326.00000000,351.00000000,346.00000000,145.00000000,131.00000000,368.00000000,156.00000000,170.00000000,109.00000000,72.00000000
65447,CA-Ventura Co CCD-Oxnard College Canopy,CA,1,1.80000000,1.50000000,2022.00000000,7.00000000,270.00000000,34.16590500,-119.15676500,2720.00000000,20.70015221,171.00000000,179.00000000,257.00000000,254.00000000,229.00000000,260.00000000,296.00000000,300.00000000,252.00000000,206.00000000,174.00000000,142.00000000
65448,SolarClub 10 LLC,MN,1,1.40000000,1.00000000,2020.00000000,52.00000000,180.00000000,45.27300000,-93.83000000,2117.00000000,24.16666667,55.00000000,143.00000000,205.00000000,199.00000000,260.00000000,241.00000000,274.00000000,207.00000000,245.00000000,163.00000000,74.00000000,51.00000000
65449,SolarClub 15 LLC,MN,1,1.40000000,1.00000000,2020.00000000,52.00000000,180.00000000,45.43000000,-94.02600000,2103.00000000,24.00684932,51.00000000,127.00000000,193.00000000,202.00000000,259.00000000,243.00000000,279.00000000,233.00000000,241.00000000,155.00000000,71.00000000,49.00000000
65450,NY - PANYNJ - LaGuardia - Rooftop,NY,1,1.30000000,1.00000000,2022.00000000,10.40000000,256.00000000,40.77298200,-73.87472200,999.00000000,11.40410959,32.00000000,87.00000000,102.00000000,57.00000000,22.00000000,0.00000000,105.00000000,171.00000000,145.00000000,134.00000000,82.00000000,62.00000000
65451,SolarClub 20 LLC,MN,1,1.40000000,1.00000000,2020.00000000,52.00000000,180.00000000,44.36800000,-92.02800000,2109.00000000,24.07534247,53.00000000,145.00000000,198.00000000,182.00000000,249.00000000,226.00000000,270.00000000,246.00000000,241.00000000,177.00000000,71.00000000,51.00000000
65452,SolarClub 23 LLC,MN,1,1.40000000,1.00000000,2020.00000000,52.00000000,180.00000000,43.86600000,-91.32300000,2204.00000000,25.15981735,72.00000000,164.00000000,199.00000000,186.00000000,249.00000000,233.00000000,278.00000000,257.00000000,241.00000000,192.00000000,75.00000000,58.00000000
65453,SolarClub 28 LLC,MN,1,1.40000000,1.00000000,2020.00000000,52.00000000,180.00000000,44.54300000,-94.22600000,2186.00000000,24.95433790,78.00000000,150.00000000,198.00000000,196.00000000,258.00000000,237.00000000,269.00000000,230.00000000,248.00000000,179.00000000,85.00000000,58.00000000
65455,SolarClub 35 LLC,MN,1,1.40000000,1.00000000,2020.00000000,52.00000000,180.00000000,44.10100000,-94.07700000,2149.00000000,24.53196347,59.00000000,145.00000000,200.00000000,201.00000000,260.00000000,223.00000000,270.00000000,225.00000000,245.00000000,180.00000000,84.00000000,57.00000000
65460,Hartland Solar,ME,1,5.80000000,4.00000000,2021.00000000,30.00000000,180.00000000,44.85045000,-69.45384000,6923.00000000,19.75742009,211.00000000,543.00000000,534.00000000,730.00000000,738.00000000,754.00000000,797.00000000,751.00000000,717.00000000,561.00000000,321.00000000,266.00000000
65461,Unity Solar,ME,1,6.50000000,5.00000000,2021.00000000,30.00000000,180.00000000,44.59800000,-69.35700000,7650.54000000,17.46698630,217.00000000,617.00000000,604.00000000,827.00000000,841.00000000,841.00000000,916.00000000,836.00000000,794.00000000,637.00000000,342.54000000,178.00000000
65464,"Laredo Detention Facility - Solar 2, 3",CA,2,6.70000000,5.20000000,2021.00000000,10.00000000,180.00000000,35.51094200,-119.10994100,5087.00000000,11.16745697,466.00000000,82.00000000,35.00000000,30.00000000,809.00000000,1234.00000000,428.00000000,588.00000000,440.00000000,342.00000000,268.00000000,365.00000000
65465,Cinnaminson Landfill Solar,NJ,1,13.00000000,10.00000000,2019.00000000,15.00000000,180.00000000,40.01583000,-74.98355000,16693.00000000,19.05593607,475.00000000,1208.00000000,1512.00000000,1570.00000000,1579.00000000,2077.00000000,1924.00000000,1714.00000000,1409.00000000,1601.00000000,1010.00000000,614.00000000
65466,Kinsley II Landfill Solar System,NJ,1,4.80000000,3.80000000,2020.00000000,9.00000000,180.00000000,39.79271000,-75.11138000,5851.00000000,17.57690459,165.00000000,422.00000000,525.00000000,550.00000000,559.00000000,750.00000000,667.00000000,596.00000000,491.00000000,538.00000000,341.00000000,247.00000000
65467,Pennsauken Brownfield Solar,NJ,1,15.20000000,12.00000000,2019.00000000,5.00000000,180.00000000,39.96307000,-75.07949000,15892.00000000,15.11796043,397.00000000,1125.00000000,1438.00000000,1660.00000000,1351.00000000,2260.00000000,1717.00000000,1762.00000000,1460.00000000,1355.00000000,785.00000000,582.00000000
65473,"GD Johnson Scituate I, LLC",RI,1,4.70000000,4.30000000,2021.00000000,25.00000000,180.00000000,41.80712900,-71.50537900,5716.00000000,15.17468408,171.00000000,449.00000000,547.00000000,560.00000000,595.00000000,417.00000000,634.00000000,641.00000000,527.00000000,539.00000000,384.00000000,252.00000000
65474,"GDIM 1, LLC",RI,1,12.60000000,9.60000000,2021.00000000,20.00000000,180.00000000,41.96667800,-71.52599300,14173.00000000,16.85335807,330.00000000,956.00000000,1374.00000000,1323.00000000,1355.00000000,1575.00000000,1179.00000000,1424.00000000,1310.00000000,1453.00000000,1157.00000000,737.00000000
65475,"GDIM 2, LLC",RI,1,11.50000000,9.60000000,2021.00000000,20.00000000,180.00000000,41.96731400,-71.51960600,12641.00000000,15.03163052,332.00000000,994.00000000,1261.00000000,1174.00000000,1311.00000000,1375.00000000,1092.00000000,1225.00000000,1072.00000000,1223.00000000,969.00000000,613.00000000
65476,"GDIM 3, LLC",RI,1,13.00000000,9.60000000,2021.00000000,20.00000000,180.00000000,41.96306600,-71.51692900,14716.00000000,17.49904871,428.00000000,1179.00000000,1389.00000000,1360.00000000,1522.00000000,1611.00000000,1382.00000000,1356.00000000,1142.00000000,1428.00000000,1160.00000000,759.00000000
65477,"GDIM 4, LLC",RI,1,12.20000000,9.60000000,2021.00000000,20.00000000,180.00000000,41.96306600,-71.51692900,14239.00000000,16.93183980,346.00000000,1148.00000000,1351.00000000,1334.00000000,1484.00000000,1552.00000000,1381.00000000,1417.00000000,1240.00000000,1360.00000000,1002.00000000,624.00000000
65485,Graniterock Quarry,CA,1,5.70000000,4.40000000,2022.00000000,25.00000000,200.00000000,36.87816400,-121.60280000,8909.00000000,23.11384392,398.00000000,555.00000000,752.00000000,900.00000000,1005.00000000,1026.00000000,976.00000000,915.00000000,808.00000000,635.00000000,537.00000000,402.00000000
65487,"Washington Avenue Solar, LLC",NY,1,6.10000000,4.60000000,2020.00000000,25.00000000,180.00000000,42.82155200,-73.94991100,4246.00000000,10.53702601,0.00000000,0.00000000,0.00000000,0.00000000,42.00000000,808.00000000,864.00000000,598.00000000,694.00000000,727.00000000,400.00000000,113.00000000
65497,Garden 1 Solar Park,MI,1,1.10000000,0.90000000,2016.00000000,30.00000000,180.00000000,45.79623900,-86.53461400,1193.00000000,15.13191273,20.00000000,58.00000000,101.00000000,116.00000000,142.00000000,114.00000000,134.00000000,112.00000000,221.00000000,109.00000000,43.00000000,23.00000000
65508,Mendota Rich Dev CSG,IL,1,2.70000000,2.00000000,2022.00000000,55.00000000,180.00000000,41.54133900,-89.14808000,3905.00000000,22.28881279,118.00000000,292.00000000,332.00000000,531.00000000,524.00000000,560.00000000,490.00000000,360.00000000,240.00000000,238.00000000,110.00000000,110.00000000
65510,Sierra Pacific Chinese Camp,CA,1,4.78000000,3.60000000,2022.00000000,20.00000000,174.60000000,37.88339300,-120.45443300,4563.00000000,14.46917808,215.00000000,263.00000000,382.00000000,459.00000000,555.00000000,524.00000000,509.00000000,487.00000000,398.00000000,340.00000000,239.00000000,192.00000000
65549,Trent River Farm,NC,1,7.20000000,5.00000000,2018.00000000,20.00000000,180.00000000,35.05958200,-77.18659400,7782.00000000,17.76712329,865.00000000,740.00000000,841.00000000,879.00000000,261.00000000,-3.00000000,607.00000000,818.00000000,702.00000000,866.00000000,625.00000000,581.00000000
65550,Tinker (NC),NC,1,6.60000000,4.80000000,2018.00000000,20.00000000,180.00000000,35.68826800,-79.13692100,8193.00000000,19.48487443,775.00000000,371.00000000,691.00000000,744.00000000,772.00000000,850.00000000,760.00000000,788.00000000,618.00000000,773.00000000,541.00000000,510.00000000
65551,Sneads Grove,NC,1,7.20000000,5.00000000,2018.00000000,20.00000000,180.00000000,34.79217000,-79.46581400,10151.00000000,23.17579909,927.00000000,740.00000000,870.00000000,920.00000000,914.00000000,1006.00000000,926.00000000,905.00000000,729.00000000,928.00000000,644.00000000,642.00000000
65552,Henry Farm,NC,1,6.80000000,5.00000000,2017.00000000,20.00000000,180.00000000,35.85961800,-79.57790700,9117.00000000,20.81506849,829.00000000,668.00000000,785.00000000,836.00000000,846.00000000,914.00000000,830.00000000,885.00000000,653.00000000,829.00000000,545.00000000,497.00000000
65553,Kalish Farm Solar,NC,1,6.80000000,5.00000000,2018.00000000,20.00000000,180.00000000,35.30817600,-79.72054400,9066.00000000,20.69863014,837.00000000,680.00000000,650.00000000,854.00000000,889.00000000,862.00000000,809.00000000,910.00000000,638.00000000,838.00000000,574.00000000,525.00000000
65555,Peake Road,NC,1,6.90000000,5.00000000,2019.00000000,20.00000000,180.00000000,36.27181900,-78.65399700,9425.00000000,21.51826484,771.00000000,608.00000000,841.00000000,810.00000000,921.00000000,992.00000000,859.00000000,938.00000000,704.00000000,772.00000000,637.00000000,572.00000000
65556,Seagrove,NC,1,6.20000000,4.50000000,2019.00000000,20.00000000,180.00000000,35.53242700,-79.78763400,8850.00000000,22.45053272,818.00000000,648.00000000,741.00000000,796.00000000,811.00000000,884.00000000,824.00000000,852.00000000,620.00000000,819.00000000,523.00000000,514.00000000
65559,Nolan,MA,1,1.50000000,1.00000000,2017.00000000,25.00000000,180.00000000,42.23864900,-73.36161700,1520.00000000,17.35159817,156.00000000,125.00000000,129.00000000,150.00000000,191.00000000,133.00000000,78.00000000,138.00000000,115.00000000,157.00000000,94.00000000,54.00000000
65560,Truck Stop,MA,1,3.00000000,2.00000000,2017.00000000,25.00000000,180.00000000,42.34106300,-73.39668100,2790.00000000,15.92465753,291.00000000,249.00000000,204.00000000,212.00000000,377.00000000,257.00000000,76.00000000,303.00000000,327.00000000,291.00000000,142.00000000,61.00000000
65564,Calibrant Bakersfield LLC,CA,1,1.70000000,1.30000000,2022.00000000,0.00000000,0.00000000,35.44208500,-119.09321400,3868.00000000,33.96557780,32.00000000,263.00000000,296.00000000,385.00000000,430.00000000,440.00000000,476.00000000,418.00000000,400.00000000,324.00000000,230.00000000,174.00000000
65566,Bradford Solar,MA,1,5.90000000,5.00000000,2017.00000000,25.00000000,180.00000000,42.75115300,-71.09444700,7580.00000000,17.30593607,602.00000000,557.00000000,599.00000000,692.00000000,773.00000000,798.00000000,803.00000000,732.00000000,673.00000000,598.00000000,446.00000000,307.00000000
65583,"Richlands Solar, LLC",NC,1,2.70000000,1.90000000,2021.00000000,25.00000000,180.00000000,34.78464400,-77.63794300,3422.00000000,20.55996155,246.00000000,290.00000000,323.00000000,346.00000000,347.00000000,340.00000000,311.00000000,264.00000000,242.00000000,266.00000000,212.00000000,235.00000000
65584,"Cruise Solar, LLC",NC,1,2.70000000,1.90000000,2021.00000000,25.00000000,180.00000000,34.69193000,-77.54355900,3655.00000000,21.95986542,263.00000000,289.00000000,319.00000000,346.00000000,347.00000000,359.00000000,312.00000000,323.00000000,265.00000000,348.00000000,245.00000000,239.00000000
65585,Whatley Renewables,MA,1,1.20000000,1.00000000,2020.00000000,30.00000000,180.00000000,42.44461400,-72.60962900,1762.00000000,20.11415525,52.00000000,146.00000000,153.00000000,147.00000000,176.00000000,180.00000000,194.00000000,166.00000000,167.00000000,168.00000000,122.00000000,91.00000000
65586,Wachusett Solar,MA,1,2.60000000,2.00000000,2019.00000000,25.00000000,180.00000000,42.48392000,-71.71081000,3553.00000000,20.27968037,92.00000000,285.00000000,300.00000000,319.00000000,361.00000000,400.00000000,391.00000000,346.00000000,327.00000000,330.00000000,250.00000000,152.00000000
65587,RT32 Westerlo Solar 1,NY,1,7.00000000,5.00000000,2020.00000000,25.00000000,210.00000000,42.44623000,-74.01607000,8332.00000000,19.02283105,251.00000000,623.00000000,638.00000000,696.00000000,937.00000000,928.00000000,983.00000000,776.00000000,842.00000000,826.00000000,517.00000000,315.00000000
65595,Hormel CSG Solar,MN,1,1.40000000,1.00000000,2022.00000000,15.00000000,180.00000000,44.95300000,-95.69700000,1745.00000000,19.92009132,46.00000000,101.00000000,158.00000000,173.00000000,210.00000000,172.00000000,218.00000000,186.00000000,209.00000000,150.00000000,73.00000000,49.00000000
65610,MO32 (CSG),MD,1,2.50000000,2.00000000,2022.00000000,25.00000000,180.00000000,39.11939100,-76.95975800,3451.30000000,19.69920091,121.00000000,267.30000000,312.00000000,307.00000000,320.00000000,405.00000000,367.00000000,348.00000000,275.00000000,343.00000000,223.00000000,163.00000000
65611,MO33 CSG,MD,1,2.40000000,2.00000000,2022.00000000,25.00000000,165.00000000,39.18781200,-77.11986400,3269.00000000,18.65867580,110.00000000,208.00000000,301.00000000,295.00000000,311.00000000,393.00000000,357.00000000,336.00000000,272.00000000,327.00000000,205.00000000,154.00000000
65612,Snowden River CSG,MD,1,2.60000000,1.90000000,2021.00000000,10.00000000,173.00000000,39.17536400,-76.83737300,3189.00000000,19.16005768,95.00000000,232.00000000,286.00000000,297.00000000,312.00000000,404.00000000,374.00000000,328.00000000,245.00000000,291.00000000,187.00000000,138.00000000
65613,JB-Tobin 2,NY,1,2.10000000,1.60000000,2021.00000000,20.00000000,180.00000000,41.68963000,-73.80517000,1943.00000000,13.86272831,37.00000000,154.00000000,178.00000000,205.00000000,269.00000000,202.00000000,238.00000000,190.00000000,181.00000000,173.00000000,93.00000000,23.00000000
65619,ER Sand Hill,VT,1,3.10000000,2.20000000,2022.00000000,30.00000000,180.00000000,43.60689000,-73.18995000,3582.00000000,18.58655044,74.00000000,274.00000000,277.00000000,332.00000000,427.00000000,410.00000000,431.00000000,362.00000000,365.00000000,323.00000000,209.00000000,98.00000000
65620,100 Lower,NY,1,2.90000000,2.00000000,2020.00000000,25.00000000,180.00000000,41.29400000,-74.53900000,3403.00000000,19.42351598,76.00000000,257.00000000,301.00000000,309.00000000,376.00000000,406.00000000,384.00000000,334.00000000,319.00000000,348.00000000,191.00000000,102.00000000
65621,456 Lower,NY,1,1.70000000,1.40000000,2020.00000000,25.00000000,180.00000000,41.31100000,-74.52200000,2317.00000000,18.89269406,65.00000000,186.00000000,204.00000000,200.00000000,234.00000000,253.00000000,253.00000000,224.00000000,212.00000000,237.00000000,154.00000000,95.00000000
65622,Absegami,NJ,1,2.80000000,2.10000000,2021.00000000,5.00000000,180.00000000,39.48000000,-74.51600000,3258.00000000,17.71037182,111.00000000,188.00000000,205.00000000,303.00000000,282.00000000,452.00000000,413.00000000,371.00000000,291.00000000,303.00000000,190.00000000,149.00000000
65623,Cedar Creek (NJ),NJ,1,2.00000000,1.60000000,2021.00000000,5.00000000,180.00000000,39.55100000,-74.62700000,2230.00000000,15.91038813,72.00000000,164.00000000,50.00000000,168.00000000,244.00000000,326.00000000,286.00000000,265.00000000,203.00000000,217.00000000,133.00000000,102.00000000
65624,Union Springs 40,NY,1,7.50000000,5.00000000,2022.00000000,25.00000000,0.00000000,42.85000000,-76.65000000,8776.00000000,20.03652968,183.00000000,602.00000000,737.00000000,725.00000000,1045.00000000,1000.00000000,1146.00000000,950.00000000,895.00000000,815.00000000,441.00000000,237.00000000
65625,Union Springs 963,NY,1,7.40000000,5.00000000,2022.00000000,26.00000000,0.00000000,42.85000000,-76.65000000,8367.00000000,19.10273973,0.00000000,341.00000000,736.00000000,733.00000000,1054.00000000,1006.00000000,1139.00000000,958.00000000,904.00000000,819.00000000,440.00000000,237.00000000
65626,North Eagle Village Solar,NY,1,7.50000000,5.00000000,2022.00000000,25.00000000,0.00000000,43.05000000,-75.95000000,8024.00000000,18.31963470,136.00000000,550.00000000,604.00000000,715.00000000,1010.00000000,934.00000000,1062.00000000,775.00000000,866.00000000,741.00000000,396.00000000,235.00000000
65627,Green Lakes Solar,NY,1,7.40000000,5.00000000,2022.00000000,25.00000000,0.00000000,43.05000000,-75.95000000,6234.00000000,14.23287671,82.00000000,336.00000000,453.00000000,474.00000000,660.00000000,595.00000000,700.00000000,679.00000000,879.00000000,763.00000000,416.00000000,197.00000000
65628,Judd Road Solar,NY,1,7.50000000,5.00000000,2022.00000000,25.00000000,0.00000000,43.15000000,-75.35000000,8593.00000000,19.61872146,171.00000000,615.00000000,691.00000000,739.00000000,1025.00000000,959.00000000,1116.00000000,888.00000000,945.00000000,791.00000000,462.00000000,191.00000000
65632,MN CSG 2019-38 DE LLC,MN,1,1.80000000,1.00000000,2022.00000000,1.00000000,180.00000000,44.31640300,-93.89424200,2354.00000000,26.87214612,79.00000000,146.00000000,212.00000000,212.00000000,272.00000000,259.00000000,291.00000000,257.00000000,263.00000000,202.00000000,99.00000000,62.00000000
65636,Dartmouth Farms Solar,MA,2,5.70000000,4.30000000,2020.00000000,27.36842105,180.00000000,41.66280000,-71.00347000,3629.00000000,9.63417224,149.00000000,263.00000000,308.00000000,321.00000000,355.00000000,406.00000000,340.00000000,374.00000000,314.00000000,339.00000000,266.00000000,194.00000000
65637,Foster Solar,RI,1,1.20000000,1.20000000,2016.00000000,30.00000000,180.00000000,41.84242000,-71.71459000,1529.00000000,14.54528158,45.00000000,118.00000000,147.00000000,148.00000000,143.00000000,130.00000000,154.00000000,161.00000000,140.00000000,147.00000000,119.00000000,77.00000000
65643,Castleton,NY,1,7.20000000,5.00000000,2021.00000000,25.00000000,180.00000000,42.52300000,-73.70300000,8051.00000000,18.38127854,140.00000000,649.00000000,634.00000000,630.00000000,1017.00000000,980.00000000,1064.00000000,820.00000000,767.00000000,801.00000000,398.00000000,151.00000000
65647,Croton Solar,NY,1,4.00000000,3.00000000,2021.00000000,25.00000000,182.00000000,41.28040400,-73.86757500,5032.00000000,19.14764079,172.00000000,321.00000000,270.00000000,486.00000000,571.00000000,624.00000000,624.00000000,547.00000000,487.00000000,534.00000000,148.00000000,248.00000000
65652,Niagara Bottling - Rialto,CA,1,5.20000000,4.20000000,2021.00000000,10.00000000,180.00000000,34.12609400,-117.41845100,7579.00000000,20.59958687,460.00000000,432.00000000,628.00000000,785.00000000,799.00000000,830.00000000,812.00000000,725.00000000,652.00000000,588.00000000,477.00000000,391.00000000
65653,TES Rowtier,MA,1,4.10000000,3.00000000,2021.00000000,10.00000000,180.00000000,42.54192500,-71.85670000,5059.00000000,19.25038052,114.00000000,393.00000000,372.00000000,514.00000000,486.00000000,569.00000000,612.00000000,477.00000000,374.00000000,505.00000000,366.00000000,277.00000000
65659,ENGIE 2020 ProjectCo-WI1 LLC,WI,1,1.20000000,1.00000000,2021.00000000,30.00000000,0.00000000,43.73502700,-88.47377500,2072.00000000,23.65296804,48.00000000,167.00000000,197.00000000,198.00000000,239.00000000,222.00000000,225.00000000,220.00000000,232.00000000,176.00000000,82.00000000,66.00000000
65667,East Windsor Solar One,CT,1,7.60000000,5.00000000,2021.00000000,30.00000000,180.00000000,41.89000000,-72.51800000,8510.00000000,19.42922374,254.00000000,720.00000000,704.00000000,689.00000000,845.00000000,739.00000000,894.00000000,826.00000000,792.00000000,881.00000000,650.00000000,516.00000000
65668,Southington Solar One,CT,1,7.60000000,4.70000000,2022.00000000,30.00000000,180.00000000,41.89000000,-72.51800000,8831.00000000,21.44904304,349.00000000,689.00000000,727.00000000,700.00000000,852.00000000,965.00000000,921.00000000,823.00000000,798.00000000,854.00000000,644.00000000,509.00000000
65671,Cattail (CSG),IL,1,2.40000000,2.00000000,2022.00000000,25.00000000,180.00000000,41.82259500,-90.13116600,3148.00000000,17.96803653,108.00000000,240.00000000,259.00000000,292.00000000,364.00000000,379.00000000,324.00000000,349.00000000,336.00000000,285.00000000,110.00000000,102.00000000
65681,Kohler Solar,WI,1,3.00000000,2.30000000,2022.00000000,20.00000000,180.00000000,43.74700000,-87.76572700,2617.00000000,12.98888227,284.00000000,0.00000000,295.00000000,427.00000000,0.00000000,626.00000000,0.00000000,303.00000000,323.00000000,0.00000000,85.00000000,274.00000000
65688,Kearsarge Ludlow LLC,MA,1,5.00000000,3.70000000,2020.00000000,20.00000000,180.00000000,42.20128000,-72.49416000,5847.00000000,18.03961496,122.00000000,449.00000000,506.00000000,529.00000000,656.00000000,657.00000000,650.00000000,598.00000000,557.00000000,550.00000000,354.00000000,219.00000000
65690,Kearsarge Acushnet,MA,1,2.70000000,1.90000000,2020.00000000,20.00000000,20.00000000,41.71562600,-70.90349800,2761.00000000,16.58856044,143.00000000,228.00000000,284.00000000,308.00000000,351.00000000,266.00000000,99.00000000,364.00000000,211.00000000,314.00000000,130.00000000,63.00000000
65691,KSU Trumbull,OH,1,1.30000000,1.00000000,2021.00000000,25.00000000,180.00000000,41.27874000,-80.83665000,1578.00000000,18.01369863,46.00000000,122.00000000,131.00000000,149.00000000,179.00000000,177.00000000,182.00000000,141.00000000,161.00000000,162.00000000,73.00000000,55.00000000
65716,Long Plain Solar,MA,1,2.70000000,2.00000000,2019.00000000,30.00000000,180.00000000,42.44570000,-72.59714000,3566.00000000,20.35388128,115.00000000,296.00000000,308.00000000,298.00000000,350.00000000,369.00000000,388.00000000,320.00000000,344.00000000,339.00000000,249.00000000,190.00000000
65717,Settlers Solar,MA,1,5.80000000,5.00000000,2020.00000000,20.00000000,180.00000000,42.60734000,-71.76125000,7844.00000000,17.90867580,190.00000000,627.00000000,682.00000000,722.00000000,808.00000000,883.00000000,903.00000000,763.00000000,726.00000000,675.00000000,515.00000000,350.00000000
65719,Griffin Road Solar 2,MA,1,1.80000000,1.40000000,2020.00000000,20.00000000,180.00000000,42.14611000,-71.99873000,2282.00000000,18.60730594,55.00000000,144.00000000,201.00000000,207.00000000,249.00000000,268.00000000,250.00000000,234.00000000,215.00000000,213.00000000,158.00000000,88.00000000
65720,Woodland Avenue Solar 1,MA,1,6.80000000,5.00000000,2020.00000000,25.00000000,180.00000000,41.88840000,-71.31839000,8262.00000000,18.86301370,253.00000000,625.00000000,686.00000000,598.00000000,853.00000000,952.00000000,879.00000000,882.00000000,755.00000000,784.00000000,626.00000000,369.00000000
65721,RT405 Westerlo Solar 2,NY,1,7.00000000,5.00000000,2020.00000000,25.00000000,180.00000000,42.44506000,-74.01609000,8193.00000000,18.70547945,228.00000000,621.00000000,637.00000000,694.00000000,926.00000000,922.00000000,981.00000000,767.00000000,841.00000000,770.00000000,516.00000000,290.00000000
65722,Webster Solar,MA,1,1.10000000,1.00000000,2017.00000000,30.00000000,180.00000000,42.02810000,-71.85031000,1272.00000000,14.52054795,34.00000000,101.00000000,111.00000000,113.00000000,133.00000000,138.00000000,131.00000000,125.00000000,112.00000000,122.00000000,95.00000000,57.00000000
65723,LR Wheatfield Solar 1,NY,1,6.30000000,5.00000000,2020.00000000,52.00000000,180.00000000,43.12163000,-78.91409000,8434.00000000,19.25570776,140.00000000,471.00000000,688.00000000,774.00000000,1143.00000000,1039.00000000,1194.00000000,932.00000000,827.00000000,678.00000000,336.00000000,212.00000000
65724,Pendleton Solar 1,NY,1,6.00000000,5.00000000,2020.00000000,25.00000000,180.00000000,43.09723000,-78.75382000,7508.00000000,17.14155251,82.00000000,470.00000000,621.00000000,675.00000000,972.00000000,863.00000000,993.00000000,806.00000000,781.00000000,694.00000000,382.00000000,169.00000000
65731,Rockford CS 1,IL,1,2.60000000,2.00000000,2021.00000000,52.00000000,180.00000000,42.17606000,-89.08479000,4139.00000000,23.62442922,114.00000000,283.00000000,342.00000000,365.00000000,526.00000000,484.00000000,458.00000000,490.00000000,447.00000000,375.00000000,133.00000000,122.00000000
65732,Rockford CS 2,IL,1,2.60000000,2.00000000,2021.00000000,52.00000000,180.00000000,42.17606000,-89.08479000,4100.00000000,23.40182648,84.00000000,300.00000000,341.00000000,385.00000000,520.00000000,478.00000000,459.00000000,483.00000000,437.00000000,365.00000000,129.00000000,119.00000000
65752,East Fishkill CSG,NY,1,2.90000000,2.00000000,2019.00000000,25.00000000,180.00000000,41.57100000,-73.82900000,3387.00000000,19.33219178,82.00000000,227.00000000,299.00000000,320.00000000,394.00000000,431.00000000,422.00000000,370.00000000,178.00000000,332.00000000,220.00000000,112.00000000
65753,ELP Greenport CSG,NY,1,6.70000000,5.00000000,2020.00000000,25.00000000,180.00000000,42.23700000,-73.78200000,7695.00000000,17.56849315,152.00000000,608.00000000,642.00000000,694.00000000,923.00000000,725.00000000,861.00000000,802.00000000,791.00000000,758.00000000,472.00000000,267.00000000
65754,ELP Kinderhook CSG,NY,1,7.50000000,5.00000000,2020.00000000,25.00000000,180.00000000,42.46400000,-73.69100000,8427.00000000,19.23972603,161.00000000,600.00000000,623.00000000,748.00000000,1004.00000000,988.00000000,1076.00000000,863.00000000,886.00000000,774.00000000,478.00000000,226.00000000
65755,ELP Myer CSG,NY,1,3.00000000,1.90000000,2021.00000000,22.00000000,180.00000000,42.04100000,-73.97800000,3533.00000000,21.22686854,99.00000000,288.00000000,303.00000000,306.00000000,407.00000000,401.00000000,416.00000000,313.00000000,317.00000000,287.00000000,232.00000000,164.00000000
65757,ELP Saugerties CSG,NY,1,3.00000000,1.90000000,2020.00000000,22.00000000,180.00000000,42.04000000,-74.07400000,3322.00000000,19.95914444,72.00000000,281.00000000,270.00000000,309.00000000,403.00000000,355.00000000,420.00000000,308.00000000,344.00000000,252.00000000,189.00000000,119.00000000
65759,Putnam Erikson 2,GA,1,4.10000000,2.90000000,2021.00000000,25.00000000,180.00000000,33.27682100,-83.29845000,5687.00000000,22.38623839,374.00000000,402.00000000,467.00000000,580.00000000,536.00000000,594.00000000,517.00000000,592.00000000,407.00000000,548.00000000,337.00000000,333.00000000
65771,Big Bend Agrivoltaics,FL,1,1.20000000,1.00000000,2022.00000000,5.00000000,180.00000000,27.78273100,-82.40080000,749.00000000,8.55022831,81.00000000,116.00000000,129.00000000,73.00000000,60.00000000,143.00000000,145.00000000,153.00000000,114.00000000,-89.00000000,-87.00000000,-89.00000000
65772,Big Bend Floating Solar I,FL,1,1.30000000,1.00000000,2022.00000000,12.50000000,180.00000000,27.78822000,-82.39541000,1308.00000000,14.93150685,80.00000000,118.00000000,124.00000000,148.00000000,181.00000000,163.00000000,149.00000000,164.00000000,160.00000000,25.00000000,-2.00000000,-2.00000000
65774,Alden Road Harvard Solar 1,IL,1,2.40000000,2.00000000,2020.00000000,52.00000000,180.00000000,42.40028000,-88.49880000,4045.00000000,23.08789954,107.00000000,290.00000000,350.00000000,394.00000000,520.00000000,472.00000000,461.00000000,384.00000000,447.00000000,373.00000000,134.00000000,113.00000000
65775,Cream Street Solar,NY,1,3.00000000,2.00000000,2020.00000000,20.00000000,180.00000000,41.75596000,-73.87539000,3711.00000000,21.18150685,89.00000000,285.00000000,310.00000000,313.00000000,403.00000000,419.00000000,423.00000000,372.00000000,340.00000000,357.00000000,250.00000000,150.00000000
65776,Little Falls Solar,NY,1,3.00000000,2.00000000,2020.00000000,25.00000000,180.00000000,43.05899000,-74.88603000,3513.00000000,20.05136986,61.00000000,264.00000000,274.00000000,295.00000000,412.00000000,392.00000000,447.00000000,354.00000000,385.00000000,341.00000000,201.00000000,87.00000000
65777,Little Falls Solar 1,NY,1,3.00000000,2.00000000,2020.00000000,30.00000000,180.00000000,43.05414000,-74.85455000,3471.00000000,19.81164384,78.00000000,232.00000000,274.00000000,295.00000000,411.00000000,392.00000000,446.00000000,352.00000000,384.00000000,344.00000000,186.00000000,77.00000000
65784,Burlington Solar 1,CT,1,4.80000000,3.50000000,2022.00000000,30.00000000,180.00000000,41.72795000,-72.93262000,5566.00000000,18.15394651,82.00000000,462.00000000,411.00000000,466.00000000,603.00000000,597.00000000,175.00000000,858.00000000,567.00000000,586.00000000,428.00000000,331.00000000
65785,1639 RT 29 Solar 1,NY,1,6.00000000,4.00000000,2020.00000000,25.00000000,180.00000000,43.04296000,-74.24935000,7501.00000000,21.40696347,183.00000000,571.00000000,561.00000000,659.00000000,882.00000000,850.00000000,928.00000000,747.00000000,803.00000000,727.00000000,426.00000000,164.00000000
65786,1639 RT 29 Solar 2,NY,1,3.70000000,2.50000000,2020.00000000,25.00000000,180.00000000,43.04296000,-74.24935000,4716.00000000,21.53424658,112.00000000,355.00000000,358.00000000,412.00000000,555.00000000,533.00000000,583.00000000,470.00000000,503.00000000,453.00000000,274.00000000,108.00000000
65794,"20701 Plummer PV, LLC",CA,1,1.90000000,1.50000000,2022.00000000,15.00000000,180.00000000,34.24344400,-118.58517000,3105.00000000,23.63013699,196.00000000,240.00000000,334.00000000,293.00000000,308.00000000,320.00000000,338.00000000,313.00000000,248.00000000,202.00000000,189.00000000,124.00000000
65804,Corvias - Fort Riley II,KS,1,1.80000000,1.30000000,2022.00000000,30.00000000,185.00000000,39.08557000,-96.81503000,2327.00000000,20.43378995,90.00000000,175.00000000,226.00000000,235.00000000,239.00000000,242.00000000,236.00000000,222.00000000,215.00000000,200.00000000,126.00000000,121.00000000
65817,"Clear Solar I, LLC",NC,1,4.70000000,3.60000000,2020.00000000,25.00000000,180.00000000,35.30831400,-81.84182600,5987.00000000,18.98465246,434.00000000,477.00000000,559.00000000,564.00000000,597.00000000,630.00000000,600.00000000,584.00000000,382.00000000,425.00000000,383.00000000,352.00000000
65818,"Limelight Solar I, LLC",SC,1,2.50000000,2.00000000,2022.00000000,25.00000000,352.00000000,34.94861000,-81.98777700,3326.00000000,18.98401826,247.00000000,270.00000000,310.00000000,331.00000000,326.00000000,332.00000000,272.00000000,325.00000000,227.00000000,258.00000000,212.00000000,216.00000000
65819,"233 Randolph 74 Solar I, LLC",NC,1,2.60000000,2.00000000,2022.00000000,26.00000000,356.00000000,35.31194400,-81.59055500,3231.00000000,18.44178082,253.00000000,277.00000000,312.00000000,335.00000000,343.00000000,353.00000000,342.00000000,381.00000000,231.00000000,0.00000000,191.00000000,213.00000000
65954,Kearsarge West Shore Solar LLC,RI,1,6.70000000,5.00000000,2022.00000000,20.00000000,180.00000000,41.62020000,-71.26842000,8844.00000000,20.19178082,303.00000000,584.00000000,745.00000000,806.00000000,954.00000000,1103.00000000,951.00000000,991.00000000,767.00000000,787.00000000,487.00000000,366.00000000
65969,Kankakee 2,IL,1,1.90000000,1.50000000,2022.00000000,55.00000000,180.00000000,41.17601100,-87.87952300,3171.00000000,24.13242009,100.00000000,226.00000000,261.00000000,262.00000000,403.00000000,394.00000000,378.00000000,378.00000000,324.00000000,268.00000000,96.00000000,81.00000000
65974,Timmerman (CSG),MN,1,1.70000000,1.00000000,2022.00000000,1.00000000,1.00000000,44.23462100,-95.88134500,2476.00000000,28.26484018,109.00000000,156.00000000,217.00000000,220.00000000,284.00000000,273.00000000,295.00000000,246.00000000,278.00000000,208.00000000,109.00000000,81.00000000
66005,"Limelight Solar III, LLC",SC,1,4.50000000,3.60000000,2020.00000000,0.00000000,0.00000000,34.95639400,-81.97983400,4363.00000000,13.83498224,318.00000000,376.00000000,481.00000000,536.00000000,491.00000000,568.00000000,507.00000000,552.00000000,298.00000000,39.00000000,102.00000000,95.00000000
66022,Amazon MDW7 Solar Project,IL,1,3.00000000,1.90000000,2022.00000000,10.00000000,180.00000000,41.42412300,-87.77283200,3068.00000000,18.43306897,67.00000000,267.00000000,136.00000000,63.00000000,404.00000000,393.00000000,400.00000000,396.00000000,342.00000000,335.00000000,150.00000000,115.00000000
66032,Clay FC,IL,1,2.70000000,2.00000000,2021.00000000,25.00000000,180.00000000,38.75066000,-88.50682000,3900.00000000,22.26027397,171.00000000,290.00000000,356.00000000,354.00000000,400.00000000,411.00000000,395.00000000,415.00000000,345.00000000,394.00000000,212.00000000,157.00000000
66034,Sugar Hill Solar 1,NY,1,6.80000000,5.00000000,2020.00000000,25.00000000,180.00000000,42.83259000,-73.84255000,8367.00000000,19.10273973,168.00000000,651.00000000,657.00000000,762.00000000,1035.00000000,1001.00000000,1053.00000000,808.00000000,742.00000000,810.00000000,476.00000000,204.00000000
66036,3104 Batavia Solar,NY,1,4.50000000,3.00000000,2021.00000000,25.00000000,180.00000000,42.99940000,-78.27517000,5072.00000000,19.29984779,66.00000000,338.00000000,415.00000000,409.00000000,644.00000000,602.00000000,681.00000000,561.00000000,532.00000000,478.00000000,256.00000000,90.00000000
66037,3232 Batavia Solar,NY,1,5.00000000,4.00000000,2021.00000000,60.00000000,180.00000000,43.00024000,-78.26818000,6930.00000000,19.77739726,108.00000000,377.00000000,577.00000000,590.00000000,914.00000000,837.00000000,1011.00000000,812.00000000,715.00000000,568.00000000,271.00000000,150.00000000
66049,Salvation Army Solar,NJ,1,1.50000000,1.10000000,2022.00000000,5.00000000,217.00000000,39.95526000,-75.10218000,1177.00000000,12.21461187,41.00000000,106.00000000,142.00000000,152.00000000,167.00000000,216.00000000,195.00000000,158.00000000,0.00000000,0.00000000,0.00000000,0.00000000
66061,Angelica Solar Site 1,NY,1,7.10000000,5.00000000,2022.00000000,20.00000000,195.00000000,42.30639000,-78.07039200,8094.00000000,18.47945205,173.00000000,562.00000000,681.00000000,685.00000000,979.00000000,938.00000000,1082.00000000,848.00000000,818.00000000,774.00000000,389.00000000,165.00000000
66062,Angelica Solar Site 2,NY,1,7.10000000,5.00000000,2022.00000000,20.00000000,195.00000000,42.30440800,-78.07667600,8094.00000000,18.47945205,173.00000000,562.00000000,681.00000000,685.00000000,979.00000000,938.00000000,1082.00000000,848.00000000,818.00000000,774.00000000,389.00000000,165.00000000
66063,Angelica Solar Site 3,NY,1,7.10000000,5.00000000,2022.00000000,20.00000000,195.00000000,42.30154600,-78.07492200,8098.00000000,18.48858447,173.00000000,562.00000000,685.00000000,685.00000000,979.00000000,938.00000000,1082.00000000,848.00000000,818.00000000,774.00000000,389.00000000,165.00000000
66064,Angelica Solar Site 4,NY,1,7.10000000,5.00000000,2022.00000000,20.00000000,195.00000000,42.30301500,-78.07092200,8106.00000000,18.50684932,174.00000000,563.00000000,682.00000000,686.00000000,980.00000000,939.00000000,1083.00000000,849.00000000,819.00000000,775.00000000,390.00000000,166.00000000
66065,West Valley Solar,NY,2,15.00000000,10.00000000,2022.00000000,20.00000000,195.00000000,42.44900000,-78.65200000,15682.00000000,17.90182648,229.00000000,994.00000000,1135.00000000,1385.00000000,2008.00000000,1797.00000000,2113.00000000,1793.00000000,1744.00000000,1552.00000000,692.00000000,240.00000000
66068,Maple City,IA,1,1.90000000,1.50000000,2022.00000000,52.00000000,180.00000000,43.27954700,-92.79127200,3079.00000000,23.43226788,106.00000000,214.00000000,276.00000000,273.00000000,349.00000000,349.00000000,363.00000000,370.00000000,329.00000000,257.00000000,115.00000000,78.00000000
66077,Harbor Road Solar 1,MA,1,2.30000000,2.00000000,2021.00000000,25.00000000,180.00000000,42.58967000,-73.13016000,2920.00000000,16.66666667,55.00000000,222.00000000,234.00000000,262.00000000,344.00000000,347.00000000,351.00000000,293.00000000,306.00000000,283.00000000,153.00000000,70.00000000
66078,Solar Star Urbana Landfill East,IL,1,2.70000000,1.90000000,2021.00000000,25.00000000,180.00000000,40.12078000,-88.17688000,3548.00000000,21.31699111,136.00000000,286.00000000,339.00000000,328.00000000,213.00000000,395.00000000,402.00000000,385.00000000,362.00000000,373.00000000,177.00000000,152.00000000
66079,Solar Star Urbana Landfill Central,IL,1,2.70000000,1.90000000,2021.00000000,25.00000000,180.00000000,40.12065000,-88.17846000,3666.00000000,22.02595530,137.00000000,288.00000000,307.00000000,309.00000000,376.00000000,397.00000000,396.00000000,386.00000000,362.00000000,375.00000000,178.00000000,155.00000000
66095,"Cortez Solar 1, LLC",CO,1,2.80000000,2.20000000,2022.00000000,52.00000000,180.00000000,37.36170600,-108.52468300,5408.00000000,28.06143628,294.00000000,338.00000000,360.00000000,574.00000000,642.00000000,635.00000000,662.00000000,477.00000000,418.00000000,404.00000000,312.00000000,292.00000000
66100,Water Street Solar,ME,1,6.20000000,5.00000000,2022.00000000,25.00000000,0.00000000,44.24240000,-69.75430000,6974.00000000,15.92237443,222.00000000,330.00000000,636.00000000,799.00000000,815.00000000,769.00000000,726.00000000,768.00000000,757.00000000,586.00000000,330.00000000,236.00000000
66140,PNA Rossford Solar Array,OH,1,1.90000000,1.40000000,2022.00000000,20.00000000,180.00000000,41.61487900,-83.55724400,2432.00000000,19.83039791,55.00000000,175.00000000,194.00000000,240.00000000,285.00000000,286.00000000,287.00000000,266.00000000,237.00000000,233.00000000,101.00000000,73.00000000
66159,Cape Girardeau Renewable Energy Center,MO,1,6.50000000,1.20000000,2021.00000000,0.00000000,180.00000000,37.31968600,-89.52596700,1672.00000000,15.90563166,66.00000000,119.00000000,160.00000000,167.00000000,185.00000000,191.00000000,187.00000000,188.00000000,135.00000000,140.00000000,76.00000000,58.00000000
66176,Landau Solar,NY,1,3.00000000,2.00000000,2021.00000000,20.00000000,180.00000000,41.90066000,-74.02777300,3327.00000000,18.98972603,81.00000000,261.00000000,309.00000000,308.00000000,410.00000000,404.00000000,384.00000000,219.00000000,333.00000000,314.00000000,200.00000000,104.00000000
66177,Drinkwater Solar,NY,1,3.00000000,2.00000000,2021.00000000,25.00000000,180.00000000,43.01498500,-74.68340300,3646.00000000,20.81050228,88.00000000,264.00000000,264.00000000,285.00000000,430.00000000,410.00000000,464.00000000,372.00000000,392.00000000,351.00000000,213.00000000,113.00000000
66187,McCarthy Solar,NY,1,3.00000000,2.00000000,2021.00000000,25.00000000,180.00000000,41.40125300,-74.17907600,3714.00000000,21.19863014,95.00000000,272.00000000,306.00000000,320.00000000,401.00000000,429.00000000,439.00000000,371.00000000,334.00000000,352.00000000,240.00000000,155.00000000
66199,"Cairo Solar Farm, LLC",GA,1,2.60000000,2.00000000,2017.00000000,20.00000000,180.00000000,30.91128600,-84.22888000,3329.00000000,19.00114155,246.00000000,259.00000000,276.00000000,310.00000000,319.00000000,337.00000000,315.00000000,332.00000000,228.00000000,299.00000000,200.00000000,208.00000000
66200,"Cedar Creek Solar, LLC",GA,1,2.60000000,2.00000000,2017.00000000,20.00000000,180.00000000,34.02783000,-83.75747000,3560.00000000,20.31963470,237.00000000,259.00000000,310.00000000,334.00000000,331.00000000,366.00000000,315.00000000,392.00000000,256.00000000,333.00000000,208.00000000,219.00000000
66201,Niagara Bottling - Bloomfield,CT,1,3.80000000,2.80000000,2022.00000000,10.00000000,0.00000000,41.86039600,-72.72288900,4541.00000000,18.51353555,83.00000000,285.00000000,406.00000000,435.00000000,517.00000000,579.00000000,555.00000000,482.00000000,429.00000000,395.00000000,237.00000000,138.00000000
66205,"Turnipseed Solar, LLC",GA,1,3.90000000,3.00000000,2017.00000000,20.00000000,180.00000000,33.69915000,-84.67891300,5319.00000000,20.23972603,335.00000000,370.00000000,443.00000000,501.00000000,526.00000000,555.00000000,479.00000000,596.00000000,380.00000000,507.00000000,309.00000000,318.00000000
66210,Bogart Solar,NY,1,3.00000000,2.00000000,2019.00000000,25.00000000,180.00000000,42.20959300,-73.99508500,2219.00000000,12.66552511,22.00000000,0.00000000,0.00000000,91.00000000,360.00000000,350.00000000,368.00000000,310.00000000,90.00000000,272.00000000,228.00000000,128.00000000
66212,Canoga Solar,NY,1,7.10000000,5.00000000,2021.00000000,25.00000000,180.00000000,42.85206000,-76.80010000,8205.00000000,18.73287671,218.00000000,588.00000000,707.00000000,677.00000000,1042.00000000,914.00000000,981.00000000,914.00000000,828.00000000,714.00000000,396.00000000,226.00000000
66213,Costanza Solar,NY,1,3.00000000,2.00000000,2020.00000000,20.00000000,180.00000000,42.46055600,-74.06944400,2869.00000000,16.37557078,84.00000000,265.00000000,257.00000000,281.00000000,421.00000000,427.00000000,438.00000000,104.00000000,33.00000000,312.00000000,164.00000000,83.00000000
66214,County Route 84 Solar,NY,1,6.90000000,5.00000000,2021.00000000,25.00000000,180.00000000,42.02715700,-77.58254600,8115.00000000,18.52739726,238.00000000,642.00000000,660.00000000,718.00000000,910.00000000,735.00000000,1041.00000000,843.00000000,791.00000000,838.00000000,466.00000000,233.00000000
66215,Cafferty Hill Solar,NY,1,6.90000000,5.00000000,2022.00000000,25.00000000,180.00000000,42.08184300,-76.11288500,8305.00000000,18.96118721,201.00000000,657.00000000,662.00000000,698.00000000,906.00000000,976.00000000,1059.00000000,783.00000000,838.00000000,784.00000000,490.00000000,251.00000000
66224,New Beginnings Solar,NY,1,3.00000000,2.00000000,2019.00000000,25.00000000,180.00000000,41.89242400,-74.09359900,3418.00000000,19.50913242,98.00000000,277.00000000,276.00000000,304.00000000,398.00000000,388.00000000,394.00000000,250.00000000,317.00000000,346.00000000,217.00000000,153.00000000
66226,Reid Solar,NY,1,6.20000000,4.80000000,2021.00000000,25.00000000,180.00000000,43.20559400,-75.38296800,7130.00000000,16.95681126,162.00000000,533.00000000,581.00000000,616.00000000,870.00000000,800.00000000,915.00000000,709.00000000,779.00000000,641.00000000,372.00000000,152.00000000
66227,Reisender Solar,NY,1,3.00000000,2.00000000,2019.00000000,25.00000000,180.00000000,41.74350500,-74.51461500,3307.00000000,18.87557078,67.00000000,256.00000000,289.00000000,286.00000000,375.00000000,390.00000000,393.00000000,332.00000000,329.00000000,317.00000000,187.00000000,86.00000000
66230,State Route 14A Solar,NY,1,6.90000000,5.00000000,2021.00000000,25.00000000,180.00000000,42.74080800,-77.07241900,8443.00000000,19.27625571,251.00000000,556.00000000,727.00000000,705.00000000,995.00000000,873.00000000,1039.00000000,902.00000000,871.00000000,803.00000000,459.00000000,262.00000000
66231,State Highway 17B Solar,NY,1,6.10000000,4.40000000,2021.00000000,25.00000000,180.00000000,41.68225900,-74.87654100,6908.00000000,17.92237443,174.00000000,573.00000000,628.00000000,424.00000000,826.00000000,799.00000000,896.00000000,664.00000000,588.00000000,773.00000000,366.00000000,197.00000000
66233,West Creek Solar,NY,1,6.90000000,5.00000000,2021.00000000,25.00000000,180.00000000,42.19255900,-76.25934900,8444.00000000,19.27853881,201.00000000,642.00000000,648.00000000,703.00000000,966.00000000,992.00000000,1093.00000000,801.00000000,862.00000000,802.00000000,496.00000000,238.00000000
66236,Wildflower Way Solar,NY,1,7.00000000,5.00000000,2021.00000000,25.00000000,180.00000000,42.35838100,-77.30422500,8139.00000000,18.58219178,227.00000000,592.00000000,546.00000000,657.00000000,992.00000000,869.00000000,1087.00000000,857.00000000,813.00000000,817.00000000,462.00000000,220.00000000
66243,Lewiston Junction Road Solar,ME,1,5.60000000,4.90000000,2022.00000000,20.00000000,180.00000000,44.05055600,-70.30705600,6929.00000000,16.14248439,156.00000000,539.00000000,570.00000000,624.00000000,740.00000000,621.00000000,925.00000000,776.00000000,740.00000000,603.00000000,399.00000000,236.00000000
66244,Webb Road Solar,ME,1,5.10000000,4.60000000,2022.00000000,20.00000000,180.00000000,44.52823500,-69.69731000,5866.00000000,14.55727616,111.00000000,394.00000000,441.00000000,648.00000000,670.00000000,703.00000000,750.00000000,665.00000000,626.00000000,445.00000000,258.00000000,155.00000000
66245,Merrill Road Solar,ME,1,5.60000000,4.60000000,2022.00000000,20.00000000,180.00000000,44.15792000,-70.19713800,6516.00000000,16.17033949,101.00000000,477.00000000,530.00000000,557.00000000,690.00000000,766.00000000,856.00000000,744.00000000,711.00000000,566.00000000,332.00000000,186.00000000
66246,Lisbon Street Solar,ME,1,2.50000000,2.00000000,2022.00000000,20.00000000,180.00000000,44.06103300,-70.15369500,2954.00000000,16.86073059,68.00000000,218.00000000,243.00000000,282.00000000,315.00000000,332.00000000,365.00000000,317.00000000,307.00000000,247.00000000,162.00000000,98.00000000
66247,"Ash Mesa Solar, LLC",CO,1,10.00000000,7.80000000,2022.00000000,52.00000000,180.00000000,38.66337200,-107.99665200,16437.00000000,24.05602388,969.00000000,1176.00000000,1545.00000000,1939.00000000,1237.00000000,1624.00000000,950.00000000,1862.00000000,1719.00000000,1444.00000000,1043.00000000,929.00000000
66317,Brimfield,MA,1,2.60000000,1.90000000,2021.00000000,21.00000000,180.00000000,42.11741700,-72.22347200,3252.00000000,19.53857246,95.00000000,163.00000000,242.00000000,299.00000000,332.00000000,395.00000000,406.00000000,300.00000000,350.00000000,279.00000000,257.00000000,134.00000000
66318,WEB Brookfield,MA,1,5.10000000,3.40000000,2021.00000000,20.00000000,180.00000000,42.19158300,-72.10938900,5966.00000000,20.03088907,125.00000000,448.00000000,467.00000000,622.00000000,668.00000000,726.00000000,628.00000000,628.00000000,487.00000000,556.00000000,384.00000000,227.00000000
66413,Spanish Fork Community Solar,UT,1,4.70000000,4.00000000,2021.00000000,25.00000000,0.00000000,40.12795100,-111.63336000,7303.00000000,20.84189498,238.00000000,386.00000000,484.00000000,742.00000000,816.00000000,840.00000000,875.00000000,745.00000000,738.00000000,621.00000000,444.00000000,374.00000000
66417,Manheim New England,MA,1,3.00000000,2.50000000,2012.00000000,20.00000000,180.00000000,41.87811800,-71.16354200,2406.00000000,10.98630137,91.00000000,164.00000000,207.00000000,149.00000000,259.00000000,253.00000000,181.00000000,277.00000000,252.00000000,303.00000000,180.00000000,90.00000000
66427,"Emerald Marshfields, LLC",MA,1,2.00000000,1.90000000,2022.00000000,3.00000000,326.00000000,42.09933100,-70.71458600,2244.00000000,13.48233598,68.00000000,126.00000000,179.00000000,240.00000000,289.00000000,248.00000000,290.00000000,261.00000000,204.00000000,170.00000000,104.00000000,65.00000000
66428,"Emerald Kemble, LLC",NJ,2,3.30000000,2.40000000,2022.00000000,5.00000000,24.00000000,40.76843600,-74.49873900,3667.00000000,17.44197108,71.00000000,155.00000000,284.00000000,304.00000000,417.00000000,512.00000000,480.00000000,416.00000000,337.00000000,340.00000000,210.00000000,141.00000000
66429,"Emerald Gardens PKI, LLC",CT,2,1.80000000,1.60000000,2021.00000000,5.00000000,8.00000000,41.27183200,-73.12225500,2121.00000000,15.13270548,53.00000000,91.00000000,193.00000000,215.00000000,250.00000000,284.00000000,257.00000000,228.00000000,197.00000000,176.00000000,107.00000000,70.00000000
66465,"Spring Hope Solar 2, LLC",NC,1,7.10000000,5.00000000,2021.00000000,25.00000000,0.00000000,35.90708000,-78.19376000,8419.00000000,19.22146119,506.00000000,655.00000000,759.00000000,885.00000000,895.00000000,896.00000000,739.00000000,721.00000000,561.00000000,765.00000000,528.00000000,509.00000000
66466,"Blue Skies Solar, LLC",CA,1,1.10000000,1.00000000,2021.00000000,52.00000000,0.00000000,34.98809000,-118.90881200,1966.00000000,22.44292237,97.00000000,118.00000000,178.00000000,228.00000000,290.00000000,277.00000000,248.00000000,142.00000000,166.00000000,128.00000000,80.00000000,14.00000000
66468,Clovis High School,CA,1,1.10000000,1.00000000,2018.00000000,7.00000000,270.00000000,36.81710100,-119.68191800,826.00000000,9.42922374,58.00000000,86.00000000,133.00000000,90.00000000,0.00000000,0.00000000,0.00000000,127.00000000,125.00000000,82.00000000,68.00000000,57.00000000
66469,Clovis East High School,CA,1,1.10000000,1.00000000,2018.00000000,7.00000000,270.00000000,36.79966900,-119.64059800,1480.00000000,16.89497717,55.00000000,82.00000000,123.00000000,160.00000000,202.00000000,192.00000000,183.00000000,163.00000000,127.00000000,89.00000000,61.00000000,43.00000000
66470,Clovis North High School,CA,1,1.10000000,1.00000000,2017.00000000,7.00000000,270.00000000,36.89011500,-119.73667400,1462.00000000,16.68949772,59.00000000,87.00000000,124.00000000,150.00000000,188.00000000,178.00000000,182.00000000,162.00000000,123.00000000,83.00000000,69.00000000,57.00000000
66481,Union Vale,NY,1,2.60000000,1.70000000,2021.00000000,20.00000000,180.00000000,41.66100000,-73.74200000,1316.00000000,8.83695944,47.00000000,85.00000000,111.00000000,122.00000000,142.00000000,147.00000000,148.00000000,134.00000000,114.00000000,115.00000000,83.00000000,68.00000000
66482,Ghent (NY),NY,1,4.30000000,3.30000000,2021.00000000,20.00000000,180.00000000,42.27743300,-73.70920100,5671.00000000,19.61740695,132.00000000,432.00000000,438.00000000,491.00000000,645.00000000,643.00000000,689.00000000,532.00000000,566.00000000,548.00000000,342.00000000,213.00000000
66483,Stanford,NY,1,7.50000000,5.00000000,2021.00000000,22.00000000,180.00000000,41.86500000,-73.70300000,7411.00000000,16.92009132,231.00000000,640.00000000,771.00000000,784.00000000,742.00000000,537.00000000,549.00000000,484.00000000,687.00000000,906.00000000,650.00000000,430.00000000
66485,Gloucester,NJ,1,3.00000000,2.40000000,2019.00000000,5.00000000,180.00000000,39.88600000,-75.10900000,3285.00000000,15.62500000,87.00000000,217.00000000,278.00000000,303.00000000,344.00000000,433.00000000,402.00000000,362.00000000,276.00000000,284.00000000,167.00000000,132.00000000
66486,Ramapo,NJ,1,5.20000000,4.20000000,2019.00000000,5.00000000,180.00000000,41.08100000,-74.17400000,3954.00000000,10.74690150,72.00000000,174.00000000,386.00000000,482.00000000,504.00000000,514.00000000,485.00000000,403.00000000,330.00000000,315.00000000,179.00000000,110.00000000
66492,Henry Miller RD,CA,1,1.90000000,1.50000000,2018.00000000,30.00000000,180.00000000,37.05430000,-120.63523000,3203.00000000,24.37595129,140.00000000,196.00000000,285.00000000,323.00000000,357.00000000,357.00000000,362.00000000,338.00000000,285.00000000,235.00000000,191.00000000,134.00000000
66536,CPG - Duke 5300A Holabird,MD,1,1.90000000,1.50000000,2022.00000000,10.00000000,177.00000000,39.27074900,-76.55053400,2412.00000000,18.35616438,52.00000000,166.00000000,217.00000000,233.00000000,244.00000000,309.00000000,300.00000000,258.00000000,205.00000000,217.00000000,126.00000000,85.00000000
66537,CPG - Duke 5300B Holabird,MD,1,1.90000000,1.50000000,2022.00000000,10.00000000,177.00000000,39.27074900,-76.55132600,2395.00000000,18.22678843,55.00000000,154.00000000,193.00000000,209.00000000,230.00000000,300.00000000,296.00000000,330.00000000,204.00000000,215.00000000,124.00000000,85.00000000
66538,CPG - Duke 5900 Holabird,MD,1,1.70000000,1.50000000,2022.00000000,10.00000000,177.00000000,39.27313100,-76.54599400,2145.00000000,16.32420091,55.00000000,147.00000000,194.00000000,208.00000000,207.00000000,278.00000000,266.00000000,228.00000000,181.00000000,191.00000000,113.00000000,77.00000000
66539,CPG - Duke 6000 Holabird,MD,1,1.60000000,1.50000000,2022.00000000,10.00000000,177.00000000,39.27327800,-76.54443400,2151.00000000,16.36986301,55.00000000,132.00000000,196.00000000,210.00000000,221.00000000,278.00000000,267.00000000,229.00000000,183.00000000,192.00000000,112.00000000,76.00000000
66582,North Kingstown Solar LLC,RI,1,2.80000000,1.90000000,2022.00000000,12.00000000,180.00000000,41.54378100,-71.44733400,3288.00000000,19.75486662,90.00000000,221.00000000,293.00000000,313.00000000,367.00000000,421.00000000,358.00000000,350.00000000,300.00000000,272.00000000,195.00000000,108.00000000
66583,Phillips Route 82 Solar LLC,NY,1,6.90000000,5.00000000,2022.00000000,21.00000000,189.00000000,41.65000000,-73.75000000,8273.00000000,18.88812785,202.00000000,601.00000000,722.00000000,755.00000000,923.00000000,962.00000000,966.00000000,752.00000000,777.00000000,796.00000000,541.00000000,276.00000000
66584,White Rock Road LLC,RI,1,8.70000000,6.50000000,2022.00000000,25.00000000,182.00000000,41.40094900,-71.83950400,7358.00000000,12.92237443,379.00000000,755.00000000,906.00000000,860.00000000,940.00000000,775.00000000,620.00000000,558.00000000,493.00000000,402.00000000,316.00000000,354.00000000
66585,French King Solar LLC,MA,1,6.90000000,5.00000000,2022.00000000,25.00000000,182.00000000,42.59450000,-72.48950000,7815.00000000,17.84246575,203.00000000,686.00000000,686.00000000,740.00000000,899.00000000,840.00000000,951.00000000,716.00000000,621.00000000,558.00000000,527.00000000,388.00000000
66586,DOCCS Greene,NY,1,7.00000000,5.00000000,2022.00000000,25.00000000,180.00000000,42.35000000,-73.85000000,8803.00000000,20.09817352,258.00000000,688.00000000,677.00000000,692.00000000,988.00000000,937.00000000,999.00000000,856.00000000,890.00000000,867.00000000,590.00000000,361.00000000
66589,Berryville School District Solar,AR,1,1.20000000,1.00000000,2018.00000000,25.00000000,180.00000000,36.37342000,-93.58618000,1809.00000000,20.65068493,94.00000000,137.00000000,167.00000000,163.00000000,164.00000000,190.00000000,181.00000000,175.00000000,145.00000000,180.00000000,116.00000000,97.00000000
66622,9150 Hermosa Solar GM,CA,1,1.80000000,1.30000000,2022.00000000,15.00000000,180.00000000,34.08780000,-117.58720000,2841.00000000,24.94731296,185.00000000,163.00000000,230.00000000,268.00000000,279.00000000,309.00000000,316.00000000,295.00000000,241.00000000,211.00000000,184.00000000,160.00000000
66698,Oxon Run CREF,DC,1,2.70000000,2.00000000,2021.00000000,15.00000000,180.00000000,38.82177200,-77.00353900,1486.38000000,8.48390411,57.00000000,150.00000000,181.17000000,197.00000000,197.00000000,230.00000000,181.17000000,97.00000000,59.40000000,60.00000000,41.00000000,35.64000000
66710,Brick City Solar,NC,1,6.70000000,5.00000000,2021.00000000,20.00000000,180.00000000,34.72640200,-77.98344900,9383.00000000,21.42237443,612.00000000,715.00000000,833.00000000,887.00000000,946.00000000,957.00000000,862.00000000,847.00000000,702.00000000,863.00000000,588.00000000,571.00000000
66719,Millers Chapel Solar,NC,1,6.70000000,4.80000000,2021.00000000,20.00000000,180.00000000,35.36030600,-77.89805500,9785.00000000,23.27102359,690.00000000,757.00000000,824.00000000,920.00000000,935.00000000,989.00000000,877.00000000,897.00000000,736.00000000,908.00000000,613.00000000,639.00000000
66729,(3K) 59 Hetcheltown Rd,NY,1,1.70000000,1.40000000,2020.00000000,20.00000000,178.00000000,42.87657000,-73.91048000,1748.00000000,14.25309850,30.00000000,143.00000000,154.00000000,176.00000000,191.00000000,218.00000000,180.00000000,187.00000000,178.00000000,163.00000000,93.00000000,35.00000000
66730,Jordan Energy-DFA Middlebury Center Plan,PA,1,1.90000000,1.10000000,2021.00000000,15.00000000,182.00000000,41.83800000,-77.27590000,1740.00000000,18.05728518,25.00000000,122.00000000,163.00000000,172.00000000,228.00000000,180.00000000,250.00000000,180.00000000,150.00000000,168.00000000,77.00000000,25.00000000
66731,Lightstar Renewables - Project 1001,NY,1,4.70000000,3.90000000,2021.00000000,25.00000000,184.00000000,41.77540000,-73.87580000,5520.00000000,16.15735862,135.00000000,443.00000000,494.00000000,424.00000000,600.00000000,651.00000000,674.00000000,564.00000000,505.00000000,520.00000000,328.00000000,182.00000000
66732,Lightstar Renewables - Project 1002,NY,1,2.40000000,2.10000000,2021.00000000,25.00000000,180.00000000,41.80774400,-73.90350800,2453.00000000,13.33442053,40.00000000,128.00000000,248.00000000,211.00000000,306.00000000,279.00000000,252.00000000,273.00000000,239.00000000,245.00000000,147.00000000,85.00000000
66734,Marathon Solar Farm LLC South,NY,1,6.00000000,4.40000000,2020.00000000,25.00000000,180.00000000,43.08320000,-75.73510000,6363.00000000,16.50840598,170.00000000,442.00000000,554.00000000,607.00000000,849.00000000,804.00000000,955.00000000,432.00000000,624.00000000,371.00000000,384.00000000,171.00000000
66762,SCH County - (1B) 10 Alice Wagner Way Ni,NY,1,4.60000000,3.50000000,2020.00000000,20.00000000,180.00000000,42.83447000,-73.89808000,4540.00000000,14.80756686,63.00000000,386.00000000,397.00000000,454.00000000,604.00000000,560.00000000,582.00000000,485.00000000,501.00000000,163.00000000,259.00000000,86.00000000
66763,SCH County - (1E) 398 Anthony St Schenec,NY,1,1.30000000,1.00000000,2020.00000000,20.00000000,180.00000000,42.84116700,-73.91645400,1320.00000000,15.06849315,29.00000000,120.00000000,121.00000000,130.00000000,145.00000000,123.00000000,98.00000000,129.00000000,157.00000000,163.00000000,67.00000000,38.00000000
66766,SCH County - (2D) 98 Cheltingham Ave Sch,NY,1,3.50000000,2.80000000,2020.00000000,21.00000000,177.00000000,42.79184700,-73.95683000,2107.00000000,8.59018265,26.00000000,279.00000000,69.00000000,0.00000000,8.00000000,45.00000000,434.00000000,350.00000000,372.00000000,334.00000000,149.00000000,41.00000000
66770,THD Baltimore DC - 5830 Project Tiger,MD,1,2.60000000,1.60000000,2021.00000000,10.00000000,174.00000000,39.22355000,-76.48349000,1620.00000000,11.55821918,0.00000000,0.00000000,15.00000000,0.00000000,113.00000000,353.00000000,198.00000000,301.00000000,248.00000000,83.00000000,171.00000000,138.00000000
66771,Marathon Solar Farm II LLC North,NY,1,3.90000000,2.90000000,2020.00000000,0.00000000,180.00000000,43.08320000,-75.73510000,4672.00000000,18.39080460,109.00000000,327.00000000,328.00000000,400.00000000,563.00000000,529.00000000,627.00000000,486.00000000,511.00000000,427.00000000,253.00000000,112.00000000
66776,Brookdale CC BTM at Lincroft,NJ,1,5.00000000,3.70000000,2022.00000000,7.00000000,175.00000000,40.32605600,-74.13094100,4645.00000000,14.33111193,96.00000000,313.00000000,394.00000000,425.00000000,512.00000000,437.00000000,551.00000000,538.00000000,456.00000000,470.00000000,261.00000000,192.00000000
66797,Agriculture Capital - Legacy Packing,CA,1,2.10000000,1.60000000,2022.00000000,0.00000000,180.00000000,36.49466000,-119.46698000,3910.74000000,27.90196918,153.00000000,227.00000000,352.00000000,428.00000000,538.00000000,456.00000000,402.00000000,375.00000000,403.00000000,260.00000000,192.00000000,124.74000000
66812,BQ - Psychedelic Site CSG,NY,1,4.30000000,2.70000000,2022.00000000,20.30000000,176.10000000,41.71525000,-74.79739000,4611.00000000,19.49518011,119.00000000,395.00000000,349.00000000,234.00000000,479.00000000,577.00000000,580.00000000,462.00000000,481.00000000,497.00000000,295.00000000,143.00000000
66815,Dynamic Energy NJ - Ferrero,NJ,1,2.00000000,1.50000000,2022.00000000,10.00000000,192.00000000,40.55048200,-74.54496000,2435.00000000,18.53120244,52.00000000,132.00000000,214.00000000,239.00000000,261.00000000,317.00000000,298.00000000,262.00000000,215.00000000,226.00000000,137.00000000,82.00000000
66822,Carthage A,NY,1,7.50000000,5.00000000,2022.00000000,25.00000000,180.00000000,43.99751200,-75.66293500,8258.00000000,18.85388128,90.00000000,589.00000000,705.00000000,728.00000000,1008.00000000,953.00000000,1005.00000000,935.00000000,982.00000000,741.00000000,443.00000000,79.00000000
66823,Carthage B,NY,1,5.00000000,3.30000000,2022.00000000,25.00000000,180.00000000,43.99028700,-75.66125600,5644.00000000,19.52400720,64.00000000,389.00000000,466.00000000,528.00000000,693.00000000,640.00000000,720.00000000,623.00000000,655.00000000,525.00000000,296.00000000,45.00000000
66863,Blackjack Solar,CA,1,5.20000000,4.00000000,2020.00000000,10.00000000,180.00000000,36.18153800,-121.02668500,8827.00000000,25.19121005,436.00000000,499.00000000,760.00000000,830.00000000,891.00000000,1035.00000000,873.00000000,886.00000000,817.00000000,725.00000000,584.00000000,491.00000000
66906,Hammonton-High School Solar,NJ,1,1.70000000,1.20000000,2022.00000000,20.00000000,0.00000000,39.65721800,-74.80895500,2208.00000000,21.00456621,83.00000000,170.00000000,197.00000000,196.00000000,199.00000000,267.00000000,236.00000000,218.00000000,170.00000000,220.00000000,140.00000000,112.00000000
66907,Barefoot Solar,ME,1,5.50000000,4.30000000,2022.00000000,25.00000000,180.00000000,44.59575100,-69.60502600,6650.00000000,17.65424233,211.00000000,521.00000000,519.00000000,722.00000000,730.00000000,742.00000000,768.00000000,706.00000000,668.00000000,536.00000000,305.00000000,222.00000000
66940,Halsey Valley,NY,1,7.40000000,5.00000000,2020.00000000,25.00000000,180.00000000,42.06907700,-76.35324000,8160.00000000,18.63013699,148.00000000,605.00000000,664.00000000,694.00000000,924.00000000,940.00000000,1092.00000000,819.00000000,826.00000000,816.00000000,460.00000000,172.00000000
66986,"Mule Farm Solar, LLC",NC,1,2.80000000,2.00000000,2022.00000000,20.00000000,180.00000000,35.38824500,-78.54028300,3572.00000000,20.38812785,256.00000000,286.00000000,327.00000000,294.00000000,349.00000000,358.00000000,307.00000000,321.00000000,282.00000000,335.00000000,228.00000000,229.00000000
66988,"Ramp Solar, LLC",NC,1,2.70000000,2.00000000,2022.00000000,28.00000000,118.00000000,35.41643700,-77.91874800,4060.00000000,23.17351598,187.00000000,242.00000000,300.00000000,385.00000000,404.00000000,453.00000000,376.00000000,352.00000000,726.00000000,299.00000000,180.00000000,156.00000000
67050,Elizabeth Seaport Bldg A Solar,NJ,1,2.00000000,1.50000000,2022.00000000,10.00000000,208.00000000,40.66800000,-74.16700000,2427.00000000,18.47031963,65.00000000,135.00000000,213.00000000,237.00000000,266.00000000,305.00000000,285.00000000,250.00000000,220.00000000,210.00000000,136.00000000,105.00000000
67062,Cranbury 0210 Solar,NJ,1,1.40000000,1.00000000,2021.00000000,10.00000000,199.00000000,40.30200000,-74.49600000,1665.00000000,19.00684932,46.00000000,113.00000000,134.00000000,166.00000000,177.00000000,222.00000000,191.00000000,148.00000000,140.00000000,163.00000000,100.00000000,65.00000000
67063,Ports Newark 8201 Solar,NJ,1,1.90000000,1.40000000,2022.00000000,10.00000000,140.30000000,40.69164400,-74.19648700,1643.00000000,13.39693412,34.00000000,86.00000000,135.00000000,150.00000000,192.00000000,200.00000000,197.00000000,179.00000000,155.00000000,151.00000000,97.00000000,67.00000000
67064,Ports Jersey City Solar,NJ,1,4.20000000,3.00000000,2020.00000000,10.00000000,210.00000000,40.73400000,-74.08700000,4618.00000000,17.57229833,115.00000000,233.00000000,411.00000000,463.00000000,523.00000000,590.00000000,596.00000000,464.00000000,422.00000000,391.00000000,241.00000000,169.00000000
67065,Lister Avenue Solar,NJ,1,3.00000000,2.00000000,2022.00000000,10.00000000,155.00000000,40.73938100,-74.13811000,3342.00000000,19.07534247,70.00000000,183.00000000,301.00000000,334.00000000,379.00000000,427.00000000,417.00000000,353.00000000,265.00000000,305.00000000,186.00000000,122.00000000
67066,Edison 7205 Solar,NJ,1,1.90000000,1.40000000,2022.00000000,10.00000000,140.30000000,40.53000000,-74.40200000,1222.00000000,9.96412264,51.00000000,117.00000000,200.00000000,213.00000000,226.00000000,87.00000000,81.00000000,72.00000000,58.00000000,59.00000000,36.00000000,22.00000000
67067,Edison 0308 Solar,NJ,1,4.00000000,2.50000000,2022.00000000,10.00000000,136.00000000,40.53000000,-74.38700000,3411.00000000,15.57534247,59.00000000,196.00000000,130.00000000,343.00000000,225.00000000,134.00000000,554.00000000,491.00000000,406.00000000,430.00000000,272.00000000,171.00000000
67068,Port Reading 8 Solar,NJ,1,2.00000000,1.40000000,2022.00000000,10.00000000,192.50000000,40.56500000,-74.21800000,2001.00000000,16.31604697,51.00000000,120.00000000,179.00000000,163.00000000,238.00000000,239.00000000,240.00000000,189.00000000,191.00000000,201.00000000,116.00000000,74.00000000
67070,Interstate 3 Solar,NJ,1,2.00000000,1.50000000,2022.00000000,10.00000000,140.50000000,40.39700000,-74.45000000,2399.00000000,18.25722983,54.00000000,146.00000000,212.00000000,232.00000000,249.00000000,309.00000000,283.00000000,256.00000000,211.00000000,218.00000000,140.00000000,89.00000000
67084,Buckeye Power Inc.,OH,1,2.70000000,2.00000000,2022.00000000,0.00000000,0.00000000,41.06047700,-83.55443700,3646.00000000,20.81050228,95.00000000,268.00000000,323.00000000,314.00000000,454.00000000,521.00000000,364.00000000,325.00000000,385.00000000,364.00000000,132.00000000,101.00000000
67086,Spano Solar - Belmar Wall,NJ,1,2.10000000,1.80000000,2022.00000000,8.00000000,20.00000000,40.15000000,-74.05000000,2034.00000000,12.89954338,81.00000000,166.00000000,211.00000000,253.00000000,40.00000000,302.00000000,144.00000000,237.00000000,116.00000000,228.00000000,170.00000000,86.00000000
67145,Union Bridge Solar,MD,1,10.70000000,8.20000000,2022.00000000,30.00000000,180.00000000,39.56300000,-77.18300000,12289.00000000,17.10797416,439.00000000,989.00000000,1079.00000000,1212.00000000,1216.00000000,1515.00000000,1435.00000000,1130.00000000,858.00000000,1182.00000000,684.00000000,550.00000000
67146,Ashland Solar,MA,1,5.70000000,4.50000000,2019.00000000,25.00000000,180.00000000,42.25800000,-71.47600000,6812.00000000,17.28056824,120.00000000,503.00000000,599.00000000,550.00000000,740.00000000,812.00000000,763.00000000,708.00000000,639.00000000,607.00000000,475.00000000,296.00000000
67149,Falmouth 2 Solar,MA,1,2.10000000,1.50000000,2021.00000000,25.00000000,180.00000000,41.61100000,-70.59700000,2692.00000000,20.48706240,116.00000000,158.00000000,214.00000000,243.00000000,253.00000000,347.00000000,279.00000000,284.00000000,230.00000000,255.00000000,192.00000000,121.00000000
67150,Oxford Solar,MA,1,5.10000000,4.00000000,2020.00000000,25.00000000,180.00000000,42.08700000,-71.85300000,6304.00000000,17.99086758,181.00000000,509.00000000,405.00000000,596.00000000,658.00000000,705.00000000,703.00000000,601.00000000,571.00000000,608.00000000,476.00000000,291.00000000
67151,Spencer Solar MA,MA,1,3.40000000,2.50000000,2020.00000000,25.00000000,180.00000000,42.22500000,-72.01700000,3646.00000000,16.64840183,99.00000000,245.00000000,18.00000000,280.00000000,414.00000000,485.00000000,455.00000000,412.00000000,384.00000000,385.00000000,293.00000000,176.00000000
67163,Auburn Renewables LLC,IN,1,14.70000000,11.00000000,2022.00000000,25.00000000,180.00000000,41.34300000,-85.09200000,9508.46000000,9.86764218,0.00000000,1106.00000000,1002.00000000,1178.00000000,1204.00000000,1715.00000000,942.00000000,0.00000000,1459.00000000,251.46000000,246.00000000,405.00000000
67181,Hunt Creek,NY,1,5.20000000,4.00000000,2021.00000000,25.00000000,180.00000000,42.05316800,-76.32049300,5432.00000000,15.50228311,88.00000000,375.00000000,464.00000000,522.00000000,692.00000000,676.00000000,687.00000000,575.00000000,558.00000000,499.00000000,210.00000000,86.00000000
67210,Lilly Lane,MA,1,1.50000000,1.00000000,2018.00000000,25.00000000,180.00000000,42.17543900,-71.99714200,1701.00000000,19.41780822,37.00000000,106.00000000,150.00000000,156.00000000,187.00000000,204.00000000,193.00000000,177.00000000,164.00000000,158.00000000,110.00000000,59.00000000
67244,Minster 3,OH,1,1.20000000,1.00000000,2022.00000000,23.00000000,180.00000000,40.39000000,-84.39800000,1665.00000000,19.00684932,45.00000000,111.00000000,127.00000000,153.00000000,188.00000000,189.00000000,198.00000000,195.00000000,155.00000000,165.00000000,80.00000000,59.00000000
67266,Nationwide,MA,1,5.40000000,3.90000000,2021.00000000,5.00000000,180.00000000,42.50289000,-71.69130300,5476.00000000,16.02856808,99.00000000,336.00000000,519.00000000,574.00000000,689.00000000,745.00000000,703.00000000,500.00000000,389.00000000,432.00000000,296.00000000,194.00000000
67269,Spano Solar - Ocean County Landfill - CS,NJ,1,5.00000000,4.20000000,2022.00000000,25.00000000,180.00000000,40.02516600,-74.24949200,4225.00000000,11.48347467,195.00000000,267.00000000,542.00000000,331.00000000,607.00000000,318.00000000,359.00000000,264.00000000,222.00000000,672.00000000,198.00000000,250.00000000
67270,THD Baltimore DCs - 5829 Project Lion,MD,1,5.10000000,3.80000000,2021.00000000,10.00000000,174.00000000,39.22197900,-76.48316900,3680.00000000,11.05503485,0.00000000,0.00000000,0.00000000,36.00000000,318.00000000,694.00000000,730.00000000,666.00000000,428.00000000,257.00000000,289.00000000,262.00000000
67286,Athens AT01,ME,1,6.50000000,5.00000000,2022.00000000,25.00000000,180.00000000,44.94850000,-69.65230000,6764.00000000,15.44292237,53.00000000,327.00000000,598.00000000,800.00000000,784.00000000,872.00000000,784.00000000,618.00000000,749.00000000,597.00000000,350.00000000,232.00000000
67326,Norcap South,CT,1,2.80000000,2.00000000,2017.00000000,25.00000000,180.00000000,41.88160600,-72.54481400,3568.00000000,20.36529680,93.00000000,270.00000000,302.00000000,314.00000000,370.00000000,398.00000000,383.00000000,342.00000000,323.00000000,347.00000000,241.00000000,185.00000000
67327,Norcap North,CT,1,2.80000000,2.00000000,2017.00000000,25.00000000,180.00000000,41.88248700,-72.54368800,3482.00000000,19.87442922,87.00000000,258.00000000,297.00000000,307.00000000,367.00000000,395.00000000,386.00000000,338.00000000,315.00000000,336.00000000,230.00000000,166.00000000
67336,Town House,ME,1,7.50000000,5.00000000,2022.00000000,25.00000000,180.00000000,44.28000000,-69.74456000,8182.00000000,18.68036530,232.00000000,650.00000000,691.00000000,865.00000000,865.00000000,824.00000000,1017.00000000,898.00000000,821.00000000,677.00000000,386.00000000,256.00000000
67339,Washington WS01,ME,1,4.70000000,4.00000000,2022.00000000,25.00000000,168.00000000,44.23550000,-69.37390000,5626.00000000,16.05593607,131.00000000,402.00000000,452.00000000,576.00000000,613.00000000,662.00000000,695.00000000,629.00000000,605.00000000,447.00000000,247.00000000,167.00000000
67345,Smith Creek,NY,1,5.60000000,3.80000000,2021.00000000,25.00000000,180.00000000,42.05316800,-76.32049300,6212.00000000,18.66137948,140.00000000,466.00000000,491.00000000,546.00000000,725.00000000,716.00000000,766.00000000,622.00000000,622.00000000,617.00000000,335.00000000,166.00000000
67367,"Freetown MA 1, LLC",MA,1,1.60000000,1.00000000,2022.00000000,20.00000000,180.00000000,41.76055400,-70.96785000,1530.00000000,17.46575342,51.00000000,84.00000000,63.00000000,113.00000000,176.00000000,221.00000000,200.00000000,197.00000000,65.00000000,155.00000000,118.00000000,87.00000000
67368,Middlesex Vo Tech Solar 1 LLC,NJ,1,2.00000000,1.50000000,2021.00000000,15.00000000,180.00000000,40.52828900,-74.43546300,1509.00000000,11.48401826,71.00000000,182.00000000,233.00000000,242.00000000,235.00000000,41.00000000,73.00000000,90.00000000,91.00000000,132.00000000,72.00000000,47.00000000
67369,OSG Solar 1 LLC,MA,1,2.70000000,2.50000000,2012.00000000,31.00000000,180.00000000,42.61675500,-72.23457900,3180.00000000,14.52054795,111.00000000,294.00000000,291.00000000,297.00000000,349.00000000,360.00000000,310.00000000,249.00000000,268.00000000,312.00000000,210.00000000,129.00000000
67370,"Seaboard Charlton, LLC",MA,1,2.60000000,2.00000000,2020.00000000,20.00000000,180.00000000,42.13792000,-71.91592100,3221.00000000,18.38470320,86.00000000,230.00000000,272.00000000,294.00000000,333.00000000,354.00000000,348.00000000,324.00000000,295.00000000,302.00000000,231.00000000,152.00000000
67371,"Seaboard Oxford, LLC",MA,1,2.10000000,1.70000000,2020.00000000,20.00000000,180.00000000,42.11022500,-71.89236300,2716.00000000,18.23798012,73.00000000,214.00000000,236.00000000,243.00000000,281.00000000,308.00000000,287.00000000,270.00000000,244.00000000,253.00000000,193.00000000,114.00000000
67372,"Seaboard Sheffield, LLC",MA,1,2.40000000,2.00000000,2021.00000000,20.00000000,180.00000000,42.13675000,-73.32517800,2255.00000000,12.87100457,49.00000000,177.00000000,184.00000000,197.00000000,259.00000000,254.00000000,259.00000000,216.00000000,213.00000000,211.00000000,139.00000000,97.00000000
67376,BWC Rams Horn Channel LLC,MA,1,4.90000000,3.50000000,2020.00000000,20.00000000,180.00000000,42.56776400,-70.87132300,5871.00000000,19.14872798,136.00000000,426.00000000,498.00000000,574.00000000,659.00000000,686.00000000,295.00000000,1055.00000000,496.00000000,519.00000000,333.00000000,194.00000000
67382,Harley-Davison Powertrain Operations,WI,1,2.90000000,2.20000000,2020.00000000,10.00000000,180.00000000,43.18334900,-88.09722900,3286.00000000,17.05064342,27.00000000,199.00000000,273.00000000,297.00000000,406.00000000,402.00000000,432.00000000,372.00000000,362.00000000,310.00000000,122.00000000,84.00000000
67383,City of Milwaukee Landfill,WI,1,2.90000000,2.30000000,2021.00000000,25.00000000,180.00000000,42.93399200,-87.88855900,3566.00000000,17.69902720,79.00000000,275.00000000,320.00000000,366.00000000,416.00000000,378.00000000,395.00000000,368.00000000,369.00000000,345.00000000,137.00000000,118.00000000
67384,ATI,WI,1,2.90000000,2.30000000,2020.00000000,25.00000000,180.00000000,42.94489000,-87.85990000,3528.00000000,17.51042287,79.00000000,273.00000000,318.00000000,365.00000000,407.00000000,376.00000000,394.00000000,366.00000000,372.00000000,335.00000000,132.00000000,111.00000000
67385,CREE,WI,1,1.90000000,1.50000000,2021.00000000,10.00000000,179.00000000,42.71743900,-87.89871100,2300.00000000,17.50380518,25.00000000,159.00000000,184.00000000,237.00000000,293.00000000,282.00000000,281.00000000,260.00000000,240.00000000,198.00000000,80.00000000,61.00000000
67386,Jones Dairy,WI,1,2.80000000,2.30000000,2021.00000000,25.00000000,182.00000000,42.91927900,-88.84785900,3704.00000000,18.38395871,40.00000000,285.00000000,338.00000000,346.00000000,418.00000000,393.00000000,439.00000000,400.00000000,407.00000000,371.00000000,147.00000000,120.00000000
67387,Regal Ware,WI,1,2.50000000,1.90000000,2021.00000000,10.00000000,180.00000000,43.43577500,-88.17467900,2770.00000000,16.64263398,34.00000000,200.00000000,258.00000000,302.00000000,271.00000000,322.00000000,340.00000000,302.00000000,297.00000000,263.00000000,109.00000000,72.00000000
67388,Farmingdale FA01,ME,1,7.30000000,4.90000000,2022.00000000,25.00000000,194.00000000,44.24710000,-69.80050000,7637.00000000,17.79191129,79.00000000,384.00000000,676.00000000,844.00000000,881.00000000,928.00000000,1030.00000000,685.00000000,743.00000000,689.00000000,419.00000000,279.00000000
67394,Washington County,WI,1,3.00000000,2.30000000,2020.00000000,25.00000000,180.00000000,43.43259300,-88.16057400,3842.00000000,19.06889021,54.00000000,297.00000000,342.00000000,378.00000000,429.00000000,411.00000000,449.00000000,408.00000000,415.00000000,393.00000000,148.00000000,118.00000000
67395,UW Parkside,WI,1,2.80000000,2.30000000,2020.00000000,25.00000000,180.00000000,42.64769100,-87.85511600,3920.00000000,19.45602541,120.00000000,302.00000000,338.00000000,374.00000000,420.00000000,412.00000000,439.00000000,425.00000000,420.00000000,382.00000000,153.00000000,135.00000000
67400,North Bridgton,ME,1,6.70000000,5.00000000,2022.00000000,25.00000000,180.00000000,44.10120000,-70.70577000,8351.00000000,19.06621005,304.00000000,716.00000000,667.00000000,762.00000000,860.00000000,871.00000000,993.00000000,852.00000000,769.00000000,731.00000000,488.00000000,338.00000000
67402,Mainely Solar (Wyman Hill Solar LLC),ME,1,5.20000000,4.00000000,2022.00000000,25.00000000,176.00000000,44.51771400,-70.51784800,4763.00000000,13.59303653,92.00000000,364.00000000,496.00000000,624.00000000,604.00000000,558.00000000,589.00000000,420.00000000,292.00000000,293.00000000,235.00000000,196.00000000
67422,Powder Hill,CT,1,3.00000000,2.00000000,2020.00000000,20.00000000,180.00000000,41.97608400,-72.53382200,3326.00000000,18.98401826,74.00000000,246.00000000,291.00000000,308.00000000,371.00000000,388.00000000,375.00000000,307.00000000,295.00000000,299.00000000,214.00000000,158.00000000
67423,Platt Hill,CT,1,2.90000000,2.00000000,2022.00000000,25.00000000,180.00000000,41.90009600,-73.10705400,2403.00000000,13.71575342,104.00000000,291.00000000,318.00000000,332.00000000,396.00000000,435.00000000,1.00000000,0.00000000,0.00000000,174.00000000,161.00000000,191.00000000
67430,Lannon Stone,WI,1,2.90000000,2.30000000,2021.00000000,25.00000000,180.00000000,43.10698400,-88.22733800,3743.00000000,18.57752631,44.00000000,290.00000000,334.00000000,367.00000000,422.00000000,400.00000000,433.00000000,393.00000000,410.00000000,384.00000000,146.00000000,120.00000000
67438,Oakland,ME,1,7.20000000,5.00000000,2022.00000000,25.00000000,180.00000000,44.57221000,-69.69170000,8999.00000000,20.54566210,309.00000000,709.00000000,704.00000000,918.00000000,938.00000000,970.00000000,1036.00000000,950.00000000,913.00000000,717.00000000,480.00000000,355.00000000
67449,Ryans Ranch,ME,1,6.50000000,5.00000000,2022.00000000,25.00000000,180.00000000,44.17979100,-70.51457900,2829.00000000,6.45890411,0.00000000,0.00000000,0.00000000,0.00000000,0.00000000,52.00000000,569.00000000,554.00000000,573.00000000,486.00000000,356.00000000,239.00000000
67453,Shaker,ME,1,6.30000000,5.00000000,2022.00000000,25.00000000,180.00000000,43.89492000,-70.34346000,6494.00000000,14.82648402,206.00000000,588.00000000,321.00000000,558.00000000,755.00000000,757.00000000,769.00000000,674.00000000,662.00000000,557.00000000,388.00000000,259.00000000
67456,700 Binnewater,NY,1,1.60000000,1.10000000,2022.00000000,30.00000000,180.00000000,41.84901200,-74.08993200,1572.00000000,16.31382316,27.00000000,121.00000000,152.00000000,149.00000000,198.00000000,199.00000000,180.00000000,157.00000000,160.00000000,144.00000000,57.00000000,28.00000000
67477,Pulpit Hill,MA,1,6.00000000,5.00000000,2019.00000000,20.00000000,177.00000000,42.41057100,-72.53116800,7211.00000000,16.46347032,147.00000000,600.00000000,669.00000000,639.00000000,779.00000000,733.00000000,869.00000000,729.00000000,696.00000000,597.00000000,456.00000000,297.00000000
67478,Sand Road,CT,1,3.00000000,2.00000000,2021.00000000,25.00000000,180.00000000,42.03220200,-73.33416400,3546.00000000,20.23972603,78.00000000,267.00000000,294.00000000,310.00000000,402.00000000,412.00000000,398.00000000,335.00000000,346.00000000,332.00000000,222.00000000,150.00000000
67505,Sturbridge Barn,MA,1,1.40000000,1.00000000,2018.00000000,25.00000000,180.00000000,42.17720000,-72.00456300,1699.00000000,19.39497717,41.00000000,109.00000000,150.00000000,154.00000000,184.00000000,199.00000000,186.00000000,172.00000000,161.00000000,159.00000000,118.00000000,66.00000000
67506,Bunce,CT,1,2.70000000,2.00000000,2022.00000000,25.00000000,180.00000000,42.02179500,-73.31690900,3315.00000000,18.92123288,85.00000000,256.00000000,249.00000000,289.00000000,374.00000000,378.00000000,390.00000000,326.00000000,313.00000000,308.00000000,201.00000000,146.00000000
67522,Searcy Water I,AR,1,1.40000000,1.00000000,2021.00000000,20.00000000,180.00000000,35.26589700,-91.71588900,834.00000000,9.52054795,90.00000000,103.00000000,0.00000000,0.00000000,0.00000000,0.00000000,0.00000000,102.00000000,148.00000000,187.00000000,118.00000000,86.00000000
67611,Glen Mary 1,NY,1,6.90000000,4.90000000,2021.00000000,25.00000000,180.00000000,42.10882900,-76.29720800,8201.00000000,19.10586152,221.00000000,614.00000000,607.00000000,721.00000000,942.00000000,939.00000000,1061.00000000,778.00000000,783.00000000,797.00000000,495.00000000,243.00000000
67612,Glen Mary 2,NY,1,3.10000000,2.20000000,2021.00000000,25.00000000,180.00000000,42.10605400,-76.29071700,3638.00000000,18.87712744,98.00000000,280.00000000,273.00000000,316.00000000,411.00000000,427.00000000,470.00000000,343.00000000,353.00000000,344.00000000,213.00000000,110.00000000
67791,ABIA Parking Structure,TX,1,2.30000000,1.80000000,2021.00000000,7.00000000,178.00000000,30.20470000,-97.66860000,3161.00000000,20.04693049,181.00000000,209.00000000,256.00000000,270.00000000,275.00000000,346.00000000,347.00000000,368.00000000,293.00000000,260.00000000,197.00000000,159.00000000
67801,FedEx Hagerstown,MD,1,2.70000000,1.80000000,2015.00000000,10.00000000,180.00000000,39.63850000,-77.79230000,2665.00000000,16.90131913,73.00000000,176.00000000,256.00000000,254.00000000,275.00000000,351.00000000,336.00000000,289.00000000,223.00000000,218.00000000,128.00000000,86.00000000
67815,Fond du Lac Community Solar,WI,1,1.20000000,1.00000000,2021.00000000,30.00000000,180.00000000,43.73400000,-88.47300000,2071.00000000,23.64155251,48.00000000,167.00000000,197.00000000,197.00000000,239.00000000,222.00000000,225.00000000,220.00000000,232.00000000,176.00000000,82.00000000,66.00000000
67821,TJX Tucson,AZ,1,1.40000000,1.00000000,2018.00000000,10.00000000,180.00000000,32.12500000,-110.91391900,2203.00000000,25.14840183,140.00000000,159.00000000,200.00000000,233.00000000,254.00000000,213.00000000,222.00000000,163.00000000,144.00000000,193.00000000,148.00000000,134.00000000
67824,TJX Phoenix,AZ,1,4.00000000,2.90000000,2018.00000000,10.00000000,180.00000000,33.41848100,-112.17806700,5024.00000000,19.77641316,303.00000000,359.00000000,443.00000000,509.00000000,550.00000000,496.00000000,463.00000000,444.00000000,428.00000000,380.00000000,350.00000000,299.00000000
67825,TJX Las Vegas,NV,1,1.40000000,1.00000000,2019.00000000,10.00000000,180.00000000,36.25100000,-115.08160000,2363.00000000,26.97488584,129.00000000,142.00000000,199.00000000,227.00000000,249.00000000,241.00000000,235.00000000,236.00000000,196.00000000,208.00000000,165.00000000,136.00000000
67830,Jericho Gravel Solar Farm,VT,1,2.30000000,2.00000000,2021.00000000,50.00000000,180.00000000,44.47900000,-72.96000000,2291.00000000,13.07648402,15.00000000,130.00000000,159.00000000,173.00000000,301.00000000,289.00000000,331.00000000,271.00000000,282.00000000,205.00000000,106.00000000,29.00000000
67831,Jericho Landfill Solar Farm,VT,1,2.30000000,2.00000000,2021.00000000,50.00000000,180.00000000,44.44846200,-72.97740500,1878.00000000,10.71917808,13.00000000,119.00000000,137.00000000,98.00000000,220.00000000,253.00000000,286.00000000,207.00000000,253.00000000,182.00000000,87.00000000,23.00000000
67853,Delta Electronics Fremont,CA,2,1.13000000,1.00000000,2020.00000000,5.00000000,180.00000000,37.48963000,-121.94900000,616.00000000,7.03196347,16.00000000,21.00000000,46.00000000,65.00000000,72.00000000,80.00000000,85.00000000,67.00000000,67.00000000,47.00000000,32.00000000,18.00000000
67920,"Augusta Road Bowdoin Solar, LLC",ME,1,5.60000000,3.80000000,2022.00000000,25.00000000,180.00000000,44.01216400,-69.94961300,5480.00000000,16.46238885,221.00000000,521.00000000,455.00000000,322.00000000,346.00000000,684.00000000,802.00000000,514.00000000,449.00000000,510.00000000,386.00000000,270.00000000
67922,"Church Hill Road Augusta Solar, LLC",ME,1,5.90000000,3.80000000,2022.00000000,25.00000000,180.00000000,44.37072400,-69.70384700,6001.00000000,18.02751742,88.00000000,468.00000000,461.00000000,624.00000000,652.00000000,754.00000000,595.00000000,693.00000000,703.00000000,489.00000000,285.00000000,189.00000000
67924,Plympton Lake Street Solar,MA,1,3.70000000,2.40000000,2022.00000000,20.00000000,180.00000000,41.99916400,-70.80021800,2147.00000000,10.21213851,0.00000000,0.00000000,188.00000000,273.00000000,265.00000000,476.00000000,362.00000000,298.00000000,102.00000000,0.00000000,69.00000000,114.00000000
67925,"Mariaville Road Elsworth Solar, LLC",ME,1,2.40000000,1.60000000,2022.00000000,30.00000000,357.00000000,44.58394500,-68.44963900,2521.00000000,17.98658676,82.00000000,194.00000000,203.00000000,295.00000000,277.00000000,275.00000000,293.00000000,293.00000000,276.00000000,124.00000000,127.00000000,82.00000000
67927,"Market Street Gardiner Solar, LLC",ME,1,4.90000000,3.30000000,2022.00000000,25.00000000,356.00000000,44.18231900,-69.81898200,6110.00000000,21.13601771,209.00000000,479.00000000,471.00000000,594.00000000,618.00000000,656.00000000,721.00000000,464.00000000,51.00000000,1227.00000000,354.00000000,266.00000000
67928,"North Nobleboro Road, LLC",ME,1,3.30000000,2.50000000,2021.00000000,25.00000000,353.00000000,44.13068200,-69.42924900,4106.00000000,18.74885845,103.00000000,314.00000000,308.00000000,420.00000000,431.00000000,459.00000000,498.00000000,446.00000000,424.00000000,347.00000000,212.00000000,144.00000000
67938,"Perkins Road Belfast Solar, LLC",ME,1,7.00000000,4.80000000,2021.00000000,25.00000000,359.00000000,44.40023900,-68.99241700,8502.00000000,20.21974886,256.00000000,678.00000000,574.00000000,882.00000000,956.00000000,917.00000000,988.00000000,909.00000000,861.00000000,727.00000000,441.00000000,313.00000000
67939,"Route 3 China Solar, LLC",ME,1,6.70000000,4.50000000,2022.00000000,25.00000000,3.00000000,44.40937000,-69.53127200,8053.00000000,20.42871639,234.00000000,630.00000000,608.00000000,810.00000000,835.00000000,878.00000000,963.00000000,889.00000000,837.00000000,675.00000000,411.00000000,283.00000000
67940,"Searsmont Road Lincolnville Solar, LLC",ME,1,5.90000000,4.00000000,2022.00000000,25.00000000,359.00000000,44.30376300,-69.11344300,4029.00000000,11.49828767,239.00000000,562.00000000,520.00000000,750.00000000,771.00000000,782.00000000,405.00000000,0.00000000,0.00000000,0.00000000,0.00000000,0.00000000
67943,"Sherburne Solar Holdings, LLC",MN,1,3.70000000,3.00000000,2021.00000000,0.00000000,0.00000000,45.54325000,-93.59361900,4231.00000000,16.09969559,114.00000000,243.00000000,452.00000000,378.00000000,494.00000000,414.00000000,486.00000000,400.00000000,639.00000000,391.00000000,127.00000000,93.00000000
67947,"Ward Solar 1, LLC",MA,1,2.80000000,2.00000000,2019.00000000,30.00000000,180.00000000,41.88779000,-70.74620000,3385.00000000,19.32077626,163.00000000,258.00000000,282.00000000,98.00000000,300.00000000,387.00000000,374.00000000,374.00000000,329.00000000,347.00000000,271.00000000,202.00000000
68016,Hollister Wastewater Facility,CA,1,1.20000000,1.00000000,2011.00000000,20.00000000,190.00000000,36.85719300,-121.44585800,1650.00000000,18.83561644,70.00000000,95.00000000,129.00000000,135.00000000,173.00000000,174.00000000,183.00000000,189.00000000,166.00000000,144.00000000,107.00000000,85.00000000
68260,GCC Trident Solar Project,MT,1,2.50000000,2.00000000,2022.00000000,30.00000000,180.00000000,45.93728000,-111.46373400,3687.00000000,21.04452055,116.00000000,195.00000000,350.00000000,312.00000000,390.00000000,539.00000000,511.00000000,427.00000000,463.00000000,225.00000000,157.00000000,2.00000000
68267,Government Plaza Solar,CA,1,1.20000000,1.10000000,2020.00000000,7.00000000,180.00000000,36.27800000,-119.31700000,1710.00000000,17.74595268,78.00000000,109.00000000,163.00000000,194.00000000,225.00000000,201.00000000,180.00000000,150.00000000,166.00000000,94.00000000,83.00000000,67.00000000
68268,Tulare Akers Professional Center,CA,1,1.10000000,1.00000000,2019.00000000,7.00000000,270.00000000,36.32200000,-119.35100000,1605.00000000,18.32191781,67.00000000,95.00000000,140.00000000,176.00000000,216.00000000,201.00000000,185.00000000,157.00000000,126.00000000,110.00000000,76.00000000,56.00000000
68270,Civic Center East,CA,1,1.90000000,1.50000000,2020.00000000,7.00000000,270.00000000,36.33000000,-119.31700000,2663.00000000,20.26636225,109.00000000,154.00000000,237.00000000,291.00000000,358.00000000,332.00000000,303.00000000,266.00000000,247.00000000,142.00000000,126.00000000,98.00000000
68279,NCS FCPA LLC,DC,1,1.20000000,1.10000000,2020.00000000,14.00000000,225.00000000,38.89146000,-76.94030000,1161.00000000,12.04856787,28.00000000,72.00000000,104.00000000,114.00000000,117.00000000,159.00000000,144.00000000,133.00000000,93.00000000,95.00000000,57.00000000,45.00000000
68280,NCS Paradise LLC,DC,1,1.80000000,1.30000000,2021.00000000,20.00000000,225.00000000,38.90639000,-76.95140000,1643.00000000,14.42746751,47.00000000,111.00000000,141.00000000,158.00000000,169.00000000,218.00000000,194.00000000,183.00000000,129.00000000,140.00000000,86.00000000,67.00000000
68327,CP East Hampton I & II Solar,CT,1,2.70000000,2.00000000,2021.00000000,20.00000000,180.00000000,41.40000000,-72.42000000,3317.00000000,18.93264840,97.00000000,241.00000000,287.00000000,309.00000000,369.00000000,280.00000000,351.00000000,351.00000000,316.00000000,320.00000000,240.00000000,156.00000000
68430,515 Main Saugus,MA,1,1.70000000,1.30000000,2017.00000000,10.00000000,180.00000000,42.48440100,-71.04513200,2029.00000000,17.81700035,46.00000000,146.00000000,169.00000000,201.00000000,234.00000000,255.00000000,231.00000000,218.00000000,190.00000000,161.00000000,115.00000000,63.00000000
68432,Aegean Drive Solar,MA,1,2.20000000,1.80000000,2021.00000000,5.00000000,180.00000000,42.73063700,-71.21227900,2625.00000000,16.64764079,55.00000000,167.00000000,222.00000000,261.00000000,311.00000000,324.00000000,327.00000000,282.00000000,251.00000000,201.00000000,134.00000000,90.00000000
68434,Downing Parkway Solar,MA,1,2.90000000,2.30000000,2015.00000000,20.00000000,180.00000000,42.45841800,-73.19636000,3384.00000000,16.79571173,82.00000000,266.00000000,257.00000000,248.00000000,422.00000000,375.00000000,422.00000000,351.00000000,355.00000000,302.00000000,201.00000000,103.00000000
68435,Millbury MA #1092,MA,1,1.40000000,1.00000000,2019.00000000,20.00000000,180.00000000,42.22092200,-71.73000000,1674.00000000,19.10958904,39.00000000,130.00000000,150.00000000,160.00000000,184.00000000,191.00000000,165.00000000,165.00000000,156.00000000,150.00000000,114.00000000,70.00000000
68437,Millis MA 1,MA,1,1.30000000,1.00000000,2018.00000000,7.00000000,180.00000000,42.16000000,-71.38000000,1557.00000000,17.77397260,28.00000000,106.00000000,137.00000000,156.00000000,178.00000000,198.00000000,181.00000000,174.00000000,149.00000000,135.00000000,77.00000000,38.00000000
68438,Rochester MA 2,MA,1,1.20000000,1.00000000,2018.00000000,20.00000000,180.00000000,41.72365800,-70.84046500,1533.00000000,17.50000000,54.00000000,93.00000000,125.00000000,147.00000000,161.00000000,189.00000000,165.00000000,168.00000000,138.00000000,137.00000000,96.00000000,60.00000000
68440,Sutter Santa Rosa Solar,CA,1,1.70000000,1.30000000,2019.00000000,5.00000000,180.00000000,38.49452500,-122.75198800,2315.00000000,20.32841588,84.00000000,116.00000000,185.00000000,248.00000000,301.00000000,296.00000000,281.00000000,253.00000000,209.00000000,155.00000000,102.00000000,85.00000000
68441,Wendell MA 1,MA,1,1.40000000,1.00000000,2018.00000000,20.00000000,180.00000000,42.56000000,-72.39901700,1443.00000000,16.47260274,26.00000000,105.00000000,123.00000000,139.00000000,172.00000000,177.00000000,167.00000000,145.00000000,142.00000000,124.00000000,81.00000000,42.00000000
68610,Whitfield Cooper,GA,1,1.40000000,1.10000000,2022.00000000,20.00000000,180.00000000,34.95282500,-84.94458700,1952.00000000,20.25736820,92.00000000,139.00000000,174.00000000,182.00000000,201.00000000,219.00000000,183.00000000,225.00000000,143.00000000,190.00000000,109.00000000,95.00000000
68651,New Marlborough,MA,1,6.50000000,5.00000000,2021.00000000,30.00000000,180.00000000,42.15208000,-73.27795000,7389.00000000,16.86986301,185.00000000,445.00000000,565.00000000,600.00000000,786.00000000,920.00000000,892.00000000,791.00000000,735.00000000,676.00000000,515.00000000,279.00000000
68652,Peru (MA),MA,1,4.40000000,3.30000000,2020.00000000,30.00000000,180.00000000,42.44527000,-73.05650000,5192.00000000,17.96042618,188.00000000,436.00000000,419.00000000,531.00000000,602.00000000,679.00000000,537.00000000,600.00000000,434.00000000,420.00000000,206.00000000,140.00000000
68655,Russell (MA),MA,1,4.00000000,3.00000000,2020.00000000,30.00000000,180.00000000,42.16539000,-72.85300000,4992.00000000,18.99543379,314.00000000,376.00000000,470.00000000,460.00000000,576.00000000,585.00000000,422.00000000,552.00000000,451.00000000,395.00000000,211.00000000,180.00000000
68656,Tolland,MA,1,6.70000000,5.00000000,2020.00000000,30.00000000,180.00000000,42.08722000,-73.01160000,8279.00000000,18.90182648,145.00000000,691.00000000,561.00000000,696.00000000,830.00000000,926.00000000,940.00000000,782.00000000,720.00000000,782.00000000,590.00000000,616.00000000
68657,Westhampton,MA,1,6.30000000,5.00000000,2020.00000000,30.00000000,180.00000000,42.33515000,-72.73866000,7419.00000000,16.93835616,225.00000000,159.00000000,523.00000000,743.00000000,748.00000000,930.00000000,955.00000000,711.00000000,907.00000000,648.00000000,582.00000000,288.00000000
68658,Westport (MA),MA,1,3.30000000,2.50000000,2020.00000000,30.00000000,180.00000000,41.54002000,-71.07402000,4049.00000000,18.48858447,187.00000000,273.00000000,311.00000000,390.00000000,326.00000000,515.00000000,413.00000000,398.00000000,361.00000000,370.00000000,299.00000000,206.00000000
68950,Marston Mills Solar,MA,1,5.50000000,5.00000000,2021.00000000,17.00000000,180.00000000,41.66333300,-70.39888900,5703.00000000,13.02054795,278.00000000,450.00000000,623.00000000,765.00000000,610.00000000,825.00000000,582.00000000,363.00000000,337.00000000,279.00000000,365.00000000,226.00000000
69002,Brattleboro (Windham Landfill),VT,1,5.70000000,5.00000000,2018.00000000,20.00000000,90.00000000,42.89335000,-72.54054000,6555.00000000,14.96575342,136.00000000,515.00000000,546.00000000,612.00000000,733.00000000,751.00000000,809.00000000,675.00000000,643.00000000,601.00000000,344.00000000,190.00000000
